[2025-08-19 17:10:14] [INFO] Starting auto-commit process for bc-express
[2025-08-19 17:10:14] [INFO] Changes detected, proceeding with auto-commit
[2025-08-19 17:10:14] [SUCCESS] Auto-commit successful: docs(week11): add new documentation

- Modified files: 0
- Added files: 82

Auto-committed by bc-express automation
[2025-08-19 17:10:14] [INFO] Auto-commit process completed
[2025-08-19 17:15:00] [INFO] Starting auto-commit process for bc-express
[2025-08-19 17:15:00] [INFO] Starting auto-commit process for bc-express
[0;34mℹ️  Starting auto-commit process for bc-express[0m
[2025-08-19 17:15:00] [INFO] No changes detected, skipping commit
[2025-08-19 17:15:00] [INFO] No changes detected, skipping commit
[0;34mℹ️  No changes detected, skipping commit[0m
[2025-08-19 17:15:00] [INFO] Auto-commit process completed
[2025-08-19 17:15:00] [INFO] Auto-commit process completed
[0;34mℹ️  Auto-commit process completed[0m
[2025-08-19 17:20:00] [INFO] Starting auto-commit process for bc-express
[2025-08-19 17:20:00] [INFO] Starting auto-commit process for bc-express
[0;34mℹ️  Starting auto-commit process for bc-express[0m
[2025-08-19 17:20:00] [INFO] Changes detected, proceeding with auto-commit
[2025-08-19 17:20:00] [INFO] Changes detected, proceeding with auto-commit
[0;34mℹ️  Changes detected, proceeding with auto-commit[0m
[main d0a65b6] chore(scripts): update automation scripts
 2 files changed, 31 insertions(+)
 create mode 100644 assets/logo-bootcamp-express.svg
[2025-08-19 17:20:00] [SUCCESS] Auto-commit successful: chore(scripts): update automation scripts

Auto-committed by bc-express automation
[2025-08-19 17:20:00] [SUCCESS] Auto-commit successful: chore(scripts): update automation scripts

Auto-committed by bc-express automation
[0;32m✅ Auto-commit successful: chore(scripts): update automation scripts

Auto-committed by bc-express automation[0m
[2025-08-19 17:20:00] [INFO] Auto-commit process completed
[2025-08-19 17:20:00] [INFO] Auto-commit process completed
[0;34mℹ️  Auto-commit process completed[0m
[2025-08-19 17:25:01] [INFO] Starting auto-commit process for bc-express
[2025-08-19 17:25:01] [INFO] Starting auto-commit process for bc-express
[0;34mℹ️  Starting auto-commit process for bc-express[0m
[2025-08-19 17:25:01] [INFO] Changes detected, proceeding with auto-commit
[2025-08-19 17:25:01] [INFO] Changes detected, proceeding with auto-commit
[0;34mℹ️  Changes detected, proceeding with auto-commit[0m
[main 1ebd65f] docs: update and add documentation
 15 files changed, 198 insertions(+)
 create mode 100644 assets/README.md
 create mode 100644 assets/banners/bootcamp-banner.png
 create mode 100644 assets/banners/bootcamp-banner.svg
 create mode 100644 assets/icons/docker-icon.png
 create mode 100644 assets/icons/docker-icon.svg
 create mode 100644 assets/icons/express-icon.png
 create mode 100644 assets/icons/express-icon.svg
 create mode 100644 assets/icons/nodejs-icon.png
 create mode 100644 assets/icons/nodejs-icon.svg
 create mode 100644 assets/icons/postgresql-icon.png
 create mode 100644 assets/icons/postgresql-icon.svg
 create mode 120000 assets/logo-bootcamp-express.png
 create mode 100644 assets/logos/logo-bootcamp-express.png
 rename assets/{ => logos}/logo-bootcamp-express.svg (100%)
[2025-08-19 17:25:01] [SUCCESS] Auto-commit successful: docs: update and add documentation

- Modified files: 1
- Added files: 13

Auto-committed by bc-express automation
[2025-08-19 17:25:01] [SUCCESS] Auto-commit successful: docs: update and add documentation

- Modified files: 1
- Added files: 13

Auto-committed by bc-express automation
[0;32m✅ Auto-commit successful: docs: update and add documentation

- Modified files: 1
- Added files: 13

Auto-committed by bc-express automation[0m
[2025-08-19 17:25:01] [INFO] Auto-commit process completed
[2025-08-19 17:25:01] [INFO] Auto-commit process completed
[0;34mℹ️  Auto-commit process completed[0m
[2025-08-19 17:30:00] [INFO] Starting auto-commit process for bc-express
[2025-08-19 17:30:00] [INFO] Starting auto-commit process for bc-express
[0;34mℹ️  Starting auto-commit process for bc-express[0m
[2025-08-19 17:30:00] [INFO] Changes detected, proceeding with auto-commit
[2025-08-19 17:30:00] [INFO] Changes detected, proceeding with auto-commit
[0;34mℹ️  Changes detected, proceeding with auto-commit[0m
[main 5ba9d1c] docs: update and add documentation
 25 files changed, 323 insertions(+)
 create mode 100644 assets/ASSETS_FINAL_REPORT.md
 create mode 100644 assets/ASSETS_SUMMARY.md
 create mode 100644 assets/icons/weeks/week-01.png
 create mode 100644 assets/icons/weeks/week-01.svg
 create mode 100644 assets/icons/weeks/week-02.png
 create mode 100644 assets/icons/weeks/week-02.svg
 create mode 100644 assets/icons/weeks/week-03.png
 create mode 100644 assets/icons/weeks/week-03.svg
 create mode 100644 assets/icons/weeks/week-04.png
 create mode 100644 assets/icons/weeks/week-04.svg
 create mode 100644 assets/icons/weeks/week-05.png
 create mode 100644 assets/icons/weeks/week-05.svg
 create mode 100644 assets/icons/weeks/week-06.png
 create mode 100644 assets/icons/weeks/week-06.svg
 create mode 100644 assets/icons/weeks/week-07.png
 create mode 100644 assets/icons/weeks/week-07.svg
 create mode 100644 assets/icons/weeks/week-08.png
 create mode 100644 assets/icons/weeks/week-08.svg
 create mode 100644 assets/icons/weeks/week-09.png
 create mode 100644 assets/icons/weeks/week-09.svg
 create mode 100644 assets/icons/weeks/week-10.png
 create mode 100644 assets/icons/weeks/week-10.svg
 create mode 100644 assets/icons/weeks/week-11.png
 create mode 100644 assets/icons/weeks/week-11.svg
[2025-08-19 17:30:00] [SUCCESS] Auto-commit successful: docs: update and add documentation

- Modified files: 1
- Added files: 24

Auto-committed by bc-express automation
[2025-08-19 17:30:00] [SUCCESS] Auto-commit successful: docs: update and add documentation

- Modified files: 1
- Added files: 24

Auto-committed by bc-express automation
[0;32m✅ Auto-commit successful: docs: update and add documentation

- Modified files: 1
- Added files: 24

Auto-committed by bc-express automation[0m
[2025-08-19 17:30:00] [INFO] Auto-commit process completed
[2025-08-19 17:30:00] [INFO] Auto-commit process completed
[0;34mℹ️  Auto-commit process completed[0m
[2025-08-19 17:35:00] [INFO] Starting auto-commit process for bc-express
[2025-08-19 17:35:00] [INFO] Starting auto-commit process for bc-express
[0;34mℹ️  Starting auto-commit process for bc-express[0m
[2025-08-19 17:35:00] [INFO] No changes detected, skipping commit
[2025-08-19 17:35:00] [INFO] No changes detected, skipping commit
[0;34mℹ️  No changes detected, skipping commit[0m
[2025-08-19 17:35:00] [INFO] Auto-commit process completed
[2025-08-19 17:35:00] [INFO] Auto-commit process completed
[0;34mℹ️  Auto-commit process completed[0m
[2025-08-19 17:40:00] [INFO] Starting auto-commit process for bc-express
[2025-08-19 17:40:00] [INFO] Starting auto-commit process for bc-express
[0;34mℹ️  Starting auto-commit process for bc-express[0m
[2025-08-19 17:40:00] [INFO] No changes detected, skipping commit
[2025-08-19 17:40:00] [INFO] No changes detected, skipping commit
[0;34mℹ️  No changes detected, skipping commit[0m
[2025-08-19 17:40:00] [INFO] Auto-commit process completed
[2025-08-19 17:40:00] [INFO] Auto-commit process completed
[0;34mℹ️  Auto-commit process completed[0m
[2025-08-19 18:25:00] [INFO] Starting auto-commit process for bc-express
[2025-08-19 18:25:00] [INFO] Starting auto-commit process for bc-express
[0;34mℹ️  Starting auto-commit process for bc-express[0m
[2025-08-19 18:25:00] [INFO] No changes detected, skipping commit
[2025-08-19 18:25:00] [INFO] No changes detected, skipping commit
[0;34mℹ️  No changes detected, skipping commit[0m
[2025-08-19 18:25:00] [INFO] Auto-commit process completed
[2025-08-19 18:25:00] [INFO] Auto-commit process completed
[0;34mℹ️  Auto-commit process completed[0m
[2025-08-19 18:30:00] [INFO] Starting auto-commit process for bc-express
[2025-08-19 18:30:00] [INFO] Starting auto-commit process for bc-express
[0;34mℹ️  Starting auto-commit process for bc-express[0m
[2025-08-19 18:30:00] [INFO] No changes detected, skipping commit
[2025-08-19 18:30:00] [INFO] No changes detected, skipping commit
[0;34mℹ️  No changes detected, skipping commit[0m
[2025-08-19 18:30:00] [INFO] Auto-commit process completed
[2025-08-19 18:30:00] [INFO] Auto-commit process completed
[0;34mℹ️  Auto-commit process completed[0m
[2025-08-19 18:35:00] [INFO] Starting auto-commit process for bc-express
[2025-08-19 18:35:00] [INFO] Starting auto-commit process for bc-express
[0;34mℹ️  Starting auto-commit process for bc-express[0m
[2025-08-19 18:35:00] [INFO] No changes detected, skipping commit
[2025-08-19 18:35:00] [INFO] No changes detected, skipping commit
[0;34mℹ️  No changes detected, skipping commit[0m
[2025-08-19 18:35:00] [INFO] Auto-commit process completed
[2025-08-19 18:35:00] [INFO] Auto-commit process completed
[0;34mℹ️  Auto-commit process completed[0m
[2025-08-19 18:40:01] [INFO] Starting auto-commit process for bc-express
[2025-08-19 18:40:01] [INFO] Starting auto-commit process for bc-express
[0;34mℹ️  Starting auto-commit process for bc-express[0m
[2025-08-19 18:40:01] [INFO] No changes detected, skipping commit
[2025-08-19 18:40:01] [INFO] No changes detected, skipping commit
[0;34mℹ️  No changes detected, skipping commit[0m
[2025-08-19 18:40:01] [INFO] Auto-commit process completed
[2025-08-19 18:40:01] [INFO] Auto-commit process completed
[0;34mℹ️  Auto-commit process completed[0m
[2025-08-19 18:45:00] [INFO] Starting auto-commit process for bc-express
[2025-08-19 18:45:00] [INFO] Starting auto-commit process for bc-express
[0;34mℹ️  Starting auto-commit process for bc-express[0m
[2025-08-19 18:45:00] [INFO] No changes detected, skipping commit
[2025-08-19 18:45:00] [INFO] No changes detected, skipping commit
[0;34mℹ️  No changes detected, skipping commit[0m
[2025-08-19 18:45:00] [INFO] Auto-commit process completed
[2025-08-19 18:45:00] [INFO] Auto-commit process completed
[0;34mℹ️  Auto-commit process completed[0m
[2025-08-19 18:50:00] [INFO] Starting auto-commit process for bc-express
[2025-08-19 18:50:00] [INFO] Starting auto-commit process for bc-express
[0;34mℹ️  Starting auto-commit process for bc-express[0m
[2025-08-19 18:50:00] [INFO] No changes detected, skipping commit
[2025-08-19 18:50:00] [INFO] No changes detected, skipping commit
[0;34mℹ️  No changes detected, skipping commit[0m
[2025-08-19 18:50:00] [INFO] Auto-commit process completed
[2025-08-19 18:50:00] [INFO] Auto-commit process completed
[0;34mℹ️  Auto-commit process completed[0m
[2025-08-19 18:55:00] [INFO] Starting auto-commit process for bc-express
[2025-08-19 18:55:00] [INFO] Starting auto-commit process for bc-express
[0;34mℹ️  Starting auto-commit process for bc-express[0m
[2025-08-19 18:55:00] [INFO] No changes detected, skipping commit
[2025-08-19 18:55:00] [INFO] No changes detected, skipping commit
[0;34mℹ️  No changes detected, skipping commit[0m
[2025-08-19 18:55:00] [INFO] Auto-commit process completed
[2025-08-19 18:55:00] [INFO] Auto-commit process completed
[0;34mℹ️  Auto-commit process completed[0m
[2025-08-19 19:00:00] [INFO] Starting auto-commit process for bc-express
[2025-08-19 19:00:00] [INFO] Starting auto-commit process for bc-express
[0;34mℹ️  Starting auto-commit process for bc-express[0m
[2025-08-19 19:00:00] [INFO] No changes detected, skipping commit
[2025-08-19 19:00:00] [INFO] No changes detected, skipping commit
[0;34mℹ️  No changes detected, skipping commit[0m
[2025-08-19 19:00:00] [INFO] Auto-commit process completed
[2025-08-19 19:00:00] [INFO] Auto-commit process completed
[0;34mℹ️  Auto-commit process completed[0m
[2025-08-19 19:05:00] [INFO] Starting auto-commit process for bc-express
[2025-08-19 19:05:00] [INFO] Starting auto-commit process for bc-express
[0;34mℹ️  Starting auto-commit process for bc-express[0m
[2025-08-19 19:05:00] [INFO] No changes detected, skipping commit
[2025-08-19 19:05:00] [INFO] No changes detected, skipping commit
[0;34mℹ️  No changes detected, skipping commit[0m
[2025-08-19 19:05:00] [INFO] Auto-commit process completed
[2025-08-19 19:05:00] [INFO] Auto-commit process completed
[0;34mℹ️  Auto-commit process completed[0m
[2025-08-19 19:10:01] [INFO] Starting auto-commit process for bc-express
[2025-08-19 19:10:01] [INFO] Starting auto-commit process for bc-express
[0;34mℹ️  Starting auto-commit process for bc-express[0m
[2025-08-19 19:10:01] [INFO] No changes detected, skipping commit
[2025-08-19 19:10:01] [INFO] No changes detected, skipping commit
[0;34mℹ️  No changes detected, skipping commit[0m
[2025-08-19 19:10:01] [INFO] Auto-commit process completed
[2025-08-19 19:10:01] [INFO] Auto-commit process completed
[0;34mℹ️  Auto-commit process completed[0m
[2025-08-19 19:15:01] [INFO] Starting auto-commit process for bc-express
[2025-08-19 19:15:01] [INFO] Starting auto-commit process for bc-express
[0;34mℹ️  Starting auto-commit process for bc-express[0m
[2025-08-19 19:15:01] [INFO] No changes detected, skipping commit
[2025-08-19 19:15:01] [INFO] No changes detected, skipping commit
[0;34mℹ️  No changes detected, skipping commit[0m
[2025-08-19 19:15:01] [INFO] Auto-commit process completed
[2025-08-19 19:15:01] [INFO] Auto-commit process completed
[0;34mℹ️  Auto-commit process completed[0m
[2025-08-19 19:20:00] [INFO] Starting auto-commit process for bc-express
[2025-08-19 19:20:00] [INFO] Starting auto-commit process for bc-express
[0;34mℹ️  Starting auto-commit process for bc-express[0m
[2025-08-19 19:20:00] [INFO] No changes detected, skipping commit
[2025-08-19 19:20:00] [INFO] No changes detected, skipping commit
[0;34mℹ️  No changes detected, skipping commit[0m
[2025-08-19 19:20:00] [INFO] Auto-commit process completed
[2025-08-19 19:20:00] [INFO] Auto-commit process completed
[0;34mℹ️  Auto-commit process completed[0m
[2025-08-19 19:30:00] [INFO] Starting auto-commit process for bc-express
[2025-08-19 19:30:00] [INFO] Starting auto-commit process for bc-express
[0;34mℹ️  Starting auto-commit process for bc-express[0m
[2025-08-19 19:30:01] [INFO] No changes detected, skipping commit
[2025-08-19 19:30:01] [INFO] No changes detected, skipping commit
[0;34mℹ️  No changes detected, skipping commit[0m
[2025-08-19 19:30:01] [INFO] Auto-commit process completed
[2025-08-19 19:30:01] [INFO] Auto-commit process completed
[0;34mℹ️  Auto-commit process completed[0m
[2025-08-19 19:35:00] [INFO] Starting auto-commit process for bc-express
[2025-08-19 19:35:00] [INFO] Starting auto-commit process for bc-express
[0;34mℹ️  Starting auto-commit process for bc-express[0m
[2025-08-19 19:35:00] [INFO] No changes detected, skipping commit
[2025-08-19 19:35:00] [INFO] No changes detected, skipping commit
[0;34mℹ️  No changes detected, skipping commit[0m
[2025-08-19 19:35:00] [INFO] Auto-commit process completed
[2025-08-19 19:35:00] [INFO] Auto-commit process completed
[0;34mℹ️  Auto-commit process completed[0m
[2025-08-19 19:40:00] [INFO] Starting auto-commit process for bc-express
[2025-08-19 19:40:00] [INFO] Starting auto-commit process for bc-express
[0;34mℹ️  Starting auto-commit process for bc-express[0m
[2025-08-19 19:40:00] [INFO] No changes detected, skipping commit
[2025-08-19 19:40:00] [INFO] No changes detected, skipping commit
[0;34mℹ️  No changes detected, skipping commit[0m
[2025-08-19 19:40:00] [INFO] Auto-commit process completed
[2025-08-19 19:40:00] [INFO] Auto-commit process completed
[0;34mℹ️  Auto-commit process completed[0m
[2025-08-19 19:45:00] [INFO] Starting auto-commit process for bc-express
[2025-08-19 19:45:00] [INFO] Starting auto-commit process for bc-express
[0;34mℹ️  Starting auto-commit process for bc-express[0m
[2025-08-19 19:45:00] [INFO] No changes detected, skipping commit
[2025-08-19 19:45:00] [INFO] No changes detected, skipping commit
[0;34mℹ️  No changes detected, skipping commit[0m
[2025-08-19 19:45:00] [INFO] Auto-commit process completed
[2025-08-19 19:45:00] [INFO] Auto-commit process completed
[0;34mℹ️  Auto-commit process completed[0m
[2025-08-19 19:50:01] [INFO] Starting auto-commit process for bc-express
[2025-08-19 19:50:01] [INFO] Starting auto-commit process for bc-express
[0;34mℹ️  Starting auto-commit process for bc-express[0m
[2025-08-19 19:50:01] [INFO] No changes detected, skipping commit
[2025-08-19 19:50:01] [INFO] No changes detected, skipping commit
[0;34mℹ️  No changes detected, skipping commit[0m
[2025-08-19 19:50:01] [INFO] Auto-commit process completed
[2025-08-19 19:50:01] [INFO] Auto-commit process completed
[0;34mℹ️  Auto-commit process completed[0m
[2025-08-19 19:55:00] [INFO] Starting auto-commit process for bc-express
[2025-08-19 19:55:00] [INFO] Starting auto-commit process for bc-express
[0;34mℹ️  Starting auto-commit process for bc-express[0m
[2025-08-19 19:55:00] [INFO] No changes detected, skipping commit
[2025-08-19 19:55:00] [INFO] No changes detected, skipping commit
[0;34mℹ️  No changes detected, skipping commit[0m
[2025-08-19 19:55:00] [INFO] Auto-commit process completed
[2025-08-19 19:55:00] [INFO] Auto-commit process completed
[0;34mℹ️  Auto-commit process completed[0m
[2025-08-19 20:00:00] [INFO] Starting auto-commit process for bc-express
[2025-08-19 20:00:00] [INFO] Starting auto-commit process for bc-express
[0;34mℹ️  Starting auto-commit process for bc-express[0m
[2025-08-19 20:00:00] [INFO] No changes detected, skipping commit
[2025-08-19 20:00:00] [INFO] No changes detected, skipping commit
[0;34mℹ️  No changes detected, skipping commit[0m
[2025-08-19 20:00:00] [INFO] Auto-commit process completed
[2025-08-19 20:00:00] [INFO] Auto-commit process completed
[0;34mℹ️  Auto-commit process completed[0m
[2025-08-19 20:05:00] [INFO] Starting auto-commit process for bc-express
[2025-08-19 20:05:00] [INFO] Starting auto-commit process for bc-express
[0;34mℹ️  Starting auto-commit process for bc-express[0m
[2025-08-19 20:05:00] [INFO] No changes detected, skipping commit
[2025-08-19 20:05:00] [INFO] No changes detected, skipping commit
[0;34mℹ️  No changes detected, skipping commit[0m
[2025-08-19 20:05:00] [INFO] Auto-commit process completed
[2025-08-19 20:05:00] [INFO] Auto-commit process completed
[0;34mℹ️  Auto-commit process completed[0m
[2025-08-19 20:10:00] [INFO] Starting auto-commit process for bc-express
[2025-08-19 20:10:00] [INFO] Starting auto-commit process for bc-express
[0;34mℹ️  Starting auto-commit process for bc-express[0m
[2025-08-19 20:10:00] [INFO] Changes detected, proceeding with auto-commit
[2025-08-19 20:10:00] [INFO] Changes detected, proceeding with auto-commit
[0;34mℹ️  Changes detected, proceeding with auto-commit[0m
[main 3b050dc] chore(scripts): update automation scripts
 2 files changed, 204 insertions(+)
 create mode 100644 assets/logo-bootcamp-express.svg
[2025-08-19 20:10:00] [SUCCESS] Auto-commit successful: chore(scripts): update automation scripts

Auto-committed by bc-express automation
[2025-08-19 20:10:00] [SUCCESS] Auto-commit successful: chore(scripts): update automation scripts

Auto-committed by bc-express automation
[0;32m✅ Auto-commit successful: chore(scripts): update automation scripts

Auto-committed by bc-express automation[0m
[2025-08-19 20:10:00] [INFO] Auto-commit process completed
[2025-08-19 20:10:00] [INFO] Auto-commit process completed
[0;34mℹ️  Auto-commit process completed[0m
[2025-08-19 20:15:01] [INFO] Starting auto-commit process for bc-express
[2025-08-19 20:15:01] [INFO] Starting auto-commit process for bc-express
[0;34mℹ️  Starting auto-commit process for bc-express[0m
[2025-08-19 20:15:01] [INFO] No changes detected, skipping commit
[2025-08-19 20:15:01] [INFO] No changes detected, skipping commit
[0;34mℹ️  No changes detected, skipping commit[0m
[2025-08-19 20:15:01] [INFO] Auto-commit process completed
[2025-08-19 20:15:01] [INFO] Auto-commit process completed
[0;34mℹ️  Auto-commit process completed[0m
[2025-08-19 20:20:00] [INFO] Starting auto-commit process for bc-express
[2025-08-19 20:20:00] [INFO] Starting auto-commit process for bc-express
[0;34mℹ️  Starting auto-commit process for bc-express[0m
[2025-08-19 20:20:00] [INFO] No changes detected, skipping commit
[2025-08-19 20:20:00] [INFO] No changes detected, skipping commit
[0;34mℹ️  No changes detected, skipping commit[0m
[2025-08-19 20:20:00] [INFO] Auto-commit process completed
[2025-08-19 20:20:00] [INFO] Auto-commit process completed
[0;34mℹ️  Auto-commit process completed[0m
[2025-08-19 20:25:00] [INFO] Starting auto-commit process for bc-express
[2025-08-19 20:25:00] [INFO] Starting auto-commit process for bc-express
[0;34mℹ️  Starting auto-commit process for bc-express[0m
[2025-08-19 20:25:00] [INFO] No changes detected, skipping commit
[2025-08-19 20:25:00] [INFO] No changes detected, skipping commit
[0;34mℹ️  No changes detected, skipping commit[0m
[2025-08-19 20:25:00] [INFO] Auto-commit process completed
[2025-08-19 20:25:00] [INFO] Auto-commit process completed
[0;34mℹ️  Auto-commit process completed[0m
[2025-08-19 20:30:00] [INFO] Starting auto-commit process for bc-express
[2025-08-19 20:30:00] [INFO] Starting auto-commit process for bc-express
[0;34mℹ️  Starting auto-commit process for bc-express[0m
[2025-08-19 20:30:00] [INFO] No changes detected, skipping commit
[2025-08-19 20:30:00] [INFO] No changes detected, skipping commit
[0;34mℹ️  No changes detected, skipping commit[0m
[2025-08-19 20:30:00] [INFO] Auto-commit process completed
[2025-08-19 20:30:00] [INFO] Auto-commit process completed
[0;34mℹ️  Auto-commit process completed[0m
[2025-08-19 20:35:01] [INFO] Starting auto-commit process for bc-express
[2025-08-19 20:35:01] [INFO] Starting auto-commit process for bc-express
[0;34mℹ️  Starting auto-commit process for bc-express[0m
[2025-08-19 20:35:01] [INFO] No changes detected, skipping commit
[2025-08-19 20:35:01] [INFO] No changes detected, skipping commit
[0;34mℹ️  No changes detected, skipping commit[0m
[2025-08-19 20:35:01] [INFO] Auto-commit process completed
[2025-08-19 20:35:01] [INFO] Auto-commit process completed
[0;34mℹ️  Auto-commit process completed[0m
[2025-08-19 20:40:00] [INFO] Starting auto-commit process for bc-express
[2025-08-19 20:40:00] [INFO] Starting auto-commit process for bc-express
[0;34mℹ️  Starting auto-commit process for bc-express[0m
[2025-08-19 20:40:00] [INFO] No changes detected, skipping commit
[2025-08-19 20:40:00] [INFO] No changes detected, skipping commit
[0;34mℹ️  No changes detected, skipping commit[0m
[2025-08-19 20:40:00] [INFO] Auto-commit process completed
[2025-08-19 20:40:00] [INFO] Auto-commit process completed
[0;34mℹ️  Auto-commit process completed[0m
[2025-08-19 20:45:00] [INFO] Starting auto-commit process for bc-express
[2025-08-19 20:45:00] [INFO] Starting auto-commit process for bc-express
[0;34mℹ️  Starting auto-commit process for bc-express[0m
[2025-08-19 20:45:00] [INFO] No changes detected, skipping commit
[2025-08-19 20:45:00] [INFO] No changes detected, skipping commit
[0;34mℹ️  No changes detected, skipping commit[0m
[2025-08-19 20:45:00] [INFO] Auto-commit process completed
[2025-08-19 20:45:00] [INFO] Auto-commit process completed
[0;34mℹ️  Auto-commit process completed[0m
[2025-08-19 20:50:00] [INFO] Starting auto-commit process for bc-express
[2025-08-19 20:50:00] [INFO] Starting auto-commit process for bc-express
[0;34mℹ️  Starting auto-commit process for bc-express[0m
[2025-08-19 20:50:00] [INFO] No changes detected, skipping commit
[2025-08-19 20:50:00] [INFO] No changes detected, skipping commit
[0;34mℹ️  No changes detected, skipping commit[0m
[2025-08-19 20:50:00] [INFO] Auto-commit process completed
[2025-08-19 20:50:00] [INFO] Auto-commit process completed
[0;34mℹ️  Auto-commit process completed[0m
[2025-08-19 20:55:00] [INFO] Starting auto-commit process for bc-express
[2025-08-19 20:55:00] [INFO] Starting auto-commit process for bc-express
[0;34mℹ️  Starting auto-commit process for bc-express[0m
[2025-08-19 20:55:00] [INFO] No changes detected, skipping commit
[2025-08-19 20:55:00] [INFO] No changes detected, skipping commit
[0;34mℹ️  No changes detected, skipping commit[0m
[2025-08-19 20:55:00] [INFO] Auto-commit process completed
[2025-08-19 20:55:00] [INFO] Auto-commit process completed
[0;34mℹ️  Auto-commit process completed[0m
[2025-08-19 21:00:01] [INFO] Starting auto-commit process for bc-express
[2025-08-19 21:00:01] [INFO] Starting auto-commit process for bc-express
[0;34mℹ️  Starting auto-commit process for bc-express[0m
[2025-08-19 21:00:01] [INFO] No changes detected, skipping commit
[2025-08-19 21:00:01] [INFO] No changes detected, skipping commit
[0;34mℹ️  No changes detected, skipping commit[0m
[2025-08-19 21:00:01] [INFO] Auto-commit process completed
[2025-08-19 21:00:01] [INFO] Auto-commit process completed
[0;34mℹ️  Auto-commit process completed[0m
[2025-08-19 21:05:00] [INFO] Starting auto-commit process for bc-express
[2025-08-19 21:05:00] [INFO] Starting auto-commit process for bc-express
[0;34mℹ️  Starting auto-commit process for bc-express[0m
[2025-08-19 21:05:00] [INFO] No changes detected, skipping commit
[2025-08-19 21:05:00] [INFO] No changes detected, skipping commit
[0;34mℹ️  No changes detected, skipping commit[0m
[2025-08-19 21:05:00] [INFO] Auto-commit process completed
[2025-08-19 21:05:00] [INFO] Auto-commit process completed
[0;34mℹ️  Auto-commit process completed[0m
[2025-08-19 21:10:00] [INFO] Starting auto-commit process for bc-express
[2025-08-19 21:10:00] [INFO] Starting auto-commit process for bc-express
[0;34mℹ️  Starting auto-commit process for bc-express[0m
[2025-08-19 21:10:00] [INFO] No changes detected, skipping commit
[2025-08-19 21:10:00] [INFO] No changes detected, skipping commit
[0;34mℹ️  No changes detected, skipping commit[0m
[2025-08-19 21:10:00] [INFO] Auto-commit process completed
[2025-08-19 21:10:00] [INFO] Auto-commit process completed
[0;34mℹ️  Auto-commit process completed[0m
[2025-08-19 21:15:00] [INFO] Starting auto-commit process for bc-express
[2025-08-19 21:15:00] [INFO] Starting auto-commit process for bc-express
[0;34mℹ️  Starting auto-commit process for bc-express[0m
[2025-08-19 21:15:00] [INFO] No changes detected, skipping commit
[2025-08-19 21:15:00] [INFO] No changes detected, skipping commit
[0;34mℹ️  No changes detected, skipping commit[0m
[2025-08-19 21:15:00] [INFO] Auto-commit process completed
[2025-08-19 21:15:00] [INFO] Auto-commit process completed
[0;34mℹ️  Auto-commit process completed[0m
[2025-08-19 21:20:00] [INFO] Starting auto-commit process for bc-express
[2025-08-19 21:20:00] [INFO] Starting auto-commit process for bc-express
[0;34mℹ️  Starting auto-commit process for bc-express[0m
[2025-08-19 21:20:00] [INFO] No changes detected, skipping commit
[2025-08-19 21:20:00] [INFO] No changes detected, skipping commit
[0;34mℹ️  No changes detected, skipping commit[0m
[2025-08-19 21:20:00] [INFO] Auto-commit process completed
[2025-08-19 21:20:00] [INFO] Auto-commit process completed
[0;34mℹ️  Auto-commit process completed[0m
[2025-08-19 21:25:01] [INFO] Starting auto-commit process for bc-express
[2025-08-19 21:25:01] [INFO] Starting auto-commit process for bc-express
[0;34mℹ️  Starting auto-commit process for bc-express[0m
[2025-08-19 21:25:01] [INFO] No changes detected, skipping commit
[2025-08-19 21:25:01] [INFO] No changes detected, skipping commit
[0;34mℹ️  No changes detected, skipping commit[0m
[2025-08-19 21:25:01] [INFO] Auto-commit process completed
[2025-08-19 21:25:01] [INFO] Auto-commit process completed
[0;34mℹ️  Auto-commit process completed[0m
[2025-08-19 21:30:00] [INFO] Starting auto-commit process for bc-express
[2025-08-19 21:30:00] [INFO] Starting auto-commit process for bc-express
[0;34mℹ️  Starting auto-commit process for bc-express[0m
[2025-08-19 21:30:00] [INFO] No changes detected, skipping commit
[2025-08-19 21:30:00] [INFO] No changes detected, skipping commit
[0;34mℹ️  No changes detected, skipping commit[0m
[2025-08-19 21:30:00] [INFO] Auto-commit process completed
[2025-08-19 21:30:00] [INFO] Auto-commit process completed
[0;34mℹ️  Auto-commit process completed[0m
[2025-08-19 21:35:00] [INFO] Starting auto-commit process for bc-express
[2025-08-19 21:35:00] [INFO] Starting auto-commit process for bc-express
[0;34mℹ️  Starting auto-commit process for bc-express[0m
[2025-08-19 21:35:00] [INFO] No changes detected, skipping commit
[2025-08-19 21:35:00] [INFO] No changes detected, skipping commit
[0;34mℹ️  No changes detected, skipping commit[0m
[2025-08-19 21:35:00] [INFO] Auto-commit process completed
[2025-08-19 21:35:00] [INFO] Auto-commit process completed
[0;34mℹ️  Auto-commit process completed[0m
[2025-08-19 21:40:00] [INFO] Starting auto-commit process for bc-express
[2025-08-19 21:40:00] [INFO] Starting auto-commit process for bc-express
[0;34mℹ️  Starting auto-commit process for bc-express[0m
[2025-08-19 21:40:00] [INFO] No changes detected, skipping commit
[2025-08-19 21:40:00] [INFO] No changes detected, skipping commit
[0;34mℹ️  No changes detected, skipping commit[0m
[2025-08-19 21:40:00] [INFO] Auto-commit process completed
[2025-08-19 21:40:00] [INFO] Auto-commit process completed
[0;34mℹ️  Auto-commit process completed[0m
[2025-08-19 21:45:00] [INFO] Starting auto-commit process for bc-express
[2025-08-19 21:45:00] [INFO] Starting auto-commit process for bc-express
[0;34mℹ️  Starting auto-commit process for bc-express[0m
[2025-08-19 21:45:00] [INFO] No changes detected, skipping commit
[2025-08-19 21:45:00] [INFO] No changes detected, skipping commit
[0;34mℹ️  No changes detected, skipping commit[0m
[2025-08-19 21:45:00] [INFO] Auto-commit process completed
[2025-08-19 21:45:00] [INFO] Auto-commit process completed
[0;34mℹ️  Auto-commit process completed[0m
[2025-08-20 12:15:00] [INFO] Starting auto-commit process for bc-express
[2025-08-20 12:15:00] [INFO] Starting auto-commit process for bc-express
[0;34mℹ️  Starting auto-commit process for bc-express[0m
[2025-08-20 12:15:00] [INFO] No changes detected, skipping commit
[2025-08-20 12:15:00] [INFO] No changes detected, skipping commit
[0;34mℹ️  No changes detected, skipping commit[0m
[2025-08-20 12:15:00] [INFO] Auto-commit process completed
[2025-08-20 12:15:00] [INFO] Auto-commit process completed
[0;34mℹ️  Auto-commit process completed[0m
[2025-08-20 12:20:01] [INFO] Starting auto-commit process for bc-express
[2025-08-20 12:20:01] [INFO] Starting auto-commit process for bc-express
[0;34mℹ️  Starting auto-commit process for bc-express[0m
[2025-08-20 12:20:01] [INFO] No changes detected, skipping commit
[2025-08-20 12:20:01] [INFO] No changes detected, skipping commit
[0;34mℹ️  No changes detected, skipping commit[0m
[2025-08-20 12:20:01] [INFO] Auto-commit process completed
[2025-08-20 12:20:01] [INFO] Auto-commit process completed
[0;34mℹ️  Auto-commit process completed[0m
[2025-08-20 12:25:00] [INFO] Starting auto-commit process for bc-express
[2025-08-20 12:25:00] [INFO] Starting auto-commit process for bc-express
[0;34mℹ️  Starting auto-commit process for bc-express[0m
[2025-08-20 12:25:00] [INFO] No changes detected, skipping commit
[2025-08-20 12:25:00] [INFO] No changes detected, skipping commit
[0;34mℹ️  No changes detected, skipping commit[0m
[2025-08-20 12:25:00] [INFO] Auto-commit process completed
[2025-08-20 12:25:00] [INFO] Auto-commit process completed
[0;34mℹ️  Auto-commit process completed[0m
[2025-08-20 15:15:00] [INFO] Starting auto-commit process for bc-express
[2025-08-20 15:15:00] [INFO] Starting auto-commit process for bc-express
[0;34mℹ️  Starting auto-commit process for bc-express[0m
[2025-08-20 15:15:01] [INFO] No changes detected, skipping commit
[2025-08-20 15:15:01] [INFO] No changes detected, skipping commit
[0;34mℹ️  No changes detected, skipping commit[0m
[2025-08-20 15:15:01] [INFO] Auto-commit process completed
[2025-08-20 15:15:01] [INFO] Auto-commit process completed
[0;34mℹ️  Auto-commit process completed[0m
[2025-08-20 15:20:00] [INFO] Starting auto-commit process for bc-express
[2025-08-20 15:20:00] [INFO] Starting auto-commit process for bc-express
[0;34mℹ️  Starting auto-commit process for bc-express[0m
[2025-08-20 15:20:00] [INFO] No changes detected, skipping commit
[2025-08-20 15:20:00] [INFO] No changes detected, skipping commit
[0;34mℹ️  No changes detected, skipping commit[0m
[2025-08-20 15:20:00] [INFO] Auto-commit process completed
[2025-08-20 15:20:00] [INFO] Auto-commit process completed
[0;34mℹ️  Auto-commit process completed[0m
[2025-08-20 15:25:01] [INFO] Starting auto-commit process for bc-express
[2025-08-20 15:25:01] [INFO] Starting auto-commit process for bc-express
[0;34mℹ️  Starting auto-commit process for bc-express[0m
[2025-08-20 15:25:01] [INFO] No changes detected, skipping commit
[2025-08-20 15:25:01] [INFO] No changes detected, skipping commit
[0;34mℹ️  No changes detected, skipping commit[0m
[2025-08-20 15:25:01] [INFO] Auto-commit process completed
[2025-08-20 15:25:01] [INFO] Auto-commit process completed
[0;34mℹ️  Auto-commit process completed[0m
[2025-08-20 15:30:00] [INFO] Starting auto-commit process for bc-express
[2025-08-20 15:30:00] [INFO] Starting auto-commit process for bc-express
[0;34mℹ️  Starting auto-commit process for bc-express[0m
[2025-08-20 15:30:00] [INFO] No changes detected, skipping commit
[2025-08-20 15:30:00] [INFO] No changes detected, skipping commit
[0;34mℹ️  No changes detected, skipping commit[0m
[2025-08-20 15:30:00] [INFO] Auto-commit process completed
[2025-08-20 15:30:00] [INFO] Auto-commit process completed
[0;34mℹ️  Auto-commit process completed[0m
[2025-08-20 15:35:00] [INFO] Starting auto-commit process for bc-express
[2025-08-20 15:35:00] [INFO] Starting auto-commit process for bc-express
[0;34mℹ️  Starting auto-commit process for bc-express[0m
[2025-08-20 15:35:00] [INFO] No changes detected, skipping commit
[2025-08-20 15:35:00] [INFO] No changes detected, skipping commit
[0;34mℹ️  No changes detected, skipping commit[0m
[2025-08-20 15:35:00] [INFO] Auto-commit process completed
[2025-08-20 15:35:00] [INFO] Auto-commit process completed
[0;34mℹ️  Auto-commit process completed[0m
[2025-08-20 15:40:00] [INFO] Starting auto-commit process for bc-express
[2025-08-20 15:40:00] [INFO] Starting auto-commit process for bc-express
[0;34mℹ️  Starting auto-commit process for bc-express[0m
[2025-08-20 15:40:00] [INFO] No changes detected, skipping commit
[2025-08-20 15:40:00] [INFO] No changes detected, skipping commit
[0;34mℹ️  No changes detected, skipping commit[0m
[2025-08-20 15:40:00] [INFO] Auto-commit process completed
[2025-08-20 15:40:00] [INFO] Auto-commit process completed
[0;34mℹ️  Auto-commit process completed[0m
[2025-08-20 15:45:00] [INFO] Starting auto-commit process for bc-express
[2025-08-20 15:45:00] [INFO] Starting auto-commit process for bc-express
[0;34mℹ️  Starting auto-commit process for bc-express[0m
[2025-08-20 15:45:00] [INFO] No changes detected, skipping commit
[2025-08-20 15:45:00] [INFO] No changes detected, skipping commit
[0;34mℹ️  No changes detected, skipping commit[0m
[2025-08-20 15:45:00] [INFO] Auto-commit process completed
[2025-08-20 15:45:00] [INFO] Auto-commit process completed
[0;34mℹ️  Auto-commit process completed[0m
[2025-08-20 15:50:01] [INFO] Starting auto-commit process for bc-express
[2025-08-20 15:50:01] [INFO] Starting auto-commit process for bc-express
[0;34mℹ️  Starting auto-commit process for bc-express[0m
[2025-08-20 15:50:01] [INFO] No changes detected, skipping commit
[2025-08-20 15:50:01] [INFO] No changes detected, skipping commit
[0;34mℹ️  No changes detected, skipping commit[0m
[2025-08-20 15:50:01] [INFO] Auto-commit process completed
[2025-08-20 15:50:01] [INFO] Auto-commit process completed
[0;34mℹ️  Auto-commit process completed[0m
[2025-08-20 15:55:00] [INFO] Starting auto-commit process for bc-express
[2025-08-20 15:55:00] [INFO] Starting auto-commit process for bc-express
[0;34mℹ️  Starting auto-commit process for bc-express[0m
[2025-08-20 15:55:00] [INFO] No changes detected, skipping commit
[2025-08-20 15:55:00] [INFO] No changes detected, skipping commit
[0;34mℹ️  No changes detected, skipping commit[0m
[2025-08-20 15:55:00] [INFO] Auto-commit process completed
[2025-08-20 15:55:00] [INFO] Auto-commit process completed
[0;34mℹ️  Auto-commit process completed[0m
[2025-08-20 16:00:00] [INFO] Starting auto-commit process for bc-express
[2025-08-20 16:00:00] [INFO] Starting auto-commit process for bc-express
[0;34mℹ️  Starting auto-commit process for bc-express[0m
[2025-08-20 16:00:00] [INFO] No changes detected, skipping commit
[2025-08-20 16:00:00] [INFO] No changes detected, skipping commit
[0;34mℹ️  No changes detected, skipping commit[0m
[2025-08-20 16:00:00] [INFO] Auto-commit process completed
[2025-08-20 16:00:00] [INFO] Auto-commit process completed
[0;34mℹ️  Auto-commit process completed[0m
[2025-08-20 16:05:00] [INFO] Starting auto-commit process for bc-express
[2025-08-20 16:05:00] [INFO] Starting auto-commit process for bc-express
[0;34mℹ️  Starting auto-commit process for bc-express[0m
[2025-08-20 16:05:00] [INFO] No changes detected, skipping commit
[2025-08-20 16:05:00] [INFO] No changes detected, skipping commit
[0;34mℹ️  No changes detected, skipping commit[0m
[2025-08-20 16:05:00] [INFO] Auto-commit process completed
[2025-08-20 16:05:00] [INFO] Auto-commit process completed
[0;34mℹ️  Auto-commit process completed[0m
[2025-08-21 10:00:00] [INFO] Starting auto-commit process for bc-express
[2025-08-21 10:00:00] [INFO] Starting auto-commit process for bc-express
[0;34mℹ️  Starting auto-commit process for bc-express[0m
[2025-08-21 10:00:01] [INFO] No changes detected, skipping commit
[2025-08-21 10:00:01] [INFO] No changes detected, skipping commit
[0;34mℹ️  No changes detected, skipping commit[0m
[2025-08-21 10:00:01] [INFO] Auto-commit process completed
[2025-08-21 10:00:01] [INFO] Auto-commit process completed
[0;34mℹ️  Auto-commit process completed[0m
[2025-08-21 10:05:00] [INFO] Starting auto-commit process for bc-express
[2025-08-21 10:05:00] [INFO] Starting auto-commit process for bc-express
[0;34mℹ️  Starting auto-commit process for bc-express[0m
[2025-08-21 10:05:00] [INFO] No changes detected, skipping commit
[2025-08-21 10:05:00] [INFO] No changes detected, skipping commit
[0;34mℹ️  No changes detected, skipping commit[0m
[2025-08-21 10:05:00] [INFO] Auto-commit process completed
[2025-08-21 10:05:00] [INFO] Auto-commit process completed
[0;34mℹ️  Auto-commit process completed[0m
[2025-08-21 10:10:00] [INFO] Starting auto-commit process for bc-express
[2025-08-21 10:10:00] [INFO] Starting auto-commit process for bc-express
[0;34mℹ️  Starting auto-commit process for bc-express[0m
[2025-08-21 10:10:00] [INFO] No changes detected, skipping commit
[2025-08-21 10:10:00] [INFO] No changes detected, skipping commit
[0;34mℹ️  No changes detected, skipping commit[0m
[2025-08-21 10:10:00] [INFO] Auto-commit process completed
[2025-08-21 10:10:00] [INFO] Auto-commit process completed
[0;34mℹ️  Auto-commit process completed[0m
[2025-08-21 10:15:00] [INFO] Starting auto-commit process for bc-express
[2025-08-21 10:15:00] [INFO] Starting auto-commit process for bc-express
[0;34mℹ️  Starting auto-commit process for bc-express[0m
[2025-08-21 10:15:00] [INFO] No changes detected, skipping commit
[2025-08-21 10:15:00] [INFO] No changes detected, skipping commit
[0;34mℹ️  No changes detected, skipping commit[0m
[2025-08-21 10:15:00] [INFO] Auto-commit process completed
[2025-08-21 10:15:00] [INFO] Auto-commit process completed
[0;34mℹ️  Auto-commit process completed[0m
[2025-08-21 10:20:00] [INFO] Starting auto-commit process for bc-express
[2025-08-21 10:20:00] [INFO] Starting auto-commit process for bc-express
[0;34mℹ️  Starting auto-commit process for bc-express[0m
[2025-08-21 10:20:00] [INFO] No changes detected, skipping commit
[2025-08-21 10:20:00] [INFO] No changes detected, skipping commit
[0;34mℹ️  No changes detected, skipping commit[0m
[2025-08-21 10:20:00] [INFO] Auto-commit process completed
[2025-08-21 10:20:00] [INFO] Auto-commit process completed
[0;34mℹ️  Auto-commit process completed[0m
[2025-08-21 10:25:01] [INFO] Starting auto-commit process for bc-express
[2025-08-21 10:25:01] [INFO] Starting auto-commit process for bc-express
[0;34mℹ️  Starting auto-commit process for bc-express[0m
[2025-08-21 10:25:01] [INFO] No changes detected, skipping commit
[2025-08-21 10:25:01] [INFO] No changes detected, skipping commit
[0;34mℹ️  No changes detected, skipping commit[0m
[2025-08-21 10:25:01] [INFO] Auto-commit process completed
[2025-08-21 10:25:01] [INFO] Auto-commit process completed
[0;34mℹ️  Auto-commit process completed[0m
[2025-08-21 10:30:00] [INFO] Starting auto-commit process for bc-express
[2025-08-21 10:30:00] [INFO] Starting auto-commit process for bc-express
[0;34mℹ️  Starting auto-commit process for bc-express[0m
[2025-08-21 10:30:00] [INFO] No changes detected, skipping commit
[2025-08-21 10:30:00] [INFO] No changes detected, skipping commit
[0;34mℹ️  No changes detected, skipping commit[0m
[2025-08-21 10:30:00] [INFO] Auto-commit process completed
[2025-08-21 10:30:00] [INFO] Auto-commit process completed
[0;34mℹ️  Auto-commit process completed[0m
[2025-08-21 10:35:00] [INFO] Starting auto-commit process for bc-express
[2025-08-21 10:35:00] [INFO] Starting auto-commit process for bc-express
[0;34mℹ️  Starting auto-commit process for bc-express[0m
[2025-08-21 10:35:00] [INFO] No changes detected, skipping commit
[2025-08-21 10:35:00] [INFO] No changes detected, skipping commit
[0;34mℹ️  No changes detected, skipping commit[0m
[2025-08-21 10:35:00] [INFO] Auto-commit process completed
[2025-08-21 10:35:00] [INFO] Auto-commit process completed
[0;34mℹ️  Auto-commit process completed[0m
[2025-08-21 10:40:00] [INFO] Starting auto-commit process for bc-express
[2025-08-21 10:40:00] [INFO] Starting auto-commit process for bc-express
[0;34mℹ️  Starting auto-commit process for bc-express[0m
[2025-08-21 10:40:00] [INFO] No changes detected, skipping commit
[2025-08-21 10:40:00] [INFO] No changes detected, skipping commit
[0;34mℹ️  No changes detected, skipping commit[0m
[2025-08-21 10:40:00] [INFO] Auto-commit process completed
[2025-08-21 10:40:00] [INFO] Auto-commit process completed
[0;34mℹ️  Auto-commit process completed[0m
[2025-08-21 10:45:00] [INFO] Starting auto-commit process for bc-express
[2025-08-21 10:45:00] [INFO] Starting auto-commit process for bc-express
[0;34mℹ️  Starting auto-commit process for bc-express[0m
[2025-08-21 10:45:00] [INFO] No changes detected, skipping commit
[2025-08-21 10:45:00] [INFO] No changes detected, skipping commit
[0;34mℹ️  No changes detected, skipping commit[0m
[2025-08-21 10:45:00] [INFO] Auto-commit process completed
[2025-08-21 10:45:00] [INFO] Auto-commit process completed
[0;34mℹ️  Auto-commit process completed[0m
[2025-08-21 10:50:01] [INFO] Starting auto-commit process for bc-express
[2025-08-21 10:50:01] [INFO] Starting auto-commit process for bc-express
[0;34mℹ️  Starting auto-commit process for bc-express[0m
[2025-08-21 10:50:01] [INFO] No changes detected, skipping commit
[2025-08-21 10:50:01] [INFO] No changes detected, skipping commit
[0;34mℹ️  No changes detected, skipping commit[0m
[2025-08-21 10:50:01] [INFO] Auto-commit process completed
[2025-08-21 10:50:01] [INFO] Auto-commit process completed
[0;34mℹ️  Auto-commit process completed[0m
[2025-08-21 10:55:00] [INFO] Starting auto-commit process for bc-express
[2025-08-21 10:55:00] [INFO] Starting auto-commit process for bc-express
[0;34mℹ️  Starting auto-commit process for bc-express[0m
[2025-08-21 10:55:00] [INFO] No changes detected, skipping commit
[2025-08-21 10:55:00] [INFO] No changes detected, skipping commit
[0;34mℹ️  No changes detected, skipping commit[0m
[2025-08-21 10:55:00] [INFO] Auto-commit process completed
[2025-08-21 10:55:00] [INFO] Auto-commit process completed
[0;34mℹ️  Auto-commit process completed[0m
[2025-08-21 11:00:00] [INFO] Starting auto-commit process for bc-express
[2025-08-21 11:00:00] [INFO] Starting auto-commit process for bc-express
[0;34mℹ️  Starting auto-commit process for bc-express[0m
[2025-08-21 11:00:00] [INFO] No changes detected, skipping commit
[2025-08-21 11:00:00] [INFO] No changes detected, skipping commit
[0;34mℹ️  No changes detected, skipping commit[0m
[2025-08-21 11:00:00] [INFO] Auto-commit process completed
[2025-08-21 11:00:00] [INFO] Auto-commit process completed
[0;34mℹ️  Auto-commit process completed[0m
[2025-08-21 11:05:00] [INFO] Starting auto-commit process for bc-express
[2025-08-21 11:05:00] [INFO] Starting auto-commit process for bc-express
[0;34mℹ️  Starting auto-commit process for bc-express[0m
[2025-08-21 11:05:00] [INFO] No changes detected, skipping commit
[2025-08-21 11:05:00] [INFO] No changes detected, skipping commit
[0;34mℹ️  No changes detected, skipping commit[0m
[2025-08-21 11:05:00] [INFO] Auto-commit process completed
[2025-08-21 11:05:00] [INFO] Auto-commit process completed
[0;34mℹ️  Auto-commit process completed[0m
[2025-08-21 11:10:01] [INFO] Starting auto-commit process for bc-express
[2025-08-21 11:10:01] [INFO] Starting auto-commit process for bc-express
[0;34mℹ️  Starting auto-commit process for bc-express[0m
[2025-08-21 11:10:01] [INFO] No changes detected, skipping commit
[2025-08-21 11:10:01] [INFO] No changes detected, skipping commit
[0;34mℹ️  No changes detected, skipping commit[0m
[2025-08-21 11:10:01] [INFO] Auto-commit process completed
[2025-08-21 11:10:01] [INFO] Auto-commit process completed
[0;34mℹ️  Auto-commit process completed[0m
[2025-08-21 11:15:00] [INFO] Starting auto-commit process for bc-express
[2025-08-21 11:15:00] [INFO] Starting auto-commit process for bc-express
[0;34mℹ️  Starting auto-commit process for bc-express[0m
[2025-08-21 11:15:00] [INFO] No changes detected, skipping commit
[2025-08-21 11:15:00] [INFO] No changes detected, skipping commit
[0;34mℹ️  No changes detected, skipping commit[0m
[2025-08-21 11:15:00] [INFO] Auto-commit process completed
[2025-08-21 11:15:00] [INFO] Auto-commit process completed
[0;34mℹ️  Auto-commit process completed[0m
[2025-08-21 11:20:00] [INFO] Starting auto-commit process for bc-express
[2025-08-21 11:20:00] [INFO] Starting auto-commit process for bc-express
[0;34mℹ️  Starting auto-commit process for bc-express[0m
[2025-08-21 11:20:00] [INFO] No changes detected, skipping commit
[2025-08-21 11:20:00] [INFO] No changes detected, skipping commit
[0;34mℹ️  No changes detected, skipping commit[0m
[2025-08-21 11:20:00] [INFO] Auto-commit process completed
[2025-08-21 11:20:00] [INFO] Auto-commit process completed
[0;34mℹ️  Auto-commit process completed[0m
[2025-08-21 11:25:00] [INFO] Starting auto-commit process for bc-express
[2025-08-21 11:25:00] [INFO] Starting auto-commit process for bc-express
[0;34mℹ️  Starting auto-commit process for bc-express[0m
[2025-08-21 11:25:00] [INFO] No changes detected, skipping commit
[2025-08-21 11:25:00] [INFO] No changes detected, skipping commit
[0;34mℹ️  No changes detected, skipping commit[0m
[2025-08-21 11:25:00] [INFO] Auto-commit process completed
[2025-08-21 11:25:00] [INFO] Auto-commit process completed
[0;34mℹ️  Auto-commit process completed[0m
[2025-08-21 11:30:00] [INFO] Starting auto-commit process for bc-express
[2025-08-21 11:30:00] [INFO] Starting auto-commit process for bc-express
[0;34mℹ️  Starting auto-commit process for bc-express[0m
[2025-08-21 11:30:00] [INFO] No changes detected, skipping commit
[2025-08-21 11:30:00] [INFO] No changes detected, skipping commit
[0;34mℹ️  No changes detected, skipping commit[0m
[2025-08-21 11:30:00] [INFO] Auto-commit process completed
[2025-08-21 11:30:00] [INFO] Auto-commit process completed
[0;34mℹ️  Auto-commit process completed[0m
[2025-08-21 11:35:01] [INFO] Starting auto-commit process for bc-express
[2025-08-21 11:35:01] [INFO] Starting auto-commit process for bc-express
[0;34mℹ️  Starting auto-commit process for bc-express[0m
[2025-08-21 11:35:01] [INFO] No changes detected, skipping commit
[2025-08-21 11:35:01] [INFO] No changes detected, skipping commit
[0;34mℹ️  No changes detected, skipping commit[0m
[2025-08-21 11:35:01] [INFO] Auto-commit process completed
[2025-08-21 11:35:01] [INFO] Auto-commit process completed
[0;34mℹ️  Auto-commit process completed[0m
[2025-08-21 11:40:00] [INFO] Starting auto-commit process for bc-express
[2025-08-21 11:40:00] [INFO] Starting auto-commit process for bc-express
[0;34mℹ️  Starting auto-commit process for bc-express[0m
[2025-08-21 11:40:00] [INFO] No changes detected, skipping commit
[2025-08-21 11:40:00] [INFO] No changes detected, skipping commit
[0;34mℹ️  No changes detected, skipping commit[0m
[2025-08-21 11:40:00] [INFO] Auto-commit process completed
[2025-08-21 11:40:00] [INFO] Auto-commit process completed
[0;34mℹ️  Auto-commit process completed[0m
[2025-08-21 11:45:00] [INFO] Starting auto-commit process for bc-express
[2025-08-21 11:45:00] [INFO] Starting auto-commit process for bc-express
[0;34mℹ️  Starting auto-commit process for bc-express[0m
[2025-08-21 11:45:00] [INFO] No changes detected, skipping commit
[2025-08-21 11:45:00] [INFO] No changes detected, skipping commit
[0;34mℹ️  No changes detected, skipping commit[0m
[2025-08-21 11:45:00] [INFO] Auto-commit process completed
[2025-08-21 11:45:00] [INFO] Auto-commit process completed
[0;34mℹ️  Auto-commit process completed[0m
[2025-08-21 11:50:00] [INFO] Starting auto-commit process for bc-express
[2025-08-21 11:50:00] [INFO] Starting auto-commit process for bc-express
[0;34mℹ️  Starting auto-commit process for bc-express[0m
[2025-08-21 11:50:00] [INFO] No changes detected, skipping commit
[2025-08-21 11:50:00] [INFO] No changes detected, skipping commit
[0;34mℹ️  No changes detected, skipping commit[0m
[2025-08-21 11:50:00] [INFO] Auto-commit process completed
[2025-08-21 11:50:00] [INFO] Auto-commit process completed
[0;34mℹ️  Auto-commit process completed[0m
[2025-08-21 11:55:00] [INFO] Starting auto-commit process for bc-express
[2025-08-21 11:55:00] [INFO] Starting auto-commit process for bc-express
[0;34mℹ️  Starting auto-commit process for bc-express[0m
[2025-08-21 11:55:00] [INFO] No changes detected, skipping commit
[2025-08-21 11:55:00] [INFO] No changes detected, skipping commit
[0;34mℹ️  No changes detected, skipping commit[0m
[2025-08-21 11:55:00] [INFO] Auto-commit process completed
[2025-08-21 11:55:00] [INFO] Auto-commit process completed
[0;34mℹ️  Auto-commit process completed[0m
[2025-08-21 12:20:30] [INFO] Starting auto-commit process for bc-express
[2025-08-21 12:20:30] [INFO] Starting auto-commit process for bc-express
[0;34mℹ️  Starting auto-commit process for bc-express[0m
[2025-08-21 12:20:30] [INFO] No changes detected, skipping commit
[2025-08-21 12:20:30] [INFO] No changes detected, skipping commit
[0;34mℹ️  No changes detected, skipping commit[0m
[2025-08-21 12:20:30] [INFO] Auto-commit process completed
[2025-08-21 12:20:30] [INFO] Auto-commit process completed
[0;34mℹ️  Auto-commit process completed[0m
[2025-08-21 12:25:00] [INFO] Starting auto-commit process for bc-express
[2025-08-21 12:25:00] [INFO] Starting auto-commit process for bc-express
[0;34mℹ️  Starting auto-commit process for bc-express[0m
[2025-08-21 12:25:00] [INFO] No changes detected, skipping commit
[2025-08-21 12:25:00] [INFO] No changes detected, skipping commit
[0;34mℹ️  No changes detected, skipping commit[0m
[2025-08-21 12:25:00] [INFO] Auto-commit process completed
[2025-08-21 12:25:00] [INFO] Auto-commit process completed
[0;34mℹ️  Auto-commit process completed[0m
[2025-08-21 12:30:01] [INFO] Starting auto-commit process for bc-express
[2025-08-21 12:30:01] [INFO] Starting auto-commit process for bc-express
[0;34mℹ️  Starting auto-commit process for bc-express[0m
[2025-08-21 12:30:01] [INFO] No changes detected, skipping commit
[2025-08-21 12:30:01] [INFO] No changes detected, skipping commit
[0;34mℹ️  No changes detected, skipping commit[0m
[2025-08-21 12:30:01] [INFO] Auto-commit process completed
[2025-08-21 12:30:01] [INFO] Auto-commit process completed
[0;34mℹ️  Auto-commit process completed[0m
[2025-08-21 12:35:00] [INFO] Starting auto-commit process for bc-express
[2025-08-21 12:35:00] [INFO] Starting auto-commit process for bc-express
[0;34mℹ️  Starting auto-commit process for bc-express[0m
[2025-08-21 12:35:00] [INFO] No changes detected, skipping commit
[2025-08-21 12:35:00] [INFO] No changes detected, skipping commit
[0;34mℹ️  No changes detected, skipping commit[0m
[2025-08-21 12:35:00] [INFO] Auto-commit process completed
[2025-08-21 12:35:00] [INFO] Auto-commit process completed
[0;34mℹ️  Auto-commit process completed[0m
[2025-08-21 12:40:00] [INFO] Starting auto-commit process for bc-express
[2025-08-21 12:40:00] [INFO] Starting auto-commit process for bc-express
[0;34mℹ️  Starting auto-commit process for bc-express[0m
[2025-08-21 12:40:00] [INFO] No changes detected, skipping commit
[2025-08-21 12:40:00] [INFO] No changes detected, skipping commit
[0;34mℹ️  No changes detected, skipping commit[0m
[2025-08-21 12:40:00] [INFO] Auto-commit process completed
[2025-08-21 12:40:00] [INFO] Auto-commit process completed
[0;34mℹ️  Auto-commit process completed[0m
[2025-08-21 12:45:00] [INFO] Starting auto-commit process for bc-express
[2025-08-21 12:45:00] [INFO] Starting auto-commit process for bc-express
[0;34mℹ️  Starting auto-commit process for bc-express[0m
[2025-08-21 12:45:00] [INFO] No changes detected, skipping commit
[2025-08-21 12:45:00] [INFO] No changes detected, skipping commit
[0;34mℹ️  No changes detected, skipping commit[0m
[2025-08-21 12:45:00] [INFO] Auto-commit process completed
[2025-08-21 12:45:00] [INFO] Auto-commit process completed
[0;34mℹ️  Auto-commit process completed[0m
[2025-08-21 12:50:00] [INFO] Starting auto-commit process for bc-express
[2025-08-21 12:50:00] [INFO] Starting auto-commit process for bc-express
[0;34mℹ️  Starting auto-commit process for bc-express[0m
[2025-08-21 12:50:00] [INFO] No changes detected, skipping commit
[2025-08-21 12:50:00] [INFO] No changes detected, skipping commit
[0;34mℹ️  No changes detected, skipping commit[0m
[2025-08-21 12:50:00] [INFO] Auto-commit process completed
[2025-08-21 12:50:00] [INFO] Auto-commit process completed
[0;34mℹ️  Auto-commit process completed[0m
[2025-08-21 12:55:01] [INFO] Starting auto-commit process for bc-express
[2025-08-21 12:55:01] [INFO] Starting auto-commit process for bc-express
[0;34mℹ️  Starting auto-commit process for bc-express[0m
[2025-08-21 12:55:01] [INFO] No changes detected, skipping commit
[2025-08-21 12:55:01] [INFO] No changes detected, skipping commit
[0;34mℹ️  No changes detected, skipping commit[0m
[2025-08-21 12:55:01] [INFO] Auto-commit process completed
[2025-08-21 12:55:01] [INFO] Auto-commit process completed
[0;34mℹ️  Auto-commit process completed[0m
[2025-08-21 13:00:00] [INFO] Starting auto-commit process for bc-express
[2025-08-21 13:00:00] [INFO] Starting auto-commit process for bc-express
[0;34mℹ️  Starting auto-commit process for bc-express[0m
[2025-08-21 13:00:00] [INFO] No changes detected, skipping commit
[2025-08-21 13:00:00] [INFO] No changes detected, skipping commit
[0;34mℹ️  No changes detected, skipping commit[0m
[2025-08-21 13:00:00] [INFO] Auto-commit process completed
[2025-08-21 13:00:00] [INFO] Auto-commit process completed
[0;34mℹ️  Auto-commit process completed[0m
[2025-08-21 13:05:00] [INFO] Starting auto-commit process for bc-express
[2025-08-21 13:05:00] [INFO] Starting auto-commit process for bc-express
[0;34mℹ️  Starting auto-commit process for bc-express[0m
[2025-08-21 13:05:00] [INFO] No changes detected, skipping commit
[2025-08-21 13:05:00] [INFO] No changes detected, skipping commit
[0;34mℹ️  No changes detected, skipping commit[0m
[2025-08-21 13:05:00] [INFO] Auto-commit process completed
[2025-08-21 13:05:00] [INFO] Auto-commit process completed
[0;34mℹ️  Auto-commit process completed[0m
[2025-08-21 13:10:00] [INFO] Starting auto-commit process for bc-express
[2025-08-21 13:10:00] [INFO] Starting auto-commit process for bc-express
[0;34mℹ️  Starting auto-commit process for bc-express[0m
[2025-08-21 13:10:00] [INFO] No changes detected, skipping commit
[2025-08-21 13:10:00] [INFO] No changes detected, skipping commit
[0;34mℹ️  No changes detected, skipping commit[0m
[2025-08-21 13:10:00] [INFO] Auto-commit process completed
[2025-08-21 13:10:00] [INFO] Auto-commit process completed
[0;34mℹ️  Auto-commit process completed[0m
[2025-08-21 13:15:00] [INFO] Starting auto-commit process for bc-express
[2025-08-21 13:15:00] [INFO] Starting auto-commit process for bc-express
[0;34mℹ️  Starting auto-commit process for bc-express[0m
[2025-08-21 13:15:00] [INFO] No changes detected, skipping commit
[2025-08-21 13:15:00] [INFO] No changes detected, skipping commit
[0;34mℹ️  No changes detected, skipping commit[0m
[2025-08-21 13:15:00] [INFO] Auto-commit process completed
[2025-08-21 13:15:00] [INFO] Auto-commit process completed
[0;34mℹ️  Auto-commit process completed[0m
[2025-08-21 13:20:01] [INFO] Starting auto-commit process for bc-express
[2025-08-21 13:20:01] [INFO] Starting auto-commit process for bc-express
[0;34mℹ️  Starting auto-commit process for bc-express[0m
[2025-08-21 13:20:01] [INFO] No changes detected, skipping commit
[2025-08-21 13:20:01] [INFO] No changes detected, skipping commit
[0;34mℹ️  No changes detected, skipping commit[0m
[2025-08-21 13:20:01] [INFO] Auto-commit process completed
[2025-08-21 13:20:01] [INFO] Auto-commit process completed
[0;34mℹ️  Auto-commit process completed[0m
[2025-08-21 13:25:00] [INFO] Starting auto-commit process for bc-express
[2025-08-21 13:25:00] [INFO] Starting auto-commit process for bc-express
[0;34mℹ️  Starting auto-commit process for bc-express[0m
[2025-08-21 13:25:00] [INFO] No changes detected, skipping commit
[2025-08-21 13:25:00] [INFO] No changes detected, skipping commit
[0;34mℹ️  No changes detected, skipping commit[0m
[2025-08-21 13:25:00] [INFO] Auto-commit process completed
[2025-08-21 13:25:00] [INFO] Auto-commit process completed
[0;34mℹ️  Auto-commit process completed[0m
[2025-08-21 13:30:00] [INFO] Starting auto-commit process for bc-express
[2025-08-21 13:30:00] [INFO] Starting auto-commit process for bc-express
[0;34mℹ️  Starting auto-commit process for bc-express[0m
[2025-08-21 13:30:00] [INFO] No changes detected, skipping commit
[2025-08-21 13:30:00] [INFO] No changes detected, skipping commit
[0;34mℹ️  No changes detected, skipping commit[0m
[2025-08-21 13:30:00] [INFO] Auto-commit process completed
[2025-08-21 13:30:00] [INFO] Auto-commit process completed
[0;34mℹ️  Auto-commit process completed[0m
[2025-08-21 13:35:00] [INFO] Starting auto-commit process for bc-express
[2025-08-21 13:35:00] [INFO] Starting auto-commit process for bc-express
[0;34mℹ️  Starting auto-commit process for bc-express[0m
[2025-08-21 13:35:00] [INFO] No changes detected, skipping commit
[2025-08-21 13:35:00] [INFO] No changes detected, skipping commit
[0;34mℹ️  No changes detected, skipping commit[0m
[2025-08-21 13:35:00] [INFO] Auto-commit process completed
[2025-08-21 13:35:00] [INFO] Auto-commit process completed
[0;34mℹ️  Auto-commit process completed[0m
[2025-08-21 13:40:00] [INFO] Starting auto-commit process for bc-express
[2025-08-21 13:40:00] [INFO] Starting auto-commit process for bc-express
[0;34mℹ️  Starting auto-commit process for bc-express[0m
[2025-08-21 13:40:00] [INFO] No changes detected, skipping commit
[2025-08-21 13:40:00] [INFO] No changes detected, skipping commit
[0;34mℹ️  No changes detected, skipping commit[0m
[2025-08-21 13:40:00] [INFO] Auto-commit process completed
[2025-08-21 13:40:00] [INFO] Auto-commit process completed
[0;34mℹ️  Auto-commit process completed[0m
[2025-08-21 13:45:00] [INFO] Starting auto-commit process for bc-express
[2025-08-21 13:45:00] [INFO] Starting auto-commit process for bc-express
[0;34mℹ️  Starting auto-commit process for bc-express[0m
[2025-08-21 13:45:00] [INFO] No changes detected, skipping commit
[2025-08-21 13:45:00] [INFO] No changes detected, skipping commit
[0;34mℹ️  No changes detected, skipping commit[0m
[2025-08-21 13:45:00] [INFO] Auto-commit process completed
[2025-08-21 13:45:00] [INFO] Auto-commit process completed
[0;34mℹ️  Auto-commit process completed[0m
[2025-08-21 13:50:00] [INFO] Starting auto-commit process for bc-express
[2025-08-21 13:50:00] [INFO] Starting auto-commit process for bc-express
[0;34mℹ️  Starting auto-commit process for bc-express[0m
[2025-08-21 13:50:00] [INFO] No changes detected, skipping commit
[2025-08-21 13:50:00] [INFO] No changes detected, skipping commit
[0;34mℹ️  No changes detected, skipping commit[0m
[2025-08-21 13:50:00] [INFO] Auto-commit process completed
[2025-08-21 13:50:00] [INFO] Auto-commit process completed
[0;34mℹ️  Auto-commit process completed[0m
[2025-08-21 13:55:00] [INFO] Starting auto-commit process for bc-express
[2025-08-21 13:55:00] [INFO] Starting auto-commit process for bc-express
[0;34mℹ️  Starting auto-commit process for bc-express[0m
[2025-08-21 13:55:00] [INFO] No changes detected, skipping commit
[2025-08-21 13:55:00] [INFO] No changes detected, skipping commit
[0;34mℹ️  No changes detected, skipping commit[0m
[2025-08-21 13:55:00] [INFO] Auto-commit process completed
[2025-08-21 13:55:00] [INFO] Auto-commit process completed
[0;34mℹ️  Auto-commit process completed[0m
[2025-08-21 14:00:00] [INFO] Starting auto-commit process for bc-express
[2025-08-21 14:00:00] [INFO] Starting auto-commit process for bc-express
[0;34mℹ️  Starting auto-commit process for bc-express[0m
[2025-08-21 14:00:00] [INFO] No changes detected, skipping commit
[2025-08-21 14:00:00] [INFO] No changes detected, skipping commit
[0;34mℹ️  No changes detected, skipping commit[0m
[2025-08-21 14:00:00] [INFO] Auto-commit process completed
[2025-08-21 14:00:00] [INFO] Auto-commit process completed
[0;34mℹ️  Auto-commit process completed[0m
[2025-08-21 14:05:00] [INFO] Starting auto-commit process for bc-express
[2025-08-21 14:05:00] [INFO] Starting auto-commit process for bc-express
[0;34mℹ️  Starting auto-commit process for bc-express[0m
[2025-08-21 14:05:00] [INFO] No changes detected, skipping commit
[2025-08-21 14:05:00] [INFO] No changes detected, skipping commit
[0;34mℹ️  No changes detected, skipping commit[0m
[2025-08-21 14:05:00] [INFO] Auto-commit process completed
[2025-08-21 14:05:00] [INFO] Auto-commit process completed
[0;34mℹ️  Auto-commit process completed[0m
[2025-08-21 14:10:01] [INFO] Starting auto-commit process for bc-express
[2025-08-21 14:10:01] [INFO] Starting auto-commit process for bc-express
[0;34mℹ️  Starting auto-commit process for bc-express[0m
[2025-08-21 14:10:01] [INFO] No changes detected, skipping commit
[2025-08-21 14:10:01] [INFO] No changes detected, skipping commit
[0;34mℹ️  No changes detected, skipping commit[0m
[2025-08-21 14:10:01] [INFO] Auto-commit process completed
[2025-08-21 14:10:01] [INFO] Auto-commit process completed
[0;34mℹ️  Auto-commit process completed[0m
[2025-08-21 14:15:00] [INFO] Starting auto-commit process for bc-express
[2025-08-21 14:15:00] [INFO] Starting auto-commit process for bc-express
[0;34mℹ️  Starting auto-commit process for bc-express[0m
[2025-08-21 14:15:00] [INFO] No changes detected, skipping commit
[2025-08-21 14:15:00] [INFO] No changes detected, skipping commit
[0;34mℹ️  No changes detected, skipping commit[0m
[2025-08-21 14:15:00] [INFO] Auto-commit process completed
[2025-08-21 14:15:00] [INFO] Auto-commit process completed
[0;34mℹ️  Auto-commit process completed[0m
[2025-08-21 14:20:00] [INFO] Starting auto-commit process for bc-express
[2025-08-21 14:20:00] [INFO] Starting auto-commit process for bc-express
[0;34mℹ️  Starting auto-commit process for bc-express[0m
[2025-08-21 14:20:00] [INFO] No changes detected, skipping commit
[2025-08-21 14:20:00] [INFO] No changes detected, skipping commit
[0;34mℹ️  No changes detected, skipping commit[0m
[2025-08-21 14:20:00] [INFO] Auto-commit process completed
[2025-08-21 14:20:00] [INFO] Auto-commit process completed
[0;34mℹ️  Auto-commit process completed[0m
[2025-08-21 14:25:00] [INFO] Starting auto-commit process for bc-express
[2025-08-21 14:25:00] [INFO] Starting auto-commit process for bc-express
[0;34mℹ️  Starting auto-commit process for bc-express[0m
[2025-08-21 14:25:00] [INFO] No changes detected, skipping commit
[2025-08-21 14:25:00] [INFO] No changes detected, skipping commit
[0;34mℹ️  No changes detected, skipping commit[0m
[2025-08-21 14:25:00] [INFO] Auto-commit process completed
[2025-08-21 14:25:00] [INFO] Auto-commit process completed
[0;34mℹ️  Auto-commit process completed[0m
[2025-08-21 14:30:00] [INFO] Starting auto-commit process for bc-express
[2025-08-21 14:30:00] [INFO] Starting auto-commit process for bc-express
[0;34mℹ️  Starting auto-commit process for bc-express[0m
[2025-08-21 14:30:00] [INFO] No changes detected, skipping commit
[2025-08-21 14:30:00] [INFO] No changes detected, skipping commit
[0;34mℹ️  No changes detected, skipping commit[0m
[2025-08-21 14:30:00] [INFO] Auto-commit process completed
[2025-08-21 14:30:00] [INFO] Auto-commit process completed
[0;34mℹ️  Auto-commit process completed[0m
[2025-08-21 14:35:00] [INFO] Starting auto-commit process for bc-express
[2025-08-21 14:35:00] [INFO] Starting auto-commit process for bc-express
[0;34mℹ️  Starting auto-commit process for bc-express[0m
[2025-08-21 14:35:00] [INFO] No changes detected, skipping commit
[2025-08-21 14:35:00] [INFO] No changes detected, skipping commit
[0;34mℹ️  No changes detected, skipping commit[0m
[2025-08-21 14:35:00] [INFO] Auto-commit process completed
[2025-08-21 14:35:00] [INFO] Auto-commit process completed
[0;34mℹ️  Auto-commit process completed[0m
[2025-08-21 14:40:01] [INFO] Starting auto-commit process for bc-express
[2025-08-21 14:40:01] [INFO] Starting auto-commit process for bc-express
[0;34mℹ️  Starting auto-commit process for bc-express[0m
[2025-08-21 14:40:01] [INFO] No changes detected, skipping commit
[2025-08-21 14:40:01] [INFO] No changes detected, skipping commit
[0;34mℹ️  No changes detected, skipping commit[0m
[2025-08-21 14:40:01] [INFO] Auto-commit process completed
[2025-08-21 14:40:01] [INFO] Auto-commit process completed
[0;34mℹ️  Auto-commit process completed[0m
[2025-08-21 14:45:00] [INFO] Starting auto-commit process for bc-express
[2025-08-21 14:45:00] [INFO] Starting auto-commit process for bc-express
[0;34mℹ️  Starting auto-commit process for bc-express[0m
[2025-08-21 14:45:00] [INFO] No changes detected, skipping commit
[2025-08-21 14:45:00] [INFO] No changes detected, skipping commit
[0;34mℹ️  No changes detected, skipping commit[0m
[2025-08-21 14:45:00] [INFO] Auto-commit process completed
[2025-08-21 14:45:00] [INFO] Auto-commit process completed
[0;34mℹ️  Auto-commit process completed[0m
[2025-08-21 14:50:00] [INFO] Starting auto-commit process for bc-express
[2025-08-21 14:50:00] [INFO] Starting auto-commit process for bc-express
[0;34mℹ️  Starting auto-commit process for bc-express[0m
[2025-08-21 14:50:00] [INFO] No changes detected, skipping commit
[2025-08-21 14:50:00] [INFO] No changes detected, skipping commit
[0;34mℹ️  No changes detected, skipping commit[0m
[2025-08-21 14:50:00] [INFO] Auto-commit process completed
[2025-08-21 14:50:00] [INFO] Auto-commit process completed
[0;34mℹ️  Auto-commit process completed[0m
[2025-08-21 14:55:01] [INFO] Starting auto-commit process for bc-express
[2025-08-21 14:55:01] [INFO] Starting auto-commit process for bc-express
[0;34mℹ️  Starting auto-commit process for bc-express[0m
[2025-08-21 14:55:01] [INFO] No changes detected, skipping commit
[2025-08-21 14:55:01] [INFO] No changes detected, skipping commit
[0;34mℹ️  No changes detected, skipping commit[0m
[2025-08-21 14:55:01] [INFO] Auto-commit process completed
[2025-08-21 14:55:01] [INFO] Auto-commit process completed
[0;34mℹ️  Auto-commit process completed[0m
[2025-08-21 15:00:00] [INFO] Starting auto-commit process for bc-express
[2025-08-21 15:00:00] [INFO] Starting auto-commit process for bc-express
[0;34mℹ️  Starting auto-commit process for bc-express[0m
[2025-08-21 15:00:00] [INFO] No changes detected, skipping commit
[2025-08-21 15:00:00] [INFO] No changes detected, skipping commit
[0;34mℹ️  No changes detected, skipping commit[0m
[2025-08-21 15:00:00] [INFO] Auto-commit process completed
[2025-08-21 15:00:00] [INFO] Auto-commit process completed
[0;34mℹ️  Auto-commit process completed[0m
[2025-08-21 15:05:00] [INFO] Starting auto-commit process for bc-express
[2025-08-21 15:05:00] [INFO] Starting auto-commit process for bc-express
[0;34mℹ️  Starting auto-commit process for bc-express[0m
[2025-08-21 15:05:00] [INFO] No changes detected, skipping commit
[2025-08-21 15:05:00] [INFO] No changes detected, skipping commit
[0;34mℹ️  No changes detected, skipping commit[0m
[2025-08-21 15:05:00] [INFO] Auto-commit process completed
[2025-08-21 15:05:00] [INFO] Auto-commit process completed
[0;34mℹ️  Auto-commit process completed[0m
[2025-08-21 15:10:00] [INFO] Starting auto-commit process for bc-express
[2025-08-21 15:10:00] [INFO] Starting auto-commit process for bc-express
[0;34mℹ️  Starting auto-commit process for bc-express[0m
[2025-08-21 15:10:00] [INFO] No changes detected, skipping commit
[2025-08-21 15:10:00] [INFO] No changes detected, skipping commit
[0;34mℹ️  No changes detected, skipping commit[0m
[2025-08-21 15:10:00] [INFO] Auto-commit process completed
[2025-08-21 15:10:00] [INFO] Auto-commit process completed
[0;34mℹ️  Auto-commit process completed[0m
[2025-08-21 15:15:00] [INFO] Starting auto-commit process for bc-express
[2025-08-21 15:15:00] [INFO] Starting auto-commit process for bc-express
[0;34mℹ️  Starting auto-commit process for bc-express[0m
[2025-08-21 15:15:01] [INFO] No changes detected, skipping commit
[2025-08-21 15:15:01] [INFO] No changes detected, skipping commit
[0;34mℹ️  No changes detected, skipping commit[0m
[2025-08-21 15:15:01] [INFO] Auto-commit process completed
[2025-08-21 15:15:01] [INFO] Auto-commit process completed
[0;34mℹ️  Auto-commit process completed[0m
[2025-08-21 15:20:00] [INFO] Starting auto-commit process for bc-express
[2025-08-21 15:20:00] [INFO] Starting auto-commit process for bc-express
[0;34mℹ️  Starting auto-commit process for bc-express[0m
[2025-08-21 15:20:00] [INFO] No changes detected, skipping commit
[2025-08-21 15:20:00] [INFO] No changes detected, skipping commit
[0;34mℹ️  No changes detected, skipping commit[0m
[2025-08-21 15:20:00] [INFO] Auto-commit process completed
[2025-08-21 15:20:00] [INFO] Auto-commit process completed
[0;34mℹ️  Auto-commit process completed[0m
[2025-08-21 15:25:00] [INFO] Starting auto-commit process for bc-express
[2025-08-21 15:25:00] [INFO] Starting auto-commit process for bc-express
[0;34mℹ️  Starting auto-commit process for bc-express[0m
[2025-08-21 15:25:00] [INFO] No changes detected, skipping commit
[2025-08-21 15:25:00] [INFO] No changes detected, skipping commit
[0;34mℹ️  No changes detected, skipping commit[0m
[2025-08-21 15:25:00] [INFO] Auto-commit process completed
[2025-08-21 15:25:00] [INFO] Auto-commit process completed
[0;34mℹ️  Auto-commit process completed[0m
[2025-08-21 15:30:00] [INFO] Starting auto-commit process for bc-express
[2025-08-21 15:30:00] [INFO] Starting auto-commit process for bc-express
[0;34mℹ️  Starting auto-commit process for bc-express[0m
[2025-08-21 15:30:00] [INFO] No changes detected, skipping commit
[2025-08-21 15:30:00] [INFO] No changes detected, skipping commit
[0;34mℹ️  No changes detected, skipping commit[0m
[2025-08-21 15:30:00] [INFO] Auto-commit process completed
[2025-08-21 15:30:00] [INFO] Auto-commit process completed
[0;34mℹ️  Auto-commit process completed[0m
[2025-08-21 15:35:00] [INFO] Starting auto-commit process for bc-express
[2025-08-21 15:35:00] [INFO] Starting auto-commit process for bc-express
[0;34mℹ️  Starting auto-commit process for bc-express[0m
[2025-08-21 15:35:00] [INFO] No changes detected, skipping commit
[2025-08-21 15:35:00] [INFO] No changes detected, skipping commit
[0;34mℹ️  No changes detected, skipping commit[0m
[2025-08-21 15:35:00] [INFO] Auto-commit process completed
[2025-08-21 15:35:00] [INFO] Auto-commit process completed
[0;34mℹ️  Auto-commit process completed[0m
[2025-08-21 15:40:00] [INFO] Starting auto-commit process for bc-express
[2025-08-21 15:40:00] [INFO] Starting auto-commit process for bc-express
[0;34mℹ️  Starting auto-commit process for bc-express[0m
[2025-08-21 15:40:00] [INFO] No changes detected, skipping commit
[2025-08-21 15:40:00] [INFO] No changes detected, skipping commit
[0;34mℹ️  No changes detected, skipping commit[0m
[2025-08-21 15:40:00] [INFO] Auto-commit process completed
[2025-08-21 15:40:00] [INFO] Auto-commit process completed
[0;34mℹ️  Auto-commit process completed[0m
[2025-08-21 15:45:00] [INFO] Starting auto-commit process for bc-express
[2025-08-21 15:45:00] [INFO] Starting auto-commit process for bc-express
[0;34mℹ️  Starting auto-commit process for bc-express[0m
[2025-08-21 15:45:00] [INFO] No changes detected, skipping commit
[2025-08-21 15:45:00] [INFO] No changes detected, skipping commit
[0;34mℹ️  No changes detected, skipping commit[0m
[2025-08-21 15:45:00] [INFO] Auto-commit process completed
[2025-08-21 15:45:00] [INFO] Auto-commit process completed
[0;34mℹ️  Auto-commit process completed[0m
[2025-08-21 15:50:00] [INFO] Starting auto-commit process for bc-express
[2025-08-21 15:50:00] [INFO] Starting auto-commit process for bc-express
[0;34mℹ️  Starting auto-commit process for bc-express[0m
[2025-08-21 15:50:00] [INFO] No changes detected, skipping commit
[2025-08-21 15:50:00] [INFO] No changes detected, skipping commit
[0;34mℹ️  No changes detected, skipping commit[0m
[2025-08-21 15:50:00] [INFO] Auto-commit process completed
[2025-08-21 15:50:00] [INFO] Auto-commit process completed
[0;34mℹ️  Auto-commit process completed[0m
[2025-08-21 15:55:00] [INFO] Starting auto-commit process for bc-express
[2025-08-21 15:55:00] [INFO] Starting auto-commit process for bc-express
[0;34mℹ️  Starting auto-commit process for bc-express[0m
[2025-08-21 15:55:00] [INFO] No changes detected, skipping commit
[2025-08-21 15:55:00] [INFO] No changes detected, skipping commit
[0;34mℹ️  No changes detected, skipping commit[0m
[2025-08-21 15:55:00] [INFO] Auto-commit process completed
[2025-08-21 15:55:00] [INFO] Auto-commit process completed
[0;34mℹ️  Auto-commit process completed[0m
[2025-08-21 16:00:01] [INFO] Starting auto-commit process for bc-express
[2025-08-21 16:00:01] [INFO] Starting auto-commit process for bc-express
[0;34mℹ️  Starting auto-commit process for bc-express[0m
[2025-08-21 16:00:01] [INFO] No changes detected, skipping commit
[2025-08-21 16:00:01] [INFO] No changes detected, skipping commit
[0;34mℹ️  No changes detected, skipping commit[0m
[2025-08-21 16:00:01] [INFO] Auto-commit process completed
[2025-08-21 16:00:01] [INFO] Auto-commit process completed
[0;34mℹ️  Auto-commit process completed[0m
[2025-08-21 16:05:00] [INFO] Starting auto-commit process for bc-express
[2025-08-21 16:05:00] [INFO] Starting auto-commit process for bc-express
[0;34mℹ️  Starting auto-commit process for bc-express[0m
[2025-08-21 16:05:00] [INFO] No changes detected, skipping commit
[2025-08-21 16:05:00] [INFO] No changes detected, skipping commit
[0;34mℹ️  No changes detected, skipping commit[0m
[2025-08-21 16:05:00] [INFO] Auto-commit process completed
[2025-08-21 16:05:00] [INFO] Auto-commit process completed
[0;34mℹ️  Auto-commit process completed[0m
[2025-08-21 16:10:00] [INFO] Starting auto-commit process for bc-express
[2025-08-21 16:10:00] [INFO] Starting auto-commit process for bc-express
[0;34mℹ️  Starting auto-commit process for bc-express[0m
[2025-08-21 16:10:00] [INFO] No changes detected, skipping commit
[2025-08-21 16:10:00] [INFO] No changes detected, skipping commit
[0;34mℹ️  No changes detected, skipping commit[0m
[2025-08-21 16:10:00] [INFO] Auto-commit process completed
[2025-08-21 16:10:00] [INFO] Auto-commit process completed
[0;34mℹ️  Auto-commit process completed[0m
[2025-08-21 16:15:00] [INFO] Starting auto-commit process for bc-express
[2025-08-21 16:15:00] [INFO] Starting auto-commit process for bc-express
[0;34mℹ️  Starting auto-commit process for bc-express[0m
[2025-08-21 16:15:00] [INFO] No changes detected, skipping commit
[2025-08-21 16:15:00] [INFO] No changes detected, skipping commit
[0;34mℹ️  No changes detected, skipping commit[0m
[2025-08-21 16:15:00] [INFO] Auto-commit process completed
[2025-08-21 16:15:00] [INFO] Auto-commit process completed
[0;34mℹ️  Auto-commit process completed[0m
[2025-08-21 16:20:00] [INFO] Starting auto-commit process for bc-express
[2025-08-21 16:20:00] [INFO] Starting auto-commit process for bc-express
[0;34mℹ️  Starting auto-commit process for bc-express[0m
[2025-08-21 16:20:00] [INFO] No changes detected, skipping commit
[2025-08-21 16:20:00] [INFO] No changes detected, skipping commit
[0;34mℹ️  No changes detected, skipping commit[0m
[2025-08-21 16:20:00] [INFO] Auto-commit process completed
[2025-08-21 16:20:00] [INFO] Auto-commit process completed
[0;34mℹ️  Auto-commit process completed[0m
[2025-08-21 16:25:01] [INFO] Starting auto-commit process for bc-express
[2025-08-21 16:25:01] [INFO] Starting auto-commit process for bc-express
[0;34mℹ️  Starting auto-commit process for bc-express[0m
[2025-08-21 16:25:01] [INFO] No changes detected, skipping commit
[2025-08-21 16:25:01] [INFO] No changes detected, skipping commit
[0;34mℹ️  No changes detected, skipping commit[0m
[2025-08-21 16:25:01] [INFO] Auto-commit process completed
[2025-08-21 16:25:01] [INFO] Auto-commit process completed
[0;34mℹ️  Auto-commit process completed[0m
[2025-08-21 16:30:00] [INFO] Starting auto-commit process for bc-express
[2025-08-21 16:30:00] [INFO] Starting auto-commit process for bc-express
[0;34mℹ️  Starting auto-commit process for bc-express[0m
[2025-08-21 16:30:00] [INFO] No changes detected, skipping commit
[2025-08-21 16:30:00] [INFO] No changes detected, skipping commit
[0;34mℹ️  No changes detected, skipping commit[0m
[2025-08-21 16:30:00] [INFO] Auto-commit process completed
[2025-08-21 16:30:00] [INFO] Auto-commit process completed
[0;34mℹ️  Auto-commit process completed[0m
[2025-08-21 16:35:00] [INFO] Starting auto-commit process for bc-express
[2025-08-21 16:35:00] [INFO] Starting auto-commit process for bc-express
[0;34mℹ️  Starting auto-commit process for bc-express[0m
[2025-08-21 16:35:00] [INFO] No changes detected, skipping commit
[2025-08-21 16:35:00] [INFO] No changes detected, skipping commit
[0;34mℹ️  No changes detected, skipping commit[0m
[2025-08-21 16:35:00] [INFO] Auto-commit process completed
[2025-08-21 16:35:00] [INFO] Auto-commit process completed
[0;34mℹ️  Auto-commit process completed[0m
[2025-08-21 16:40:00] [INFO] Starting auto-commit process for bc-express
[2025-08-21 16:40:00] [INFO] Starting auto-commit process for bc-express
[0;34mℹ️  Starting auto-commit process for bc-express[0m
[2025-08-21 16:40:00] [INFO] No changes detected, skipping commit
[2025-08-21 16:40:00] [INFO] No changes detected, skipping commit
[0;34mℹ️  No changes detected, skipping commit[0m
[2025-08-21 16:40:00] [INFO] Auto-commit process completed
[2025-08-21 16:40:00] [INFO] Auto-commit process completed
[0;34mℹ️  Auto-commit process completed[0m
[2025-08-21 16:45:00] [INFO] Starting auto-commit process for bc-express
[2025-08-21 16:45:00] [INFO] Starting auto-commit process for bc-express
[0;34mℹ️  Starting auto-commit process for bc-express[0m
[2025-08-21 16:45:00] [INFO] No changes detected, skipping commit
[2025-08-21 16:45:00] [INFO] No changes detected, skipping commit
[0;34mℹ️  No changes detected, skipping commit[0m
[2025-08-21 16:45:00] [INFO] Auto-commit process completed
[2025-08-21 16:45:00] [INFO] Auto-commit process completed
[0;34mℹ️  Auto-commit process completed[0m
[2025-08-21 16:50:01] [INFO] Starting auto-commit process for bc-express
[2025-08-21 16:50:01] [INFO] Starting auto-commit process for bc-express
[0;34mℹ️  Starting auto-commit process for bc-express[0m
[2025-08-21 16:50:01] [INFO] No changes detected, skipping commit
[2025-08-21 16:50:01] [INFO] No changes detected, skipping commit
[0;34mℹ️  No changes detected, skipping commit[0m
[2025-08-21 16:50:01] [INFO] Auto-commit process completed
[2025-08-21 16:50:01] [INFO] Auto-commit process completed
[0;34mℹ️  Auto-commit process completed[0m
[2025-08-21 16:55:00] [INFO] Starting auto-commit process for bc-express
[2025-08-21 16:55:00] [INFO] Starting auto-commit process for bc-express
[0;34mℹ️  Starting auto-commit process for bc-express[0m
[2025-08-21 16:55:00] [INFO] No changes detected, skipping commit
[2025-08-21 16:55:00] [INFO] No changes detected, skipping commit
[0;34mℹ️  No changes detected, skipping commit[0m
[2025-08-21 16:55:00] [INFO] Auto-commit process completed
[2025-08-21 16:55:00] [INFO] Auto-commit process completed
[0;34mℹ️  Auto-commit process completed[0m
[2025-08-21 17:00:00] [INFO] Starting auto-commit process for bc-express
[2025-08-21 17:00:00] [INFO] Starting auto-commit process for bc-express
[0;34mℹ️  Starting auto-commit process for bc-express[0m
[2025-08-21 17:00:00] [INFO] No changes detected, skipping commit
[2025-08-21 17:00:00] [INFO] No changes detected, skipping commit
[0;34mℹ️  No changes detected, skipping commit[0m
[2025-08-21 17:00:00] [INFO] Auto-commit process completed
[2025-08-21 17:00:00] [INFO] Auto-commit process completed
[0;34mℹ️  Auto-commit process completed[0m
[2025-08-21 17:05:00] [INFO] Starting auto-commit process for bc-express
[2025-08-21 17:05:00] [INFO] Starting auto-commit process for bc-express
[0;34mℹ️  Starting auto-commit process for bc-express[0m
[2025-08-21 17:05:00] [INFO] No changes detected, skipping commit
[2025-08-21 17:05:00] [INFO] No changes detected, skipping commit
[0;34mℹ️  No changes detected, skipping commit[0m
[2025-08-21 17:05:00] [INFO] Auto-commit process completed
[2025-08-21 17:05:00] [INFO] Auto-commit process completed
[0;34mℹ️  Auto-commit process completed[0m
[2025-08-21 17:10:01] [INFO] Starting auto-commit process for bc-express
[2025-08-21 17:10:01] [INFO] Starting auto-commit process for bc-express
[0;34mℹ️  Starting auto-commit process for bc-express[0m
[2025-08-21 17:10:01] [INFO] No changes detected, skipping commit
[2025-08-21 17:10:01] [INFO] No changes detected, skipping commit
[0;34mℹ️  No changes detected, skipping commit[0m
[2025-08-21 17:10:01] [INFO] Auto-commit process completed
[2025-08-21 17:10:01] [INFO] Auto-commit process completed
[0;34mℹ️  Auto-commit process completed[0m
[2025-08-21 17:15:00] [INFO] Starting auto-commit process for bc-express
[2025-08-21 17:15:00] [INFO] Starting auto-commit process for bc-express
[0;34mℹ️  Starting auto-commit process for bc-express[0m
[2025-08-21 17:15:00] [INFO] No changes detected, skipping commit
[2025-08-21 17:15:00] [INFO] No changes detected, skipping commit
[0;34mℹ️  No changes detected, skipping commit[0m
[2025-08-21 17:15:00] [INFO] Auto-commit process completed
[2025-08-21 17:15:00] [INFO] Auto-commit process completed
[0;34mℹ️  Auto-commit process completed[0m
[2025-08-21 17:20:00] [INFO] Starting auto-commit process for bc-express
[2025-08-21 17:20:00] [INFO] Starting auto-commit process for bc-express
[0;34mℹ️  Starting auto-commit process for bc-express[0m
[2025-08-21 17:20:00] [INFO] No changes detected, skipping commit
[2025-08-21 17:20:00] [INFO] No changes detected, skipping commit
[0;34mℹ️  No changes detected, skipping commit[0m
[2025-08-21 17:20:00] [INFO] Auto-commit process completed
[2025-08-21 17:20:00] [INFO] Auto-commit process completed
[0;34mℹ️  Auto-commit process completed[0m
[2025-08-21 17:25:01] [INFO] Starting auto-commit process for bc-express
[2025-08-21 17:25:01] [INFO] Starting auto-commit process for bc-express
[0;34mℹ️  Starting auto-commit process for bc-express[0m
[2025-08-21 17:25:01] [INFO] No changes detected, skipping commit
[2025-08-21 17:25:01] [INFO] No changes detected, skipping commit
[0;34mℹ️  No changes detected, skipping commit[0m
[2025-08-21 17:25:01] [INFO] Auto-commit process completed
[2025-08-21 17:25:01] [INFO] Auto-commit process completed
[0;34mℹ️  Auto-commit process completed[0m
[2025-08-21 17:30:00] [INFO] Starting auto-commit process for bc-express
[2025-08-21 17:30:00] [INFO] Starting auto-commit process for bc-express
[0;34mℹ️  Starting auto-commit process for bc-express[0m
[2025-08-21 17:30:00] [INFO] No changes detected, skipping commit
[2025-08-21 17:30:00] [INFO] No changes detected, skipping commit
[0;34mℹ️  No changes detected, skipping commit[0m
[2025-08-21 17:30:00] [INFO] Auto-commit process completed
[2025-08-21 17:30:00] [INFO] Auto-commit process completed
[0;34mℹ️  Auto-commit process completed[0m
[2025-08-21 17:35:00] [INFO] Starting auto-commit process for bc-express
[2025-08-21 17:35:00] [INFO] Starting auto-commit process for bc-express
[0;34mℹ️  Starting auto-commit process for bc-express[0m
[2025-08-21 17:35:00] [INFO] No changes detected, skipping commit
[2025-08-21 17:35:00] [INFO] No changes detected, skipping commit
[0;34mℹ️  No changes detected, skipping commit[0m
[2025-08-21 17:35:00] [INFO] Auto-commit process completed
[2025-08-21 17:35:00] [INFO] Auto-commit process completed
[0;34mℹ️  Auto-commit process completed[0m
[2025-08-21 18:35:01] [INFO] Starting auto-commit process for bc-express
[2025-08-21 18:35:01] [INFO] Starting auto-commit process for bc-express
[0;34mℹ️  Starting auto-commit process for bc-express[0m
[2025-08-21 18:35:01] [INFO] No changes detected, skipping commit
[2025-08-21 18:35:01] [INFO] No changes detected, skipping commit
[0;34mℹ️  No changes detected, skipping commit[0m
[2025-08-21 18:35:01] [INFO] Auto-commit process completed
[2025-08-21 18:35:01] [INFO] Auto-commit process completed
[0;34mℹ️  Auto-commit process completed[0m
[2025-08-21 18:40:00] [INFO] Starting auto-commit process for bc-express
[2025-08-21 18:40:00] [INFO] Starting auto-commit process for bc-express
[0;34mℹ️  Starting auto-commit process for bc-express[0m
[2025-08-21 18:40:00] [INFO] No changes detected, skipping commit
[2025-08-21 18:40:00] [INFO] No changes detected, skipping commit
[0;34mℹ️  No changes detected, skipping commit[0m
[2025-08-21 18:40:00] [INFO] Auto-commit process completed
[2025-08-21 18:40:00] [INFO] Auto-commit process completed
[0;34mℹ️  Auto-commit process completed[0m
[2025-08-21 18:45:00] [INFO] Starting auto-commit process for bc-express
[2025-08-21 18:45:00] [INFO] Starting auto-commit process for bc-express
[0;34mℹ️  Starting auto-commit process for bc-express[0m
[2025-08-21 18:45:00] [INFO] No changes detected, skipping commit
[2025-08-21 18:45:00] [INFO] No changes detected, skipping commit
[0;34mℹ️  No changes detected, skipping commit[0m
[2025-08-21 18:45:00] [INFO] Auto-commit process completed
[2025-08-21 18:45:00] [INFO] Auto-commit process completed
[0;34mℹ️  Auto-commit process completed[0m
[2025-08-21 18:50:00] [INFO] Starting auto-commit process for bc-express
[2025-08-21 18:50:00] [INFO] Starting auto-commit process for bc-express
[0;34mℹ️  Starting auto-commit process for bc-express[0m
[2025-08-21 18:50:00] [INFO] No changes detected, skipping commit
[2025-08-21 18:50:00] [INFO] No changes detected, skipping commit
[0;34mℹ️  No changes detected, skipping commit[0m
[2025-08-21 18:50:00] [INFO] Auto-commit process completed
[2025-08-21 18:50:00] [INFO] Auto-commit process completed
[0;34mℹ️  Auto-commit process completed[0m
[2025-08-21 18:55:00] [INFO] Starting auto-commit process for bc-express
[2025-08-21 18:55:00] [INFO] Starting auto-commit process for bc-express
[0;34mℹ️  Starting auto-commit process for bc-express[0m
[2025-08-21 18:55:00] [INFO] No changes detected, skipping commit
[2025-08-21 18:55:00] [INFO] No changes detected, skipping commit
[0;34mℹ️  No changes detected, skipping commit[0m
[2025-08-21 18:55:00] [INFO] Auto-commit process completed
[2025-08-21 18:55:00] [INFO] Auto-commit process completed
[0;34mℹ️  Auto-commit process completed[0m
[2025-08-21 19:00:00] [INFO] Starting auto-commit process for bc-express
[2025-08-21 19:00:00] [INFO] Starting auto-commit process for bc-express
[0;34mℹ️  Starting auto-commit process for bc-express[0m
[2025-08-21 19:00:01] [INFO] No changes detected, skipping commit
[2025-08-21 19:00:01] [INFO] No changes detected, skipping commit
[0;34mℹ️  No changes detected, skipping commit[0m
[2025-08-21 19:00:01] [INFO] Auto-commit process completed
[2025-08-21 19:00:01] [INFO] Auto-commit process completed
[0;34mℹ️  Auto-commit process completed[0m
[2025-08-21 19:05:00] [INFO] Starting auto-commit process for bc-express
[2025-08-21 19:05:00] [INFO] Starting auto-commit process for bc-express
[0;34mℹ️  Starting auto-commit process for bc-express[0m
[2025-08-21 19:05:00] [INFO] No changes detected, skipping commit
[2025-08-21 19:05:00] [INFO] No changes detected, skipping commit
[0;34mℹ️  No changes detected, skipping commit[0m
[2025-08-21 19:05:00] [INFO] Auto-commit process completed
[2025-08-21 19:05:00] [INFO] Auto-commit process completed
[0;34mℹ️  Auto-commit process completed[0m
[2025-08-21 19:10:00] [INFO] Starting auto-commit process for bc-express
[2025-08-21 19:10:00] [INFO] Starting auto-commit process for bc-express
[0;34mℹ️  Starting auto-commit process for bc-express[0m
[2025-08-21 19:10:00] [INFO] No changes detected, skipping commit
[2025-08-21 19:10:00] [INFO] No changes detected, skipping commit
[0;34mℹ️  No changes detected, skipping commit[0m
[2025-08-21 19:10:00] [INFO] Auto-commit process completed
[2025-08-21 19:10:00] [INFO] Auto-commit process completed
[0;34mℹ️  Auto-commit process completed[0m
[2025-08-21 19:15:00] [INFO] Starting auto-commit process for bc-express
[2025-08-21 19:15:00] [INFO] Starting auto-commit process for bc-express
[0;34mℹ️  Starting auto-commit process for bc-express[0m
[2025-08-21 19:15:00] [INFO] No changes detected, skipping commit
[2025-08-21 19:15:00] [INFO] No changes detected, skipping commit
[0;34mℹ️  No changes detected, skipping commit[0m
[2025-08-21 19:15:00] [INFO] Auto-commit process completed
[2025-08-21 19:15:00] [INFO] Auto-commit process completed
[0;34mℹ️  Auto-commit process completed[0m
[2025-08-21 19:20:00] [INFO] Starting auto-commit process for bc-express
[2025-08-21 19:20:00] [INFO] Starting auto-commit process for bc-express
[0;34mℹ️  Starting auto-commit process for bc-express[0m
[2025-08-21 19:20:00] [INFO] No changes detected, skipping commit
[2025-08-21 19:20:00] [INFO] No changes detected, skipping commit
[0;34mℹ️  No changes detected, skipping commit[0m
[2025-08-21 19:20:00] [INFO] Auto-commit process completed
[2025-08-21 19:20:00] [INFO] Auto-commit process completed
[0;34mℹ️  Auto-commit process completed[0m
[2025-08-21 19:25:00] [INFO] Starting auto-commit process for bc-express
[2025-08-21 19:25:00] [INFO] Starting auto-commit process for bc-express
[0;34mℹ️  Starting auto-commit process for bc-express[0m
[2025-08-21 19:25:00] [INFO] No changes detected, skipping commit
[2025-08-21 19:25:00] [INFO] No changes detected, skipping commit
[0;34mℹ️  No changes detected, skipping commit[0m
[2025-08-21 19:25:00] [INFO] Auto-commit process completed
[2025-08-21 19:25:00] [INFO] Auto-commit process completed
[0;34mℹ️  Auto-commit process completed[0m
[2025-08-21 19:30:01] [INFO] Starting auto-commit process for bc-express
[2025-08-21 19:30:01] [INFO] Starting auto-commit process for bc-express
[0;34mℹ️  Starting auto-commit process for bc-express[0m
[2025-08-21 19:30:01] [INFO] No changes detected, skipping commit
[2025-08-21 19:30:01] [INFO] No changes detected, skipping commit
[0;34mℹ️  No changes detected, skipping commit[0m
[2025-08-21 19:30:01] [INFO] Auto-commit process completed
[2025-08-21 19:30:01] [INFO] Auto-commit process completed
[0;34mℹ️  Auto-commit process completed[0m
[2025-08-21 19:35:00] [INFO] Starting auto-commit process for bc-express
[2025-08-21 19:35:00] [INFO] Starting auto-commit process for bc-express
[0;34mℹ️  Starting auto-commit process for bc-express[0m
[2025-08-21 19:35:00] [INFO] No changes detected, skipping commit
[2025-08-21 19:35:00] [INFO] No changes detected, skipping commit
[0;34mℹ️  No changes detected, skipping commit[0m
[2025-08-21 19:35:00] [INFO] Auto-commit process completed
[2025-08-21 19:35:00] [INFO] Auto-commit process completed
[0;34mℹ️  Auto-commit process completed[0m
[2025-08-21 19:40:00] [INFO] Starting auto-commit process for bc-express
[2025-08-21 19:40:00] [INFO] Starting auto-commit process for bc-express
[0;34mℹ️  Starting auto-commit process for bc-express[0m
[2025-08-21 19:40:00] [INFO] No changes detected, skipping commit
[2025-08-21 19:40:00] [INFO] No changes detected, skipping commit
[0;34mℹ️  No changes detected, skipping commit[0m
[2025-08-21 19:40:00] [INFO] Auto-commit process completed
[2025-08-21 19:40:00] [INFO] Auto-commit process completed
[0;34mℹ️  Auto-commit process completed[0m
[2025-08-21 19:45:00] [INFO] Starting auto-commit process for bc-express
[2025-08-21 19:45:00] [INFO] Starting auto-commit process for bc-express
[0;34mℹ️  Starting auto-commit process for bc-express[0m
[2025-08-21 19:45:00] [INFO] No changes detected, skipping commit
[2025-08-21 19:45:00] [INFO] No changes detected, skipping commit
[0;34mℹ️  No changes detected, skipping commit[0m
[2025-08-21 19:45:00] [INFO] Auto-commit process completed
[2025-08-21 19:45:00] [INFO] Auto-commit process completed
[0;34mℹ️  Auto-commit process completed[0m
[2025-08-21 19:50:00] [INFO] Starting auto-commit process for bc-express
[2025-08-21 19:50:00] [INFO] Starting auto-commit process for bc-express
[0;34mℹ️  Starting auto-commit process for bc-express[0m
[2025-08-21 19:50:00] [INFO] No changes detected, skipping commit
[2025-08-21 19:50:00] [INFO] No changes detected, skipping commit
[0;34mℹ️  No changes detected, skipping commit[0m
[2025-08-21 19:50:00] [INFO] Auto-commit process completed
[2025-08-21 19:50:00] [INFO] Auto-commit process completed
[0;34mℹ️  Auto-commit process completed[0m
[2025-08-21 19:55:01] [INFO] Starting auto-commit process for bc-express
[2025-08-21 19:55:01] [INFO] Starting auto-commit process for bc-express
[0;34mℹ️  Starting auto-commit process for bc-express[0m
[2025-08-21 19:55:01] [INFO] No changes detected, skipping commit
[2025-08-21 19:55:01] [INFO] No changes detected, skipping commit
[0;34mℹ️  No changes detected, skipping commit[0m
[2025-08-21 19:55:01] [INFO] Auto-commit process completed
[2025-08-21 19:55:01] [INFO] Auto-commit process completed
[0;34mℹ️  Auto-commit process completed[0m
[2025-08-21 20:00:00] [INFO] Starting auto-commit process for bc-express
[2025-08-21 20:00:00] [INFO] Starting auto-commit process for bc-express
[0;34mℹ️  Starting auto-commit process for bc-express[0m
[2025-08-21 20:00:00] [INFO] No changes detected, skipping commit
[2025-08-21 20:00:00] [INFO] No changes detected, skipping commit
[0;34mℹ️  No changes detected, skipping commit[0m
[2025-08-21 20:00:00] [INFO] Auto-commit process completed
[2025-08-21 20:00:00] [INFO] Auto-commit process completed
[0;34mℹ️  Auto-commit process completed[0m
[2025-08-21 20:05:00] [INFO] Starting auto-commit process for bc-express
[2025-08-21 20:05:00] [INFO] Starting auto-commit process for bc-express
[0;34mℹ️  Starting auto-commit process for bc-express[0m
[2025-08-21 20:05:00] [INFO] No changes detected, skipping commit
[2025-08-21 20:05:00] [INFO] No changes detected, skipping commit
[0;34mℹ️  No changes detected, skipping commit[0m
[2025-08-21 20:05:00] [INFO] Auto-commit process completed
[2025-08-21 20:05:00] [INFO] Auto-commit process completed
[0;34mℹ️  Auto-commit process completed[0m
[2025-08-21 20:10:00] [INFO] Starting auto-commit process for bc-express
[2025-08-21 20:10:00] [INFO] Starting auto-commit process for bc-express
[0;34mℹ️  Starting auto-commit process for bc-express[0m
[2025-08-21 20:10:00] [INFO] No changes detected, skipping commit
[2025-08-21 20:10:00] [INFO] No changes detected, skipping commit
[0;34mℹ️  No changes detected, skipping commit[0m
[2025-08-21 20:10:00] [INFO] Auto-commit process completed
[2025-08-21 20:10:00] [INFO] Auto-commit process completed
[0;34mℹ️  Auto-commit process completed[0m
[2025-08-21 20:15:00] [INFO] Starting auto-commit process for bc-express
[2025-08-21 20:15:00] [INFO] Starting auto-commit process for bc-express
[0;34mℹ️  Starting auto-commit process for bc-express[0m
[2025-08-21 20:15:00] [INFO] No changes detected, skipping commit
[2025-08-21 20:15:00] [INFO] No changes detected, skipping commit
[0;34mℹ️  No changes detected, skipping commit[0m
[2025-08-21 20:15:00] [INFO] Auto-commit process completed
[2025-08-21 20:15:00] [INFO] Auto-commit process completed
[0;34mℹ️  Auto-commit process completed[0m
[2025-08-21 20:20:00] [INFO] Starting auto-commit process for bc-express
[2025-08-21 20:20:00] [INFO] Starting auto-commit process for bc-express
[0;34mℹ️  Starting auto-commit process for bc-express[0m
[2025-08-21 20:20:00] [INFO] No changes detected, skipping commit
[2025-08-21 20:20:00] [INFO] No changes detected, skipping commit
[0;34mℹ️  No changes detected, skipping commit[0m
[2025-08-21 20:20:00] [INFO] Auto-commit process completed
[2025-08-21 20:20:00] [INFO] Auto-commit process completed
[0;34mℹ️  Auto-commit process completed[0m
[2025-08-21 20:25:00] [INFO] Starting auto-commit process for bc-express
[2025-08-21 20:25:00] [INFO] Starting auto-commit process for bc-express
[0;34mℹ️  Starting auto-commit process for bc-express[0m
[2025-08-21 20:25:00] [INFO] No changes detected, skipping commit
[2025-08-21 20:25:00] [INFO] No changes detected, skipping commit
[0;34mℹ️  No changes detected, skipping commit[0m
[2025-08-21 20:25:00] [INFO] Auto-commit process completed
[2025-08-21 20:25:00] [INFO] Auto-commit process completed
[0;34mℹ️  Auto-commit process completed[0m
[2025-08-21 20:30:00] [INFO] Starting auto-commit process for bc-express
[2025-08-21 20:30:00] [INFO] Starting auto-commit process for bc-express
[0;34mℹ️  Starting auto-commit process for bc-express[0m
[2025-08-21 20:30:00] [INFO] No changes detected, skipping commit
[2025-08-21 20:30:00] [INFO] No changes detected, skipping commit
[0;34mℹ️  No changes detected, skipping commit[0m
[2025-08-21 20:30:00] [INFO] Auto-commit process completed
[2025-08-21 20:30:00] [INFO] Auto-commit process completed
[0;34mℹ️  Auto-commit process completed[0m
[2025-08-21 20:35:00] [INFO] Starting auto-commit process for bc-express
[2025-08-21 20:35:00] [INFO] Starting auto-commit process for bc-express
[0;34mℹ️  Starting auto-commit process for bc-express[0m
[2025-08-21 20:35:00] [INFO] No changes detected, skipping commit
[2025-08-21 20:35:00] [INFO] No changes detected, skipping commit
[0;34mℹ️  No changes detected, skipping commit[0m
[2025-08-21 20:35:00] [INFO] Auto-commit process completed
[2025-08-21 20:35:00] [INFO] Auto-commit process completed
[0;34mℹ️  Auto-commit process completed[0m
[2025-08-21 20:40:00] [INFO] Starting auto-commit process for bc-express
[2025-08-21 20:40:00] [INFO] Starting auto-commit process for bc-express
[0;34mℹ️  Starting auto-commit process for bc-express[0m
[2025-08-21 20:40:00] [INFO] No changes detected, skipping commit
[2025-08-21 20:40:00] [INFO] No changes detected, skipping commit
[0;34mℹ️  No changes detected, skipping commit[0m
[2025-08-21 20:40:00] [INFO] Auto-commit process completed
[2025-08-21 20:40:00] [INFO] Auto-commit process completed
[0;34mℹ️  Auto-commit process completed[0m
[2025-08-21 20:45:00] [INFO] Starting auto-commit process for bc-express
[2025-08-21 20:45:00] [INFO] Starting auto-commit process for bc-express
[0;34mℹ️  Starting auto-commit process for bc-express[0m
[2025-08-21 20:45:00] [INFO] No changes detected, skipping commit
[2025-08-21 20:45:00] [INFO] No changes detected, skipping commit
[0;34mℹ️  No changes detected, skipping commit[0m
[2025-08-21 20:45:00] [INFO] Auto-commit process completed
[2025-08-21 20:45:00] [INFO] Auto-commit process completed
[0;34mℹ️  Auto-commit process completed[0m
[2025-08-21 20:50:01] [INFO] Starting auto-commit process for bc-express
[2025-08-21 20:50:01] [INFO] Starting auto-commit process for bc-express
[0;34mℹ️  Starting auto-commit process for bc-express[0m
[2025-08-21 20:50:01] [INFO] No changes detected, skipping commit
[2025-08-21 20:50:01] [INFO] No changes detected, skipping commit
[0;34mℹ️  No changes detected, skipping commit[0m
[2025-08-21 20:50:01] [INFO] Auto-commit process completed
[2025-08-21 20:50:01] [INFO] Auto-commit process completed
[0;34mℹ️  Auto-commit process completed[0m
[2025-08-21 20:55:00] [INFO] Starting auto-commit process for bc-express
[2025-08-21 20:55:00] [INFO] Starting auto-commit process for bc-express
[0;34mℹ️  Starting auto-commit process for bc-express[0m
[2025-08-21 20:55:00] [INFO] No changes detected, skipping commit
[2025-08-21 20:55:00] [INFO] No changes detected, skipping commit
[0;34mℹ️  No changes detected, skipping commit[0m
[2025-08-21 20:55:00] [INFO] Auto-commit process completed
[2025-08-21 20:55:00] [INFO] Auto-commit process completed
[0;34mℹ️  Auto-commit process completed[0m
[2025-08-21 21:00:00] [INFO] Starting auto-commit process for bc-express
[2025-08-21 21:00:00] [INFO] Starting auto-commit process for bc-express
[0;34mℹ️  Starting auto-commit process for bc-express[0m
[2025-08-21 21:00:00] [INFO] No changes detected, skipping commit
[2025-08-21 21:00:00] [INFO] No changes detected, skipping commit
[0;34mℹ️  No changes detected, skipping commit[0m
[2025-08-21 21:00:00] [INFO] Auto-commit process completed
[2025-08-21 21:00:00] [INFO] Auto-commit process completed
[0;34mℹ️  Auto-commit process completed[0m
[2025-08-21 21:05:00] [INFO] Starting auto-commit process for bc-express
[2025-08-21 21:05:00] [INFO] Starting auto-commit process for bc-express
[0;34mℹ️  Starting auto-commit process for bc-express[0m
[2025-08-21 21:05:00] [INFO] No changes detected, skipping commit
[2025-08-21 21:05:00] [INFO] No changes detected, skipping commit
[0;34mℹ️  No changes detected, skipping commit[0m
[2025-08-21 21:05:00] [INFO] Auto-commit process completed
[2025-08-21 21:05:00] [INFO] Auto-commit process completed
[0;34mℹ️  Auto-commit process completed[0m
[2025-08-21 21:10:00] [INFO] Starting auto-commit process for bc-express
[2025-08-21 21:10:00] [INFO] Starting auto-commit process for bc-express
[0;34mℹ️  Starting auto-commit process for bc-express[0m
[2025-08-21 21:10:00] [INFO] No changes detected, skipping commit
[2025-08-21 21:10:00] [INFO] No changes detected, skipping commit
[0;34mℹ️  No changes detected, skipping commit[0m
[2025-08-21 21:10:00] [INFO] Auto-commit process completed
[2025-08-21 21:10:00] [INFO] Auto-commit process completed
[0;34mℹ️  Auto-commit process completed[0m
[2025-08-21 21:15:00] [INFO] Starting auto-commit process for bc-express
[2025-08-21 21:15:00] [INFO] Starting auto-commit process for bc-express
[0;34mℹ️  Starting auto-commit process for bc-express[0m
[2025-08-21 21:15:00] [INFO] No changes detected, skipping commit
[2025-08-21 21:15:00] [INFO] No changes detected, skipping commit
[0;34mℹ️  No changes detected, skipping commit[0m
[2025-08-21 21:15:00] [INFO] Auto-commit process completed
[2025-08-21 21:15:00] [INFO] Auto-commit process completed
[0;34mℹ️  Auto-commit process completed[0m
[2025-08-21 21:20:01] [INFO] Starting auto-commit process for bc-express
[2025-08-21 21:20:01] [INFO] Starting auto-commit process for bc-express
[0;34mℹ️  Starting auto-commit process for bc-express[0m
[2025-08-21 21:20:01] [INFO] No changes detected, skipping commit
[2025-08-21 21:20:01] [INFO] No changes detected, skipping commit
[0;34mℹ️  No changes detected, skipping commit[0m
[2025-08-21 21:20:01] [INFO] Auto-commit process completed
[2025-08-21 21:20:01] [INFO] Auto-commit process completed
[0;34mℹ️  Auto-commit process completed[0m
[2025-08-21 21:25:00] [INFO] Starting auto-commit process for bc-express
[2025-08-21 21:25:00] [INFO] Starting auto-commit process for bc-express
[0;34mℹ️  Starting auto-commit process for bc-express[0m
[2025-08-21 21:25:00] [INFO] No changes detected, skipping commit
[2025-08-21 21:25:00] [INFO] No changes detected, skipping commit
[0;34mℹ️  No changes detected, skipping commit[0m
[2025-08-21 21:25:00] [INFO] Auto-commit process completed
[2025-08-21 21:25:00] [INFO] Auto-commit process completed
[0;34mℹ️  Auto-commit process completed[0m
[2025-08-21 21:30:00] [INFO] Starting auto-commit process for bc-express
[2025-08-21 21:30:00] [INFO] Starting auto-commit process for bc-express
[0;34mℹ️  Starting auto-commit process for bc-express[0m
[2025-08-21 21:30:00] [INFO] No changes detected, skipping commit
[2025-08-21 21:30:00] [INFO] No changes detected, skipping commit
[0;34mℹ️  No changes detected, skipping commit[0m
[2025-08-21 21:30:00] [INFO] Auto-commit process completed
[2025-08-21 21:30:00] [INFO] Auto-commit process completed
[0;34mℹ️  Auto-commit process completed[0m
[2025-08-21 21:35:00] [INFO] Starting auto-commit process for bc-express
[2025-08-21 21:35:00] [INFO] Starting auto-commit process for bc-express
[0;34mℹ️  Starting auto-commit process for bc-express[0m
[2025-08-21 21:35:00] [INFO] No changes detected, skipping commit
[2025-08-21 21:35:00] [INFO] No changes detected, skipping commit
[0;34mℹ️  No changes detected, skipping commit[0m
[2025-08-21 21:35:00] [INFO] Auto-commit process completed
[2025-08-21 21:35:00] [INFO] Auto-commit process completed
[0;34mℹ️  Auto-commit process completed[0m
[2025-08-22 15:05:00] [INFO] Starting auto-commit process for bc-express
[2025-08-22 15:05:00] [INFO] Starting auto-commit process for bc-express
[0;34mℹ️  Starting auto-commit process for bc-express[0m
[2025-08-22 15:05:00] [INFO] No changes detected, skipping commit
[2025-08-22 15:05:00] [INFO] No changes detected, skipping commit
[0;34mℹ️  No changes detected, skipping commit[0m
[2025-08-22 15:05:00] [INFO] Auto-commit process completed
[2025-08-22 15:05:00] [INFO] Auto-commit process completed
[0;34mℹ️  Auto-commit process completed[0m
[2025-08-22 15:10:01] [INFO] Starting auto-commit process for bc-express
[2025-08-22 15:10:01] [INFO] Starting auto-commit process for bc-express
[0;34mℹ️  Starting auto-commit process for bc-express[0m
[2025-08-22 15:10:01] [INFO] No changes detected, skipping commit
[2025-08-22 15:10:01] [INFO] No changes detected, skipping commit
[0;34mℹ️  No changes detected, skipping commit[0m
[2025-08-22 15:10:01] [INFO] Auto-commit process completed
[2025-08-22 15:10:01] [INFO] Auto-commit process completed
[0;34mℹ️  Auto-commit process completed[0m
[2025-08-22 17:45:00] [INFO] Starting auto-commit process for bc-express
[2025-08-22 17:45:00] [INFO] Starting auto-commit process for bc-express
[0;34mℹ️  Starting auto-commit process for bc-express[0m
[2025-08-22 17:45:00] [INFO] No changes detected, skipping commit
[2025-08-22 17:45:00] [INFO] No changes detected, skipping commit
[0;34mℹ️  No changes detected, skipping commit[0m
[2025-08-22 17:45:00] [INFO] Auto-commit process completed
[2025-08-22 17:45:00] [INFO] Auto-commit process completed
[0;34mℹ️  Auto-commit process completed[0m
[2025-08-22 17:50:00] [INFO] Starting auto-commit process for bc-express
[2025-08-22 17:50:00] [INFO] Starting auto-commit process for bc-express
[0;34mℹ️  Starting auto-commit process for bc-express[0m
[2025-08-22 17:50:00] [INFO] No changes detected, skipping commit
[2025-08-22 17:50:00] [INFO] No changes detected, skipping commit
[0;34mℹ️  No changes detected, skipping commit[0m
[2025-08-22 17:50:00] [INFO] Auto-commit process completed
[2025-08-22 17:50:00] [INFO] Auto-commit process completed
[0;34mℹ️  Auto-commit process completed[0m
[2025-08-22 17:55:01] [INFO] Starting auto-commit process for bc-express
[2025-08-22 17:55:01] [INFO] Starting auto-commit process for bc-express
[0;34mℹ️  Starting auto-commit process for bc-express[0m
[2025-08-22 17:55:01] [INFO] No changes detected, skipping commit
[2025-08-22 17:55:01] [INFO] No changes detected, skipping commit
[0;34mℹ️  No changes detected, skipping commit[0m
[2025-08-22 17:55:01] [INFO] Auto-commit process completed
[2025-08-22 17:55:01] [INFO] Auto-commit process completed
[0;34mℹ️  Auto-commit process completed[0m
[2025-08-22 18:00:00] [INFO] Starting auto-commit process for bc-express
[2025-08-22 18:00:00] [INFO] Starting auto-commit process for bc-express
[0;34mℹ️  Starting auto-commit process for bc-express[0m
[2025-08-22 18:00:00] [INFO] No changes detected, skipping commit
[2025-08-22 18:00:00] [INFO] No changes detected, skipping commit
[0;34mℹ️  No changes detected, skipping commit[0m
[2025-08-22 18:00:00] [INFO] Auto-commit process completed
[2025-08-22 18:00:00] [INFO] Auto-commit process completed
[0;34mℹ️  Auto-commit process completed[0m
[2025-08-22 18:05:00] [INFO] Starting auto-commit process for bc-express
[2025-08-22 18:05:00] [INFO] Starting auto-commit process for bc-express
[0;34mℹ️  Starting auto-commit process for bc-express[0m
[2025-08-22 18:05:00] [INFO] No changes detected, skipping commit
[2025-08-22 18:05:00] [INFO] No changes detected, skipping commit
[0;34mℹ️  No changes detected, skipping commit[0m
[2025-08-22 18:05:00] [INFO] Auto-commit process completed
[2025-08-22 18:05:00] [INFO] Auto-commit process completed
[0;34mℹ️  Auto-commit process completed[0m
[2025-08-22 18:30:00] [INFO] Starting auto-commit process for bc-express
[2025-08-22 18:30:00] [INFO] Starting auto-commit process for bc-express
[0;34mℹ️  Starting auto-commit process for bc-express[0m
[2025-08-22 18:30:00] [INFO] No changes detected, skipping commit
[2025-08-22 18:30:00] [INFO] No changes detected, skipping commit
[0;34mℹ️  No changes detected, skipping commit[0m
[2025-08-22 18:30:00] [INFO] Auto-commit process completed
[2025-08-22 18:30:00] [INFO] Auto-commit process completed
[0;34mℹ️  Auto-commit process completed[0m
[2025-08-22 18:35:00] [INFO] Starting auto-commit process for bc-express
[2025-08-22 18:35:00] [INFO] Starting auto-commit process for bc-express
[0;34mℹ️  Starting auto-commit process for bc-express[0m
[2025-08-22 18:35:00] [INFO] No changes detected, skipping commit
[2025-08-22 18:35:00] [INFO] No changes detected, skipping commit
[0;34mℹ️  No changes detected, skipping commit[0m
[2025-08-22 18:35:00] [INFO] Auto-commit process completed
[2025-08-22 18:35:00] [INFO] Auto-commit process completed
[0;34mℹ️  Auto-commit process completed[0m
[2025-08-22 18:40:01] [INFO] Starting auto-commit process for bc-express
[2025-08-22 18:40:01] [INFO] Starting auto-commit process for bc-express
[0;34mℹ️  Starting auto-commit process for bc-express[0m
[2025-08-22 18:40:01] [INFO] No changes detected, skipping commit
[2025-08-22 18:40:01] [INFO] No changes detected, skipping commit
[0;34mℹ️  No changes detected, skipping commit[0m
[2025-08-22 18:40:01] [INFO] Auto-commit process completed
[2025-08-22 18:40:01] [INFO] Auto-commit process completed
[0;34mℹ️  Auto-commit process completed[0m
[2025-08-22 18:45:00] [INFO] Starting auto-commit process for bc-express
[2025-08-22 18:45:00] [INFO] Starting auto-commit process for bc-express
[0;34mℹ️  Starting auto-commit process for bc-express[0m
[2025-08-22 18:45:00] [INFO] No changes detected, skipping commit
[2025-08-22 18:45:00] [INFO] No changes detected, skipping commit
[0;34mℹ️  No changes detected, skipping commit[0m
[2025-08-22 18:45:00] [INFO] Auto-commit process completed
[2025-08-22 18:45:00] [INFO] Auto-commit process completed
[0;34mℹ️  Auto-commit process completed[0m
[2025-08-22 18:50:00] [INFO] Starting auto-commit process for bc-express
[2025-08-22 18:50:00] [INFO] Starting auto-commit process for bc-express
[0;34mℹ️  Starting auto-commit process for bc-express[0m
[2025-08-22 18:50:00] [INFO] No changes detected, skipping commit
[2025-08-22 18:50:00] [INFO] No changes detected, skipping commit
[0;34mℹ️  No changes detected, skipping commit[0m
[2025-08-22 18:50:00] [INFO] Auto-commit process completed
[2025-08-22 18:50:00] [INFO] Auto-commit process completed
[0;34mℹ️  Auto-commit process completed[0m
[2025-08-22 18:55:00] [INFO] Starting auto-commit process for bc-express
[2025-08-22 18:55:00] [INFO] Starting auto-commit process for bc-express
[0;34mℹ️  Starting auto-commit process for bc-express[0m
[2025-08-22 18:55:00] [INFO] No changes detected, skipping commit
[2025-08-22 18:55:00] [INFO] No changes detected, skipping commit
[0;34mℹ️  No changes detected, skipping commit[0m
[2025-08-22 18:55:00] [INFO] Auto-commit process completed
[2025-08-22 18:55:00] [INFO] Auto-commit process completed
[0;34mℹ️  Auto-commit process completed[0m
[2025-08-22 19:00:00] [INFO] Starting auto-commit process for bc-express
[2025-08-22 19:00:00] [INFO] Starting auto-commit process for bc-express
[0;34mℹ️  Starting auto-commit process for bc-express[0m
[2025-08-22 19:00:00] [INFO] No changes detected, skipping commit
[2025-08-22 19:00:00] [INFO] No changes detected, skipping commit
[0;34mℹ️  No changes detected, skipping commit[0m
[2025-08-22 19:00:00] [INFO] Auto-commit process completed
[2025-08-22 19:00:00] [INFO] Auto-commit process completed
[0;34mℹ️  Auto-commit process completed[0m
[2025-08-22 19:05:00] [INFO] Starting auto-commit process for bc-express
[2025-08-22 19:05:00] [INFO] Starting auto-commit process for bc-express
[0;34mℹ️  Starting auto-commit process for bc-express[0m
[2025-08-22 19:05:00] [INFO] No changes detected, skipping commit
[2025-08-22 19:05:00] [INFO] No changes detected, skipping commit
[0;34mℹ️  No changes detected, skipping commit[0m
[2025-08-22 19:05:00] [INFO] Auto-commit process completed
[2025-08-22 19:05:00] [INFO] Auto-commit process completed
[0;34mℹ️  Auto-commit process completed[0m
[2025-08-22 19:10:01] [INFO] Starting auto-commit process for bc-express
[2025-08-22 19:10:01] [INFO] Starting auto-commit process for bc-express
[0;34mℹ️  Starting auto-commit process for bc-express[0m
[2025-08-22 19:10:01] [INFO] No changes detected, skipping commit
[2025-08-22 19:10:01] [INFO] No changes detected, skipping commit
[0;34mℹ️  No changes detected, skipping commit[0m
[2025-08-22 19:10:01] [INFO] Auto-commit process completed
[2025-08-22 19:10:01] [INFO] Auto-commit process completed
[0;34mℹ️  Auto-commit process completed[0m
[2025-08-22 19:15:00] [INFO] Starting auto-commit process for bc-express
[2025-08-22 19:15:00] [INFO] Starting auto-commit process for bc-express
[0;34mℹ️  Starting auto-commit process for bc-express[0m
[2025-08-22 19:15:00] [INFO] No changes detected, skipping commit
[2025-08-22 19:15:00] [INFO] No changes detected, skipping commit
[0;34mℹ️  No changes detected, skipping commit[0m
[2025-08-22 19:15:00] [INFO] Auto-commit process completed
[2025-08-22 19:15:00] [INFO] Auto-commit process completed
[0;34mℹ️  Auto-commit process completed[0m
[2025-08-22 19:20:00] [INFO] Starting auto-commit process for bc-express
[2025-08-22 19:20:00] [INFO] Starting auto-commit process for bc-express
[0;34mℹ️  Starting auto-commit process for bc-express[0m
[2025-08-22 19:20:00] [INFO] No changes detected, skipping commit
[2025-08-22 19:20:00] [INFO] No changes detected, skipping commit
[0;34mℹ️  No changes detected, skipping commit[0m
[2025-08-22 19:20:00] [INFO] Auto-commit process completed
[2025-08-22 19:20:00] [INFO] Auto-commit process completed
[0;34mℹ️  Auto-commit process completed[0m
[2025-08-22 19:25:00] [INFO] Starting auto-commit process for bc-express
[2025-08-22 19:25:00] [INFO] Starting auto-commit process for bc-express
[0;34mℹ️  Starting auto-commit process for bc-express[0m
[2025-08-22 19:25:00] [INFO] No changes detected, skipping commit
[2025-08-22 19:25:00] [INFO] No changes detected, skipping commit
[0;34mℹ️  No changes detected, skipping commit[0m
[2025-08-22 19:25:00] [INFO] Auto-commit process completed
[2025-08-22 19:25:00] [INFO] Auto-commit process completed
[0;34mℹ️  Auto-commit process completed[0m
[2025-08-22 19:30:00] [INFO] Starting auto-commit process for bc-express
[2025-08-22 19:30:00] [INFO] Starting auto-commit process for bc-express
[0;34mℹ️  Starting auto-commit process for bc-express[0m
[2025-08-22 19:30:00] [INFO] No changes detected, skipping commit
[2025-08-22 19:30:00] [INFO] No changes detected, skipping commit
[0;34mℹ️  No changes detected, skipping commit[0m
[2025-08-22 19:30:00] [INFO] Auto-commit process completed
[2025-08-22 19:30:00] [INFO] Auto-commit process completed
[0;34mℹ️  Auto-commit process completed[0m
[2025-08-22 19:35:00] [INFO] Starting auto-commit process for bc-express
[2025-08-22 19:35:00] [INFO] Starting auto-commit process for bc-express
[0;34mℹ️  Starting auto-commit process for bc-express[0m
[2025-08-22 19:35:01] [INFO] No changes detected, skipping commit
[2025-08-22 19:35:01] [INFO] No changes detected, skipping commit
[0;34mℹ️  No changes detected, skipping commit[0m
[2025-08-22 19:35:01] [INFO] Auto-commit process completed
[2025-08-22 19:35:01] [INFO] Auto-commit process completed
[0;34mℹ️  Auto-commit process completed[0m
[2025-08-22 19:40:00] [INFO] Starting auto-commit process for bc-express
[2025-08-22 19:40:00] [INFO] Starting auto-commit process for bc-express
[0;34mℹ️  Starting auto-commit process for bc-express[0m
[2025-08-22 19:40:00] [INFO] No changes detected, skipping commit
[2025-08-22 19:40:00] [INFO] No changes detected, skipping commit
[0;34mℹ️  No changes detected, skipping commit[0m
[2025-08-22 19:40:00] [INFO] Auto-commit process completed
[2025-08-22 19:40:00] [INFO] Auto-commit process completed
[0;34mℹ️  Auto-commit process completed[0m
[2025-08-22 19:45:00] [INFO] Starting auto-commit process for bc-express
[2025-08-22 19:45:00] [INFO] Starting auto-commit process for bc-express
[0;34mℹ️  Starting auto-commit process for bc-express[0m
[2025-08-22 19:45:00] [INFO] No changes detected, skipping commit
[2025-08-22 19:45:00] [INFO] No changes detected, skipping commit
[0;34mℹ️  No changes detected, skipping commit[0m
[2025-08-22 19:45:00] [INFO] Auto-commit process completed
[2025-08-22 19:45:00] [INFO] Auto-commit process completed
[0;34mℹ️  Auto-commit process completed[0m
[2025-08-22 19:50:00] [INFO] Starting auto-commit process for bc-express
[2025-08-22 19:50:00] [INFO] Starting auto-commit process for bc-express
[0;34mℹ️  Starting auto-commit process for bc-express[0m
[2025-08-22 19:50:00] [INFO] No changes detected, skipping commit
[2025-08-22 19:50:00] [INFO] No changes detected, skipping commit
[0;34mℹ️  No changes detected, skipping commit[0m
[2025-08-22 19:50:00] [INFO] Auto-commit process completed
[2025-08-22 19:50:00] [INFO] Auto-commit process completed
[0;34mℹ️  Auto-commit process completed[0m
[2025-08-22 19:55:00] [INFO] Starting auto-commit process for bc-express
[2025-08-22 19:55:00] [INFO] Starting auto-commit process for bc-express
[0;34mℹ️  Starting auto-commit process for bc-express[0m
[2025-08-22 19:55:00] [INFO] No changes detected, skipping commit
[2025-08-22 19:55:00] [INFO] No changes detected, skipping commit
[0;34mℹ️  No changes detected, skipping commit[0m
[2025-08-22 19:55:00] [INFO] Auto-commit process completed
[2025-08-22 19:55:00] [INFO] Auto-commit process completed
[0;34mℹ️  Auto-commit process completed[0m
[2025-08-22 20:00:00] [INFO] Starting auto-commit process for bc-express
[2025-08-22 20:00:00] [INFO] Starting auto-commit process for bc-express
[0;34mℹ️  Starting auto-commit process for bc-express[0m
[2025-08-22 20:00:01] [INFO] No changes detected, skipping commit
[2025-08-22 20:00:01] [INFO] No changes detected, skipping commit
[0;34mℹ️  No changes detected, skipping commit[0m
[2025-08-22 20:00:01] [INFO] Auto-commit process completed
[2025-08-22 20:00:01] [INFO] Auto-commit process completed
[0;34mℹ️  Auto-commit process completed[0m
[2025-08-22 20:05:00] [INFO] Starting auto-commit process for bc-express
[2025-08-22 20:05:00] [INFO] Starting auto-commit process for bc-express
[0;34mℹ️  Starting auto-commit process for bc-express[0m
[2025-08-22 20:05:00] [INFO] No changes detected, skipping commit
[2025-08-22 20:05:00] [INFO] No changes detected, skipping commit
[0;34mℹ️  No changes detected, skipping commit[0m
[2025-08-22 20:05:00] [INFO] Auto-commit process completed
[2025-08-22 20:05:00] [INFO] Auto-commit process completed
[0;34mℹ️  Auto-commit process completed[0m
[2025-08-22 20:10:00] [INFO] Starting auto-commit process for bc-express
[2025-08-22 20:10:00] [INFO] Starting auto-commit process for bc-express
[0;34mℹ️  Starting auto-commit process for bc-express[0m
[2025-08-22 20:10:00] [INFO] No changes detected, skipping commit
[2025-08-22 20:10:00] [INFO] No changes detected, skipping commit
[0;34mℹ️  No changes detected, skipping commit[0m
[2025-08-22 20:10:00] [INFO] Auto-commit process completed
[2025-08-22 20:10:00] [INFO] Auto-commit process completed
[0;34mℹ️  Auto-commit process completed[0m
[2025-08-22 20:15:00] [INFO] Starting auto-commit process for bc-express
[2025-08-22 20:15:00] [INFO] Starting auto-commit process for bc-express
[0;34mℹ️  Starting auto-commit process for bc-express[0m
[2025-08-22 20:15:00] [INFO] No changes detected, skipping commit
[2025-08-22 20:15:00] [INFO] No changes detected, skipping commit
[0;34mℹ️  No changes detected, skipping commit[0m
[2025-08-22 20:15:00] [INFO] Auto-commit process completed
[2025-08-22 20:15:00] [INFO] Auto-commit process completed
[0;34mℹ️  Auto-commit process completed[0m
[2025-08-22 20:20:00] [INFO] Starting auto-commit process for bc-express
[2025-08-22 20:20:00] [INFO] Starting auto-commit process for bc-express
[0;34mℹ️  Starting auto-commit process for bc-express[0m
[2025-08-22 20:20:00] [INFO] No changes detected, skipping commit
[2025-08-22 20:20:00] [INFO] No changes detected, skipping commit
[0;34mℹ️  No changes detected, skipping commit[0m
[2025-08-22 20:20:00] [INFO] Auto-commit process completed
[2025-08-22 20:20:00] [INFO] Auto-commit process completed
[0;34mℹ️  Auto-commit process completed[0m
[2025-08-22 20:25:00] [INFO] Starting auto-commit process for bc-express
[2025-08-22 20:25:00] [INFO] Starting auto-commit process for bc-express
[0;34mℹ️  Starting auto-commit process for bc-express[0m
[2025-08-22 20:25:00] [INFO] No changes detected, skipping commit
[2025-08-22 20:25:00] [INFO] No changes detected, skipping commit
[0;34mℹ️  No changes detected, skipping commit[0m
[2025-08-22 20:25:00] [INFO] Auto-commit process completed
[2025-08-22 20:25:00] [INFO] Auto-commit process completed
[0;34mℹ️  Auto-commit process completed[0m
[2025-08-22 20:30:01] [INFO] Starting auto-commit process for bc-express
[2025-08-22 20:30:01] [INFO] Starting auto-commit process for bc-express
[0;34mℹ️  Starting auto-commit process for bc-express[0m
[2025-08-22 20:30:01] [INFO] No changes detected, skipping commit
[2025-08-22 20:30:01] [INFO] No changes detected, skipping commit
[0;34mℹ️  No changes detected, skipping commit[0m
[2025-08-22 20:30:01] [INFO] Auto-commit process completed
[2025-08-22 20:30:01] [INFO] Auto-commit process completed
[0;34mℹ️  Auto-commit process completed[0m
[2025-08-22 20:35:00] [INFO] Starting auto-commit process for bc-express
[2025-08-22 20:35:00] [INFO] Starting auto-commit process for bc-express
[0;34mℹ️  Starting auto-commit process for bc-express[0m
[2025-08-22 20:35:00] [INFO] No changes detected, skipping commit
[2025-08-22 20:35:00] [INFO] No changes detected, skipping commit
[0;34mℹ️  No changes detected, skipping commit[0m
[2025-08-22 20:35:00] [INFO] Auto-commit process completed
[2025-08-22 20:35:00] [INFO] Auto-commit process completed
[0;34mℹ️  Auto-commit process completed[0m
[2025-08-22 20:40:00] [INFO] Starting auto-commit process for bc-express
[2025-08-22 20:40:00] [INFO] Starting auto-commit process for bc-express
[0;34mℹ️  Starting auto-commit process for bc-express[0m
[2025-08-22 20:40:00] [INFO] No changes detected, skipping commit
[2025-08-22 20:40:00] [INFO] No changes detected, skipping commit
[0;34mℹ️  No changes detected, skipping commit[0m
[2025-08-22 20:40:00] [INFO] Auto-commit process completed
[2025-08-22 20:40:00] [INFO] Auto-commit process completed
[0;34mℹ️  Auto-commit process completed[0m
[2025-08-22 20:45:00] [INFO] Starting auto-commit process for bc-express
[2025-08-22 20:45:00] [INFO] Starting auto-commit process for bc-express
[0;34mℹ️  Starting auto-commit process for bc-express[0m
[2025-08-22 20:45:00] [INFO] No changes detected, skipping commit
[2025-08-22 20:45:00] [INFO] No changes detected, skipping commit
[0;34mℹ️  No changes detected, skipping commit[0m
[2025-08-22 20:45:00] [INFO] Auto-commit process completed
[2025-08-22 20:45:00] [INFO] Auto-commit process completed
[0;34mℹ️  Auto-commit process completed[0m
[2025-08-22 20:50:00] [INFO] Starting auto-commit process for bc-express
[2025-08-22 20:50:00] [INFO] Starting auto-commit process for bc-express
[0;34mℹ️  Starting auto-commit process for bc-express[0m
[2025-08-22 20:50:00] [INFO] No changes detected, skipping commit
[2025-08-22 20:50:00] [INFO] No changes detected, skipping commit
[0;34mℹ️  No changes detected, skipping commit[0m
[2025-08-22 20:50:00] [INFO] Auto-commit process completed
[2025-08-22 20:50:00] [INFO] Auto-commit process completed
[0;34mℹ️  Auto-commit process completed[0m
[2025-08-22 20:55:01] [INFO] Starting auto-commit process for bc-express
[2025-08-22 20:55:01] [INFO] Starting auto-commit process for bc-express
[0;34mℹ️  Starting auto-commit process for bc-express[0m
[2025-08-22 20:55:01] [INFO] No changes detected, skipping commit
[2025-08-22 20:55:01] [INFO] No changes detected, skipping commit
[0;34mℹ️  No changes detected, skipping commit[0m
[2025-08-22 20:55:01] [INFO] Auto-commit process completed
[2025-08-22 20:55:01] [INFO] Auto-commit process completed
[0;34mℹ️  Auto-commit process completed[0m
[2025-08-22 21:00:00] [INFO] Starting auto-commit process for bc-express
[2025-08-22 21:00:00] [INFO] Starting auto-commit process for bc-express
[0;34mℹ️  Starting auto-commit process for bc-express[0m
[2025-08-22 21:00:00] [INFO] No changes detected, skipping commit
[2025-08-22 21:00:00] [INFO] No changes detected, skipping commit
[0;34mℹ️  No changes detected, skipping commit[0m
[2025-08-22 21:00:00] [INFO] Auto-commit process completed
[2025-08-22 21:00:00] [INFO] Auto-commit process completed
[0;34mℹ️  Auto-commit process completed[0m
[2025-08-22 21:05:00] [INFO] Starting auto-commit process for bc-express
[2025-08-22 21:05:00] [INFO] Starting auto-commit process for bc-express
[0;34mℹ️  Starting auto-commit process for bc-express[0m
[2025-08-22 21:05:00] [INFO] No changes detected, skipping commit
[2025-08-22 21:05:00] [INFO] No changes detected, skipping commit
[0;34mℹ️  No changes detected, skipping commit[0m
[2025-08-22 21:05:00] [INFO] Auto-commit process completed
[2025-08-22 21:05:00] [INFO] Auto-commit process completed
[0;34mℹ️  Auto-commit process completed[0m
[2025-08-22 21:10:01] [INFO] Starting auto-commit process for bc-express
[2025-08-22 21:10:01] [INFO] Starting auto-commit process for bc-express
[0;34mℹ️  Starting auto-commit process for bc-express[0m
[2025-08-22 21:10:01] [INFO] No changes detected, skipping commit
[2025-08-22 21:10:01] [INFO] No changes detected, skipping commit
[0;34mℹ️  No changes detected, skipping commit[0m
[2025-08-22 21:10:01] [INFO] Auto-commit process completed
[2025-08-22 21:10:01] [INFO] Auto-commit process completed
[0;34mℹ️  Auto-commit process completed[0m
[2025-08-22 21:15:00] [INFO] Starting auto-commit process for bc-express
[2025-08-22 21:15:00] [INFO] Starting auto-commit process for bc-express
[0;34mℹ️  Starting auto-commit process for bc-express[0m
[2025-08-22 21:15:00] [INFO] Changes detected, proceeding with auto-commit
[2025-08-22 21:15:00] [INFO] Changes detected, proceeding with auto-commit
[0;34mℹ️  Changes detected, proceeding with auto-commit[0m
[main f191817] docs(docs): update and add documentation
 6 files changed, 3268 insertions(+)
 create mode 100644 EVALUACION_CUMPLIMIENTO_TEMPLATE.md
 create mode 100644 _docs/template-bootcamp/CANDIDATES.md
 create mode 100644 _docs/template-bootcamp/PLANTILLA_ESTRUCTURA_BOOTCAMP.md
 create mode 100644 _docs/template-bootcamp/RECOMENDACION_EJECUTIVA_BOOTCAMP.md
 create mode 100644 _docs/template-bootcamp/RECOMENDACION_FINAL_BOOTCAMPS.md
[2025-08-22 21:15:00] [SUCCESS] Auto-commit successful: docs(docs): update and add documentation

- Modified files: 1
- Added files: 5

Auto-committed by bc-express automation
[2025-08-22 21:15:00] [SUCCESS] Auto-commit successful: docs(docs): update and add documentation

- Modified files: 1
- Added files: 5

Auto-committed by bc-express automation
[0;32m✅ Auto-commit successful: docs(docs): update and add documentation

- Modified files: 1
- Added files: 5

Auto-committed by bc-express automation[0m
[2025-08-22 21:15:00] [INFO] Auto-commit process completed
[2025-08-22 21:15:00] [INFO] Auto-commit process completed
[0;34mℹ️  Auto-commit process completed[0m
[2025-08-22 21:20:00] [INFO] Starting auto-commit process for bc-express
[2025-08-22 21:20:00] [INFO] Starting auto-commit process for bc-express
[0;34mℹ️  Starting auto-commit process for bc-express[0m
[2025-08-22 21:20:00] [INFO] Changes detected, proceeding with auto-commit
[2025-08-22 21:20:00] [INFO] Changes detected, proceeding with auto-commit
[0;34mℹ️  Changes detected, proceeding with auto-commit[0m
[main 6e60404] docs(week11): update and add documentation
 14 files changed, 491 insertions(+), 562 deletions(-)
 delete mode 100644 ESTRUCTURA.md
 delete mode 100644 ESTRUCTURA_BOOTCAMP.md
 create mode 100644 VALIDACION_TEMPLATE_AUTOMATICA.md
 create mode 100755 _scripts/validation/validate-template-compliance.sh
 delete mode 100644 semana-11/0-epti/.gitkeep
 delete mode 100644 semana-11/1-teoria/.gitkeep
 delete mode 100644 semana-11/2-practica/.gitkeep
 delete mode 100644 semana-11/3-ejercicios/.gitkeep
 delete mode 100644 semana-11/4-proyecto/.gitkeep
 delete mode 100644 semana-11/5-recursos/.gitkeep
 delete mode 100644 semana-11/README.md
 delete mode 100644 semana-11/RUBRICA_EVALUACION.MD
[2025-08-22 21:20:00] [SUCCESS] Auto-commit successful: docs(week11): update and add documentation

- Modified files: 2
- Added files: 2
- Deleted files: 10

Auto-committed by bc-express automation
[2025-08-22 21:20:00] [SUCCESS] Auto-commit successful: docs(week11): update and add documentation

- Modified files: 2
- Added files: 2
- Deleted files: 10

Auto-committed by bc-express automation
[0;32m✅ Auto-commit successful: docs(week11): update and add documentation

- Modified files: 2
- Added files: 2
- Deleted files: 10

Auto-committed by bc-express automation[0m
[2025-08-22 21:20:00] [INFO] Auto-commit process completed
[2025-08-22 21:20:00] [INFO] Auto-commit process completed
[0;34mℹ️  Auto-commit process completed[0m
[2025-08-22 21:25:00] [INFO] Starting auto-commit process for bc-express
[2025-08-22 21:25:00] [INFO] Starting auto-commit process for bc-express
[0;34mℹ️  Starting auto-commit process for bc-express[0m
[2025-08-22 21:25:00] [INFO] Changes detected, proceeding with auto-commit
[2025-08-22 21:25:00] [INFO] Changes detected, proceeding with auto-commit
[0;34mℹ️  Changes detected, proceeding with auto-commit[0m
[main 424400e] docs(scripts): update and add documentation
 2 files changed, 279 insertions(+)
 create mode 100644 EVALUACION_PLAN_DETALLADO.md
[2025-08-22 21:25:01] [SUCCESS] Auto-commit successful: docs(scripts): update and add documentation

Auto-committed by bc-express automation
[2025-08-22 21:25:01] [SUCCESS] Auto-commit successful: docs(scripts): update and add documentation

Auto-committed by bc-express automation
[0;32m✅ Auto-commit successful: docs(scripts): update and add documentation

Auto-committed by bc-express automation[0m
[2025-08-22 21:25:01] [INFO] Auto-commit process completed
[2025-08-22 21:25:01] [INFO] Auto-commit process completed
[0;34mℹ️  Auto-commit process completed[0m
[2025-08-22 21:30:00] [INFO] Starting auto-commit process for bc-express
[2025-08-22 21:30:00] [INFO] Starting auto-commit process for bc-express
[0;34mℹ️  Starting auto-commit process for bc-express[0m
[2025-08-22 21:30:00] [INFO] No changes detected, skipping commit
[2025-08-22 21:30:00] [INFO] No changes detected, skipping commit
[0;34mℹ️  No changes detected, skipping commit[0m
[2025-08-22 21:30:00] [INFO] Auto-commit process completed
[2025-08-22 21:30:00] [INFO] Auto-commit process completed
[0;34mℹ️  Auto-commit process completed[0m
[2025-08-22 21:35:00] [INFO] Starting auto-commit process for bc-express
[2025-08-22 21:35:00] [INFO] Starting auto-commit process for bc-express
[0;34mℹ️  Starting auto-commit process for bc-express[0m
[2025-08-22 21:35:00] [INFO] Changes detected, proceeding with auto-commit
[2025-08-22 21:35:00] [INFO] Changes detected, proceeding with auto-commit
[0;34mℹ️  Changes detected, proceeding with auto-commit[0m
[main 7a45e2b] docs: update documentation
 9 files changed, 44 insertions(+), 17 deletions(-)
 rename EVALUACION_CUMPLIMIENTO_TEMPLATE.md => _docs/EVALUACION_CUMPLIMIENTO_TEMPLATE.md (100%)
 rename EVALUACION_PLAN_DETALLADO.md => _docs/EVALUACION_PLAN_DETALLADO.md (100%)
 rename OPTIMIZACION_TEMA_DARK.md => _docs/OPTIMIZACION_TEMA_DARK.md (100%)
 rename SOLUCION_AUTOCOMMIT.md => _docs/SOLUCION_AUTOCOMMIT.md (100%)
 rename VALIDACION_TEMPLATE_AUTOMATICA.md => _docs/VALIDACION_TEMPLATE_AUTOMATICA.md (100%)
 rename test-autocommit.md => _docs/test-autocommit.md (100%)
[2025-08-22 21:35:00] [SUCCESS] Auto-commit successful: docs: update documentation

Auto-committed by bc-express automation
[2025-08-22 21:35:00] [SUCCESS] Auto-commit successful: docs: update documentation

Auto-committed by bc-express automation
[0;32m✅ Auto-commit successful: docs: update documentation

Auto-committed by bc-express automation[0m
[2025-08-22 21:35:00] [INFO] Auto-commit process completed
[2025-08-22 21:35:00] [INFO] Auto-commit process completed
[0;34mℹ️  Auto-commit process completed[0m
[2025-08-23 12:30:00] [INFO] Starting auto-commit process for bc-express
[2025-08-23 12:30:00] [INFO] Starting auto-commit process for bc-express
[0;34mℹ️  Starting auto-commit process for bc-express[0m
[2025-08-23 12:30:00] [INFO] No changes detected, skipping commit
[2025-08-23 12:30:00] [INFO] No changes detected, skipping commit
[0;34mℹ️  No changes detected, skipping commit[0m
[2025-08-23 12:30:00] [INFO] Auto-commit process completed
[2025-08-23 12:30:00] [INFO] Auto-commit process completed
[0;34mℹ️  Auto-commit process completed[0m
[2025-08-23 12:35:01] [INFO] Starting auto-commit process for bc-express
[2025-08-23 12:35:01] [INFO] Starting auto-commit process for bc-express
[0;34mℹ️  Starting auto-commit process for bc-express[0m
[2025-08-23 12:35:01] [INFO] No changes detected, skipping commit
[2025-08-23 12:35:01] [INFO] No changes detected, skipping commit
[0;34mℹ️  No changes detected, skipping commit[0m
[2025-08-23 12:35:01] [INFO] Auto-commit process completed
[2025-08-23 12:35:01] [INFO] Auto-commit process completed
[0;34mℹ️  Auto-commit process completed[0m
[2025-08-23 12:40:00] [INFO] Starting auto-commit process for bc-express
[2025-08-23 12:40:00] [INFO] Starting auto-commit process for bc-express
[0;34mℹ️  Starting auto-commit process for bc-express[0m
[2025-08-23 12:40:00] [INFO] Changes detected, proceeding with auto-commit
[2025-08-23 12:40:00] [INFO] Changes detected, proceeding with auto-commit
[0;34mℹ️  Changes detected, proceeding with auto-commit[0m
[main 7f70427] docs: update and add documentation
 10 files changed, 315 insertions(+), 74 deletions(-)
 create mode 100644 VALIDACION_TEMPLATE_AUTOMATICA.md
 delete mode 100644 assets/icons/weeks/week-11.png
 delete mode 100644 assets/icons/weeks/week-11.svg
[2025-08-23 12:40:00] [SUCCESS] Auto-commit successful: docs: update and add documentation

- Modified files: 7
- Added files: 1
- Deleted files: 2

Auto-committed by bc-express automation
[2025-08-23 12:40:00] [SUCCESS] Auto-commit successful: docs: update and add documentation

- Modified files: 7
- Added files: 1
- Deleted files: 2

Auto-committed by bc-express automation
[0;32m✅ Auto-commit successful: docs: update and add documentation

- Modified files: 7
- Added files: 1
- Deleted files: 2

Auto-committed by bc-express automation[0m
[2025-08-23 12:40:00] [INFO] Auto-commit process completed
[2025-08-23 12:40:00] [INFO] Auto-commit process completed
[0;34mℹ️  Auto-commit process completed[0m
[2025-08-23 12:45:00] [INFO] Starting auto-commit process for bc-express
[2025-08-23 12:45:00] [INFO] Starting auto-commit process for bc-express
[0;34mℹ️  Starting auto-commit process for bc-express[0m
[2025-08-23 12:45:00] [INFO] Changes detected, proceeding with auto-commit
[2025-08-23 12:45:00] [INFO] Changes detected, proceeding with auto-commit
[0;34mℹ️  Changes detected, proceeding with auto-commit[0m
[main 4fc7d3e] docs(docs): update and add documentation
 5 files changed, 417 insertions(+), 197 deletions(-)
 delete mode 100644 VALIDACION_TEMPLATE_AUTOMATICA.md
 create mode 100644 _docs/REESTRUCTURACION_10_SEMANAS.md
 create mode 100644 _docs/REORGANIZACION_DOCUMENTACION_MINIMALISTA.md
[2025-08-23 12:45:00] [SUCCESS] Auto-commit successful: docs(docs): update and add documentation

Auto-committed by bc-express automation
[2025-08-23 12:45:00] [SUCCESS] Auto-commit successful: docs(docs): update and add documentation

Auto-committed by bc-express automation
[0;32m✅ Auto-commit successful: docs(docs): update and add documentation

Auto-committed by bc-express automation[0m
[2025-08-23 12:45:00] [INFO] Auto-commit process completed
[2025-08-23 12:45:00] [INFO] Auto-commit process completed
[0;34mℹ️  Auto-commit process completed[0m
[2025-08-23 12:50:00] [INFO] Starting auto-commit process for bc-express
[2025-08-23 12:50:00] [INFO] Starting auto-commit process for bc-express
[0;34mℹ️  Starting auto-commit process for bc-express[0m
[2025-08-23 12:50:00] [INFO] No changes detected, skipping commit
[2025-08-23 12:50:00] [INFO] No changes detected, skipping commit
[0;34mℹ️  No changes detected, skipping commit[0m
[2025-08-23 12:50:00] [INFO] Auto-commit process completed
[2025-08-23 12:50:00] [INFO] Auto-commit process completed
[0;34mℹ️  Auto-commit process completed[0m
[2025-08-23 12:55:01] [INFO] Starting auto-commit process for bc-express
[2025-08-23 12:55:01] [INFO] Starting auto-commit process for bc-express
[0;34mℹ️  Starting auto-commit process for bc-express[0m
[2025-08-23 12:55:01] [INFO] Changes detected, proceeding with auto-commit
[2025-08-23 12:55:01] [INFO] Changes detected, proceeding with auto-commit
[0;34mℹ️  Changes detected, proceeding with auto-commit[0m
[main 794d443] docs(week04): update and add documentation
 9 files changed, 2306 insertions(+), 63 deletions(-)
 create mode 100644 semana-04/2-practica/README.md
 create mode 100644 semana-04/2-practica/practica-1-joi.md
 create mode 100644 semana-04/2-practica/practica-2-controllers-services.md
 create mode 100644 semana-04/4-proyecto/GUIA_RAPIDA.md
 create mode 100644 semana-04/4-proyecto/README.md
 create mode 100644 semana-04/4-proyecto/especificacion-proyecto.md
[2025-08-23 12:55:01] [SUCCESS] Auto-commit successful: docs(week04): update and add documentation

- Modified files: 3
- Added files: 6

Auto-committed by bc-express automation
[2025-08-23 12:55:01] [SUCCESS] Auto-commit successful: docs(week04): update and add documentation

- Modified files: 3
- Added files: 6

Auto-committed by bc-express automation
[0;32m✅ Auto-commit successful: docs(week04): update and add documentation

- Modified files: 3
- Added files: 6

Auto-committed by bc-express automation[0m
[2025-08-23 12:55:01] [INFO] Auto-commit process completed
[2025-08-23 12:55:01] [INFO] Auto-commit process completed
[0;34mℹ️  Auto-commit process completed[0m
[2025-08-23 13:00:01] [INFO] Starting auto-commit process for bc-express
[2025-08-23 13:00:01] [INFO] Starting auto-commit process for bc-express
[0;34mℹ️  Starting auto-commit process for bc-express[0m
[2025-08-23 13:00:01] [INFO] Changes detected, proceeding with auto-commit
[2025-08-23 13:00:01] [INFO] Changes detected, proceeding with auto-commit
[0;34mℹ️  Changes detected, proceeding with auto-commit[0m
[main 52982a7] docs(week04): update and add documentation
 10 files changed, 98 insertions(+), 2274 deletions(-)
 create mode 100644 semana-04/2-practica/practica-3-error-handling.md
[2025-08-23 13:00:01] [SUCCESS] Auto-commit successful: docs(week04): update and add documentation

- Modified files: 9
- Added files: 1

Auto-committed by bc-express automation
[2025-08-23 13:00:01] [SUCCESS] Auto-commit successful: docs(week04): update and add documentation

- Modified files: 9
- Added files: 1

Auto-committed by bc-express automation
[0;32m✅ Auto-commit successful: docs(week04): update and add documentation

- Modified files: 9
- Added files: 1

Auto-committed by bc-express automation[0m
[2025-08-23 13:00:01] [INFO] Auto-commit process completed
[2025-08-23 13:00:01] [INFO] Auto-commit process completed
[0;34mℹ️  Auto-commit process completed[0m
[2025-08-23 13:05:00] [INFO] Starting auto-commit process for bc-express
[2025-08-23 13:05:00] [INFO] Starting auto-commit process for bc-express
[0;34mℹ️  Starting auto-commit process for bc-express[0m
[2025-08-23 13:05:00] [INFO] No changes detected, skipping commit
[2025-08-23 13:05:00] [INFO] No changes detected, skipping commit
[0;34mℹ️  No changes detected, skipping commit[0m
[2025-08-23 13:05:00] [INFO] Auto-commit process completed
[2025-08-23 13:05:00] [INFO] Auto-commit process completed
[0;34mℹ️  Auto-commit process completed[0m
[2025-08-23 13:10:00] [INFO] Starting auto-commit process for bc-express
[2025-08-23 13:10:00] [INFO] Starting auto-commit process for bc-express
[0;34mℹ️  Starting auto-commit process for bc-express[0m
[2025-08-23 13:10:00] [INFO] No changes detected, skipping commit
[2025-08-23 13:10:00] [INFO] No changes detected, skipping commit
[0;34mℹ️  No changes detected, skipping commit[0m
[2025-08-23 13:10:00] [INFO] Auto-commit process completed
[2025-08-23 13:10:00] [INFO] Auto-commit process completed
[0;34mℹ️  Auto-commit process completed[0m
[2025-08-23 13:15:01] [INFO] Starting auto-commit process for bc-express
[2025-08-23 13:15:01] [INFO] Starting auto-commit process for bc-express
[0;34mℹ️  Starting auto-commit process for bc-express[0m
[2025-08-23 13:15:01] [INFO] No changes detected, skipping commit
[2025-08-23 13:15:01] [INFO] No changes detected, skipping commit
[0;34mℹ️  No changes detected, skipping commit[0m
[2025-08-23 13:15:01] [INFO] Auto-commit process completed
[2025-08-23 13:15:01] [INFO] Auto-commit process completed
[0;34mℹ️  Auto-commit process completed[0m
[2025-08-23 13:20:00] [INFO] Starting auto-commit process for bc-express
[2025-08-23 13:20:00] [INFO] Starting auto-commit process for bc-express
[0;34mℹ️  Starting auto-commit process for bc-express[0m
[2025-08-23 13:20:00] [INFO] No changes detected, skipping commit
[2025-08-23 13:20:00] [INFO] No changes detected, skipping commit
[0;34mℹ️  No changes detected, skipping commit[0m
[2025-08-23 13:20:00] [INFO] Auto-commit process completed
[2025-08-23 13:20:00] [INFO] Auto-commit process completed
[0;34mℹ️  Auto-commit process completed[0m
[2025-08-23 13:25:00] [INFO] Starting auto-commit process for bc-express
[2025-08-23 13:25:00] [INFO] Starting auto-commit process for bc-express
[0;34mℹ️  Starting auto-commit process for bc-express[0m
[2025-08-23 13:25:00] [INFO] No changes detected, skipping commit
[2025-08-23 13:25:00] [INFO] No changes detected, skipping commit
[0;34mℹ️  No changes detected, skipping commit[0m
[2025-08-23 13:25:00] [INFO] Auto-commit process completed
[2025-08-23 13:25:00] [INFO] Auto-commit process completed
[0;34mℹ️  Auto-commit process completed[0m
[2025-08-23 13:30:00] [INFO] Starting auto-commit process for bc-express
[2025-08-23 13:30:00] [INFO] Starting auto-commit process for bc-express
[0;34mℹ️  Starting auto-commit process for bc-express[0m
[2025-08-23 13:30:00] [INFO] No changes detected, skipping commit
[2025-08-23 13:30:00] [INFO] No changes detected, skipping commit
[0;34mℹ️  No changes detected, skipping commit[0m
[2025-08-23 13:30:00] [INFO] Auto-commit process completed
[2025-08-23 13:30:00] [INFO] Auto-commit process completed
[0;34mℹ️  Auto-commit process completed[0m
[2025-08-23 13:35:01] [INFO] Starting auto-commit process for bc-express
[2025-08-23 13:35:01] [INFO] Starting auto-commit process for bc-express
[0;34mℹ️  Starting auto-commit process for bc-express[0m
[2025-08-23 13:35:01] [INFO] No changes detected, skipping commit
[2025-08-23 13:35:01] [INFO] No changes detected, skipping commit
[0;34mℹ️  No changes detected, skipping commit[0m
[2025-08-23 13:35:01] [INFO] Auto-commit process completed
[2025-08-23 13:35:01] [INFO] Auto-commit process completed
[0;34mℹ️  Auto-commit process completed[0m
[2025-08-23 13:40:00] [INFO] Starting auto-commit process for bc-express
[2025-08-23 13:40:00] [INFO] Starting auto-commit process for bc-express
[0;34mℹ️  Starting auto-commit process for bc-express[0m
[2025-08-23 13:40:00] [INFO] No changes detected, skipping commit
[2025-08-23 13:40:00] [INFO] No changes detected, skipping commit
[0;34mℹ️  No changes detected, skipping commit[0m
[2025-08-23 13:40:00] [INFO] Auto-commit process completed
[2025-08-23 13:40:00] [INFO] Auto-commit process completed
[0;34mℹ️  Auto-commit process completed[0m
[2025-08-23 13:45:00] [INFO] Starting auto-commit process for bc-express
[2025-08-23 13:45:00] [INFO] Starting auto-commit process for bc-express
[0;34mℹ️  Starting auto-commit process for bc-express[0m
[2025-08-23 13:45:00] [INFO] No changes detected, skipping commit
[2025-08-23 13:45:00] [INFO] No changes detected, skipping commit
[0;34mℹ️  No changes detected, skipping commit[0m
[2025-08-23 13:45:00] [INFO] Auto-commit process completed
[2025-08-23 13:45:00] [INFO] Auto-commit process completed
[0;34mℹ️  Auto-commit process completed[0m
[2025-08-23 13:50:00] [INFO] Starting auto-commit process for bc-express
[2025-08-23 13:50:00] [INFO] Starting auto-commit process for bc-express
[0;34mℹ️  Starting auto-commit process for bc-express[0m
[2025-08-23 13:50:00] [INFO] No changes detected, skipping commit
[2025-08-23 13:50:00] [INFO] No changes detected, skipping commit
[0;34mℹ️  No changes detected, skipping commit[0m
[2025-08-23 13:50:00] [INFO] Auto-commit process completed
[2025-08-23 13:50:00] [INFO] Auto-commit process completed
[0;34mℹ️  Auto-commit process completed[0m
[2025-08-23 13:55:01] [INFO] Starting auto-commit process for bc-express
[2025-08-23 13:55:01] [INFO] Starting auto-commit process for bc-express
[0;34mℹ️  Starting auto-commit process for bc-express[0m
[2025-08-23 13:55:01] [INFO] No changes detected, skipping commit
[2025-08-23 13:55:01] [INFO] No changes detected, skipping commit
[0;34mℹ️  No changes detected, skipping commit[0m
[2025-08-23 13:55:01] [INFO] Auto-commit process completed
[2025-08-23 13:55:01] [INFO] Auto-commit process completed
[0;34mℹ️  Auto-commit process completed[0m
[2025-08-23 14:00:00] [INFO] Starting auto-commit process for bc-express
[2025-08-23 14:00:00] [INFO] Starting auto-commit process for bc-express
[0;34mℹ️  Starting auto-commit process for bc-express[0m
[2025-08-23 14:00:00] [INFO] No changes detected, skipping commit
[2025-08-23 14:00:00] [INFO] No changes detected, skipping commit
[0;34mℹ️  No changes detected, skipping commit[0m
[2025-08-23 14:00:00] [INFO] Auto-commit process completed
[2025-08-23 14:00:00] [INFO] Auto-commit process completed
[0;34mℹ️  Auto-commit process completed[0m
[2025-08-23 14:35:00] [INFO] Starting auto-commit process for bc-express
[2025-08-23 14:35:00] [INFO] Starting auto-commit process for bc-express
[0;34mℹ️  Starting auto-commit process for bc-express[0m
[2025-08-23 14:35:00] [INFO] No changes detected, skipping commit
[2025-08-23 14:35:00] [INFO] No changes detected, skipping commit
[0;34mℹ️  No changes detected, skipping commit[0m
[2025-08-23 14:35:00] [INFO] Auto-commit process completed
[2025-08-23 14:35:00] [INFO] Auto-commit process completed
[0;34mℹ️  Auto-commit process completed[0m
[2025-08-23 14:40:00] [INFO] Starting auto-commit process for bc-express
[2025-08-23 14:40:00] [INFO] Starting auto-commit process for bc-express
[0;34mℹ️  Starting auto-commit process for bc-express[0m
[2025-08-23 14:40:00] [INFO] No changes detected, skipping commit
[2025-08-23 14:40:00] [INFO] No changes detected, skipping commit
[0;34mℹ️  No changes detected, skipping commit[0m
[2025-08-23 14:40:00] [INFO] Auto-commit process completed
[2025-08-23 14:40:00] [INFO] Auto-commit process completed
[0;34mℹ️  Auto-commit process completed[0m
[2025-08-23 14:45:00] [INFO] Starting auto-commit process for bc-express
[2025-08-23 14:45:00] [INFO] Starting auto-commit process for bc-express
[0;34mℹ️  Starting auto-commit process for bc-express[0m
[2025-08-23 14:45:00] [INFO] No changes detected, skipping commit
[2025-08-23 14:45:00] [INFO] No changes detected, skipping commit
[0;34mℹ️  No changes detected, skipping commit[0m
[2025-08-23 14:45:00] [INFO] Auto-commit process completed
[2025-08-23 14:45:00] [INFO] Auto-commit process completed
[0;34mℹ️  Auto-commit process completed[0m
[2025-08-23 14:50:00] [INFO] Starting auto-commit process for bc-express
[2025-08-23 14:50:00] [INFO] Starting auto-commit process for bc-express
[0;34mℹ️  Starting auto-commit process for bc-express[0m
[2025-08-23 14:50:01] [INFO] No changes detected, skipping commit
[2025-08-23 14:50:01] [INFO] No changes detected, skipping commit
[0;34mℹ️  No changes detected, skipping commit[0m
[2025-08-23 14:50:01] [INFO] Auto-commit process completed
[2025-08-23 14:50:01] [INFO] Auto-commit process completed
[0;34mℹ️  Auto-commit process completed[0m
[2025-08-23 14:55:00] [INFO] Starting auto-commit process for bc-express
[2025-08-23 14:55:00] [INFO] Starting auto-commit process for bc-express
[0;34mℹ️  Starting auto-commit process for bc-express[0m
[2025-08-23 14:55:00] [INFO] No changes detected, skipping commit
[2025-08-23 14:55:00] [INFO] No changes detected, skipping commit
[0;34mℹ️  No changes detected, skipping commit[0m
[2025-08-23 14:55:00] [INFO] Auto-commit process completed
[2025-08-23 14:55:00] [INFO] Auto-commit process completed
[0;34mℹ️  Auto-commit process completed[0m
[2025-08-23 15:00:01] [INFO] Starting auto-commit process for bc-express
[2025-08-23 15:00:01] [INFO] Starting auto-commit process for bc-express
[0;34mℹ️  Starting auto-commit process for bc-express[0m
[2025-08-23 15:00:01] [INFO] No changes detected, skipping commit
[2025-08-23 15:00:01] [INFO] No changes detected, skipping commit
[0;34mℹ️  No changes detected, skipping commit[0m
[2025-08-23 15:00:01] [INFO] Auto-commit process completed
[2025-08-23 15:00:01] [INFO] Auto-commit process completed
[0;34mℹ️  Auto-commit process completed[0m
[2025-08-23 15:05:00] [INFO] Starting auto-commit process for bc-express
[2025-08-23 15:05:00] [INFO] Starting auto-commit process for bc-express
[0;34mℹ️  Starting auto-commit process for bc-express[0m
[2025-08-23 15:05:00] [INFO] No changes detected, skipping commit
[2025-08-23 15:05:00] [INFO] No changes detected, skipping commit
[0;34mℹ️  No changes detected, skipping commit[0m
[2025-08-23 15:05:00] [INFO] Auto-commit process completed
[2025-08-23 15:05:00] [INFO] Auto-commit process completed
[0;34mℹ️  Auto-commit process completed[0m
[2025-08-23 15:10:01] [INFO] Starting auto-commit process for bc-express
[2025-08-23 15:10:01] [INFO] Starting auto-commit process for bc-express
[0;34mℹ️  Starting auto-commit process for bc-express[0m
[2025-08-23 15:10:01] [INFO] No changes detected, skipping commit
[2025-08-23 15:10:01] [INFO] No changes detected, skipping commit
[0;34mℹ️  No changes detected, skipping commit[0m
[2025-08-23 15:10:01] [INFO] Auto-commit process completed
[2025-08-23 15:10:01] [INFO] Auto-commit process completed
[0;34mℹ️  Auto-commit process completed[0m
[2025-08-23 15:15:00] [INFO] Starting auto-commit process for bc-express
[2025-08-23 15:15:00] [INFO] Starting auto-commit process for bc-express
[0;34mℹ️  Starting auto-commit process for bc-express[0m
[2025-08-23 15:15:00] [INFO] No changes detected, skipping commit
[2025-08-23 15:15:00] [INFO] No changes detected, skipping commit
[0;34mℹ️  No changes detected, skipping commit[0m
[2025-08-23 15:15:00] [INFO] Auto-commit process completed
[2025-08-23 15:15:00] [INFO] Auto-commit process completed
[0;34mℹ️  Auto-commit process completed[0m
[2025-08-23 15:20:00] [INFO] Starting auto-commit process for bc-express
[2025-08-23 15:20:00] [INFO] Starting auto-commit process for bc-express
[0;34mℹ️  Starting auto-commit process for bc-express[0m
[2025-08-23 15:20:00] [INFO] No changes detected, skipping commit
[2025-08-23 15:20:00] [INFO] No changes detected, skipping commit
[0;34mℹ️  No changes detected, skipping commit[0m
[2025-08-23 15:20:00] [INFO] Auto-commit process completed
[2025-08-23 15:20:00] [INFO] Auto-commit process completed
[0;34mℹ️  Auto-commit process completed[0m
[2025-08-23 15:25:01] [INFO] Starting auto-commit process for bc-express
[2025-08-23 15:25:01] [INFO] Starting auto-commit process for bc-express
[0;34mℹ️  Starting auto-commit process for bc-express[0m
[2025-08-23 15:25:01] [INFO] No changes detected, skipping commit
[2025-08-23 15:25:01] [INFO] No changes detected, skipping commit
[0;34mℹ️  No changes detected, skipping commit[0m
[2025-08-23 15:25:01] [INFO] Auto-commit process completed
[2025-08-23 15:25:01] [INFO] Auto-commit process completed
[0;34mℹ️  Auto-commit process completed[0m
[2025-08-23 15:30:00] [INFO] Starting auto-commit process for bc-express
[2025-08-23 15:30:00] [INFO] Starting auto-commit process for bc-express
[0;34mℹ️  Starting auto-commit process for bc-express[0m
[2025-08-23 15:30:00] [INFO] No changes detected, skipping commit
[2025-08-23 15:30:00] [INFO] No changes detected, skipping commit
[0;34mℹ️  No changes detected, skipping commit[0m
[2025-08-23 15:30:00] [INFO] Auto-commit process completed
[2025-08-23 15:30:00] [INFO] Auto-commit process completed
[0;34mℹ️  Auto-commit process completed[0m
[2025-08-23 15:35:00] [INFO] Starting auto-commit process for bc-express
[2025-08-23 15:35:00] [INFO] Starting auto-commit process for bc-express
[0;34mℹ️  Starting auto-commit process for bc-express[0m
[2025-08-23 15:35:00] [INFO] No changes detected, skipping commit
[2025-08-23 15:35:00] [INFO] No changes detected, skipping commit
[0;34mℹ️  No changes detected, skipping commit[0m
[2025-08-23 15:35:00] [INFO] Auto-commit process completed
[2025-08-23 15:35:00] [INFO] Auto-commit process completed
[0;34mℹ️  Auto-commit process completed[0m
[2025-08-23 15:40:01] [INFO] Starting auto-commit process for bc-express
[2025-08-23 15:40:01] [INFO] Starting auto-commit process for bc-express
[0;34mℹ️  Starting auto-commit process for bc-express[0m
[2025-08-23 15:40:01] [INFO] No changes detected, skipping commit
[2025-08-23 15:40:01] [INFO] No changes detected, skipping commit
[0;34mℹ️  No changes detected, skipping commit[0m
[2025-08-23 15:40:01] [INFO] Auto-commit process completed
[2025-08-23 15:40:01] [INFO] Auto-commit process completed
[0;34mℹ️  Auto-commit process completed[0m
[2025-08-23 15:45:00] [INFO] Starting auto-commit process for bc-express
[2025-08-23 15:45:00] [INFO] Starting auto-commit process for bc-express
[0;34mℹ️  Starting auto-commit process for bc-express[0m
[2025-08-23 15:45:00] [INFO] No changes detected, skipping commit
[2025-08-23 15:45:00] [INFO] No changes detected, skipping commit
[0;34mℹ️  No changes detected, skipping commit[0m
[2025-08-23 15:45:00] [INFO] Auto-commit process completed
[2025-08-23 15:45:00] [INFO] Auto-commit process completed
[0;34mℹ️  Auto-commit process completed[0m
[2025-08-23 15:50:00] [INFO] Starting auto-commit process for bc-express
[2025-08-23 15:50:00] [INFO] Starting auto-commit process for bc-express
[0;34mℹ️  Starting auto-commit process for bc-express[0m
[2025-08-23 15:50:00] [INFO] No changes detected, skipping commit
[2025-08-23 15:50:00] [INFO] No changes detected, skipping commit
[0;34mℹ️  No changes detected, skipping commit[0m
[2025-08-23 15:50:00] [INFO] Auto-commit process completed
[2025-08-23 15:50:00] [INFO] Auto-commit process completed
[0;34mℹ️  Auto-commit process completed[0m
[2025-08-23 15:55:01] [INFO] Starting auto-commit process for bc-express
[2025-08-23 15:55:01] [INFO] Starting auto-commit process for bc-express
[0;34mℹ️  Starting auto-commit process for bc-express[0m
[2025-08-23 15:55:01] [INFO] No changes detected, skipping commit
[2025-08-23 15:55:01] [INFO] No changes detected, skipping commit
[0;34mℹ️  No changes detected, skipping commit[0m
[2025-08-23 15:55:01] [INFO] Auto-commit process completed
[2025-08-23 15:55:01] [INFO] Auto-commit process completed
[0;34mℹ️  Auto-commit process completed[0m
[2025-08-23 16:00:00] [INFO] Starting auto-commit process for bc-express
[2025-08-23 16:00:00] [INFO] Starting auto-commit process for bc-express
[0;34mℹ️  Starting auto-commit process for bc-express[0m
[2025-08-23 16:00:00] [INFO] No changes detected, skipping commit
[2025-08-23 16:00:00] [INFO] No changes detected, skipping commit
[0;34mℹ️  No changes detected, skipping commit[0m
[2025-08-23 16:00:00] [INFO] Auto-commit process completed
[2025-08-23 16:00:00] [INFO] Auto-commit process completed
[0;34mℹ️  Auto-commit process completed[0m
[2025-08-23 16:05:00] [INFO] Starting auto-commit process for bc-express
[2025-08-23 16:05:00] [INFO] Starting auto-commit process for bc-express
[0;34mℹ️  Starting auto-commit process for bc-express[0m
[2025-08-23 16:05:00] [INFO] No changes detected, skipping commit
[2025-08-23 16:05:00] [INFO] No changes detected, skipping commit
[0;34mℹ️  No changes detected, skipping commit[0m
[2025-08-23 16:05:00] [INFO] Auto-commit process completed
[2025-08-23 16:05:00] [INFO] Auto-commit process completed
[0;34mℹ️  Auto-commit process completed[0m
[2025-08-23 16:10:01] [INFO] Starting auto-commit process for bc-express
[2025-08-23 16:10:01] [INFO] Starting auto-commit process for bc-express
[0;34mℹ️  Starting auto-commit process for bc-express[0m
[2025-08-23 16:10:01] [INFO] No changes detected, skipping commit
[2025-08-23 16:10:01] [INFO] No changes detected, skipping commit
[0;34mℹ️  No changes detected, skipping commit[0m
[2025-08-23 16:10:01] [INFO] Auto-commit process completed
[2025-08-23 16:10:01] [INFO] Auto-commit process completed
[0;34mℹ️  Auto-commit process completed[0m
[2025-08-23 16:15:00] [INFO] Starting auto-commit process for bc-express
[2025-08-23 16:15:00] [INFO] Starting auto-commit process for bc-express
[0;34mℹ️  Starting auto-commit process for bc-express[0m
[2025-08-23 16:15:00] [INFO] No changes detected, skipping commit
[2025-08-23 16:15:00] [INFO] No changes detected, skipping commit
[0;34mℹ️  No changes detected, skipping commit[0m
[2025-08-23 16:15:00] [INFO] Auto-commit process completed
[2025-08-23 16:15:00] [INFO] Auto-commit process completed
[0;34mℹ️  Auto-commit process completed[0m
[2025-08-23 16:20:00] [INFO] Starting auto-commit process for bc-express
[2025-08-23 16:20:00] [INFO] Starting auto-commit process for bc-express
[0;34mℹ️  Starting auto-commit process for bc-express[0m
[2025-08-23 16:20:00] [INFO] No changes detected, skipping commit
[2025-08-23 16:20:00] [INFO] No changes detected, skipping commit
[0;34mℹ️  No changes detected, skipping commit[0m
[2025-08-23 16:20:00] [INFO] Auto-commit process completed
[2025-08-23 16:20:00] [INFO] Auto-commit process completed
[0;34mℹ️  Auto-commit process completed[0m
[2025-08-23 16:25:00] [INFO] Starting auto-commit process for bc-express
[2025-08-23 16:25:00] [INFO] Starting auto-commit process for bc-express
[0;34mℹ️  Starting auto-commit process for bc-express[0m
[2025-08-23 16:25:00] [INFO] No changes detected, skipping commit
[2025-08-23 16:25:00] [INFO] No changes detected, skipping commit
[0;34mℹ️  No changes detected, skipping commit[0m
[2025-08-23 16:25:00] [INFO] Auto-commit process completed
[2025-08-23 16:25:00] [INFO] Auto-commit process completed
[0;34mℹ️  Auto-commit process completed[0m
[2025-08-23 16:30:01] [INFO] Starting auto-commit process for bc-express
[2025-08-23 16:30:01] [INFO] Starting auto-commit process for bc-express
[0;34mℹ️  Starting auto-commit process for bc-express[0m
[2025-08-23 16:30:01] [INFO] No changes detected, skipping commit
[2025-08-23 16:30:01] [INFO] No changes detected, skipping commit
[0;34mℹ️  No changes detected, skipping commit[0m
[2025-08-23 16:30:01] [INFO] Auto-commit process completed
[2025-08-23 16:30:01] [INFO] Auto-commit process completed
[0;34mℹ️  Auto-commit process completed[0m
[2025-08-23 16:35:00] [INFO] Starting auto-commit process for bc-express
[2025-08-23 16:35:00] [INFO] Starting auto-commit process for bc-express
[0;34mℹ️  Starting auto-commit process for bc-express[0m
[2025-08-23 16:35:00] [INFO] No changes detected, skipping commit
[2025-08-23 16:35:00] [INFO] No changes detected, skipping commit
[0;34mℹ️  No changes detected, skipping commit[0m
[2025-08-23 16:35:00] [INFO] Auto-commit process completed
[2025-08-23 16:35:00] [INFO] Auto-commit process completed
[0;34mℹ️  Auto-commit process completed[0m
[2025-08-23 16:40:00] [INFO] Starting auto-commit process for bc-express
[2025-08-23 16:40:00] [INFO] Starting auto-commit process for bc-express
[0;34mℹ️  Starting auto-commit process for bc-express[0m
[2025-08-23 16:40:00] [INFO] No changes detected, skipping commit
[2025-08-23 16:40:00] [INFO] No changes detected, skipping commit
[0;34mℹ️  No changes detected, skipping commit[0m
[2025-08-23 16:40:00] [INFO] Auto-commit process completed
[2025-08-23 16:40:00] [INFO] Auto-commit process completed
[0;34mℹ️  Auto-commit process completed[0m
[2025-08-23 16:45:00] [INFO] Starting auto-commit process for bc-express
[2025-08-23 16:45:00] [INFO] Starting auto-commit process for bc-express
[0;34mℹ️  Starting auto-commit process for bc-express[0m
[2025-08-23 16:45:00] [INFO] No changes detected, skipping commit
[2025-08-23 16:45:00] [INFO] No changes detected, skipping commit
[0;34mℹ️  No changes detected, skipping commit[0m
[2025-08-23 16:45:00] [INFO] Auto-commit process completed
[2025-08-23 16:45:00] [INFO] Auto-commit process completed
[0;34mℹ️  Auto-commit process completed[0m
[2025-08-23 16:50:01] [INFO] Starting auto-commit process for bc-express
[2025-08-23 16:50:01] [INFO] Starting auto-commit process for bc-express
[0;34mℹ️  Starting auto-commit process for bc-express[0m
[2025-08-23 16:50:01] [INFO] No changes detected, skipping commit
[2025-08-23 16:50:01] [INFO] No changes detected, skipping commit
[0;34mℹ️  No changes detected, skipping commit[0m
[2025-08-23 16:50:01] [INFO] Auto-commit process completed
[2025-08-23 16:50:01] [INFO] Auto-commit process completed
[0;34mℹ️  Auto-commit process completed[0m
[2025-08-23 16:55:00] [INFO] Starting auto-commit process for bc-express
[2025-08-23 16:55:00] [INFO] Starting auto-commit process for bc-express
[0;34mℹ️  Starting auto-commit process for bc-express[0m
[2025-08-23 16:55:00] [INFO] No changes detected, skipping commit
[2025-08-23 16:55:00] [INFO] No changes detected, skipping commit
[0;34mℹ️  No changes detected, skipping commit[0m
[2025-08-23 16:55:00] [INFO] Auto-commit process completed
[2025-08-23 16:55:00] [INFO] Auto-commit process completed
[0;34mℹ️  Auto-commit process completed[0m
[2025-08-23 17:00:00] [INFO] Starting auto-commit process for bc-express
[2025-08-23 17:00:00] [INFO] Starting auto-commit process for bc-express
[0;34mℹ️  Starting auto-commit process for bc-express[0m
[2025-08-23 17:00:00] [INFO] No changes detected, skipping commit
[2025-08-23 17:00:00] [INFO] No changes detected, skipping commit
[0;34mℹ️  No changes detected, skipping commit[0m
[2025-08-23 17:00:00] [INFO] Auto-commit process completed
[2025-08-23 17:00:00] [INFO] Auto-commit process completed
[0;34mℹ️  Auto-commit process completed[0m
[2025-08-23 17:05:00] [INFO] Starting auto-commit process for bc-express
[2025-08-23 17:05:00] [INFO] Starting auto-commit process for bc-express
[0;34mℹ️  Starting auto-commit process for bc-express[0m
[2025-08-23 17:05:00] [INFO] No changes detected, skipping commit
[2025-08-23 17:05:00] [INFO] No changes detected, skipping commit
[0;34mℹ️  No changes detected, skipping commit[0m
[2025-08-23 17:05:00] [INFO] Auto-commit process completed
[2025-08-23 17:05:00] [INFO] Auto-commit process completed
[0;34mℹ️  Auto-commit process completed[0m
[2025-08-23 17:10:01] [INFO] Starting auto-commit process for bc-express
[2025-08-23 17:10:01] [INFO] Starting auto-commit process for bc-express
[0;34mℹ️  Starting auto-commit process for bc-express[0m
[2025-08-23 17:10:01] [INFO] No changes detected, skipping commit
[2025-08-23 17:10:01] [INFO] No changes detected, skipping commit
[0;34mℹ️  No changes detected, skipping commit[0m
[2025-08-23 17:10:01] [INFO] Auto-commit process completed
[2025-08-23 17:10:01] [INFO] Auto-commit process completed
[0;34mℹ️  Auto-commit process completed[0m
[2025-08-23 17:15:00] [INFO] Starting auto-commit process for bc-express
[2025-08-23 17:15:00] [INFO] Starting auto-commit process for bc-express
[0;34mℹ️  Starting auto-commit process for bc-express[0m
[2025-08-23 17:15:00] [INFO] No changes detected, skipping commit
[2025-08-23 17:15:00] [INFO] No changes detected, skipping commit
[0;34mℹ️  No changes detected, skipping commit[0m
[2025-08-23 17:15:00] [INFO] Auto-commit process completed
[2025-08-23 17:15:00] [INFO] Auto-commit process completed
[0;34mℹ️  Auto-commit process completed[0m
[2025-08-23 17:20:00] [INFO] Starting auto-commit process for bc-express
[2025-08-23 17:20:00] [INFO] Starting auto-commit process for bc-express
[0;34mℹ️  Starting auto-commit process for bc-express[0m
[2025-08-23 17:20:00] [INFO] No changes detected, skipping commit
[2025-08-23 17:20:00] [INFO] No changes detected, skipping commit
[0;34mℹ️  No changes detected, skipping commit[0m
[2025-08-23 17:20:00] [INFO] Auto-commit process completed
[2025-08-23 17:20:00] [INFO] Auto-commit process completed
[0;34mℹ️  Auto-commit process completed[0m
[2025-08-23 17:25:00] [INFO] Starting auto-commit process for bc-express
[2025-08-23 17:25:00] [INFO] Starting auto-commit process for bc-express
[0;34mℹ️  Starting auto-commit process for bc-express[0m
[2025-08-23 17:25:00] [INFO] No changes detected, skipping commit
[2025-08-23 17:25:00] [INFO] No changes detected, skipping commit
[0;34mℹ️  No changes detected, skipping commit[0m
[2025-08-23 17:25:00] [INFO] Auto-commit process completed
[2025-08-23 17:25:00] [INFO] Auto-commit process completed
[0;34mℹ️  Auto-commit process completed[0m
[2025-08-23 17:30:01] [INFO] Starting auto-commit process for bc-express
[2025-08-23 17:30:01] [INFO] Starting auto-commit process for bc-express
[0;34mℹ️  Starting auto-commit process for bc-express[0m
[2025-08-23 17:30:01] [INFO] No changes detected, skipping commit
[2025-08-23 17:30:01] [INFO] No changes detected, skipping commit
[0;34mℹ️  No changes detected, skipping commit[0m
[2025-08-23 17:30:01] [INFO] Auto-commit process completed
[2025-08-23 17:30:01] [INFO] Auto-commit process completed
[0;34mℹ️  Auto-commit process completed[0m
[2025-08-24 21:30:00] [INFO] Starting auto-commit process for bc-express
[2025-08-24 21:30:00] [INFO] Starting auto-commit process for bc-express
[0;34mℹ️  Starting auto-commit process for bc-express[0m
[2025-08-24 21:30:00] [INFO] Changes detected, proceeding with auto-commit
[2025-08-24 21:30:00] [INFO] Changes detected, proceeding with auto-commit
[0;34mℹ️  Changes detected, proceeding with auto-commit[0m
[main 26a1da6] docs(week04): update and add documentation
 17 files changed, 3498 insertions(+), 52 deletions(-)
 create mode 100644 ESTRUCTURA.md
 create mode 100644 ESTRUCTURA_BOOTCAMP.md
 create mode 100644 EVALUACION_CUMPLIMIENTO_TEMPLATE.md
 create mode 100644 EVALUACION_PLAN_DETALLADO.md
 create mode 100644 OPTIMIZACION_TEMA_DARK.md
 create mode 100644 SOLUCION_AUTOCOMMIT.md
 create mode 100644 test-autocommit.md
[2025-08-24 21:30:00] [SUCCESS] Auto-commit successful: docs(week04): update and add documentation

- Modified files: 10
- Added files: 7

Auto-committed by bc-express automation
[2025-08-24 21:30:00] [SUCCESS] Auto-commit successful: docs(week04): update and add documentation

- Modified files: 10
- Added files: 7

Auto-committed by bc-express automation
[0;32m✅ Auto-commit successful: docs(week04): update and add documentation

- Modified files: 10
- Added files: 7

Auto-committed by bc-express automation[0m
[2025-08-24 21:30:00] [INFO] Auto-commit process completed
[2025-08-24 21:30:00] [INFO] Auto-commit process completed
[0;34mℹ️  Auto-commit process completed[0m
[2025-08-24 21:35:00] [INFO] Starting auto-commit process for bc-express
[2025-08-24 21:35:00] [INFO] Starting auto-commit process for bc-express
[0;34mℹ️  Starting auto-commit process for bc-express[0m
[2025-08-24 21:35:00] [INFO] No changes detected, skipping commit
[2025-08-24 21:35:00] [INFO] No changes detected, skipping commit
[0;34mℹ️  No changes detected, skipping commit[0m
[2025-08-24 21:35:00] [INFO] Auto-commit process completed
[2025-08-24 21:35:00] [INFO] Auto-commit process completed
[0;34mℹ️  Auto-commit process completed[0m
[2025-08-24 21:40:01] [INFO] Starting auto-commit process for bc-express
[2025-08-24 21:40:01] [INFO] Starting auto-commit process for bc-express
[0;34mℹ️  Starting auto-commit process for bc-express[0m
[2025-08-24 21:40:01] [INFO] No changes detected, skipping commit
[2025-08-24 21:40:01] [INFO] No changes detected, skipping commit
[0;34mℹ️  No changes detected, skipping commit[0m
[2025-08-24 21:40:01] [INFO] Auto-commit process completed
[2025-08-24 21:40:01] [INFO] Auto-commit process completed
[0;34mℹ️  Auto-commit process completed[0m
[2025-08-24 21:45:00] [INFO] Starting auto-commit process for bc-express
[2025-08-24 21:45:00] [INFO] Starting auto-commit process for bc-express
[0;34mℹ️  Starting auto-commit process for bc-express[0m
[2025-08-24 21:45:00] [INFO] No changes detected, skipping commit
[2025-08-24 21:45:00] [INFO] No changes detected, skipping commit
[0;34mℹ️  No changes detected, skipping commit[0m
[2025-08-24 21:45:00] [INFO] Auto-commit process completed
[2025-08-24 21:45:00] [INFO] Auto-commit process completed
[0;34mℹ️  Auto-commit process completed[0m
[2025-08-24 21:50:00] [INFO] Starting auto-commit process for bc-express
[2025-08-24 21:50:00] [INFO] Starting auto-commit process for bc-express
[0;34mℹ️  Starting auto-commit process for bc-express[0m
[2025-08-24 21:50:00] [INFO] No changes detected, skipping commit
[2025-08-24 21:50:00] [INFO] No changes detected, skipping commit
[0;34mℹ️  No changes detected, skipping commit[0m
[2025-08-24 21:50:00] [INFO] Auto-commit process completed
[2025-08-24 21:50:00] [INFO] Auto-commit process completed
[0;34mℹ️  Auto-commit process completed[0m
[2025-08-24 21:55:01] [INFO] Starting auto-commit process for bc-express
[2025-08-24 21:55:01] [INFO] Starting auto-commit process for bc-express
[0;34mℹ️  Starting auto-commit process for bc-express[0m
[2025-08-24 21:55:01] [INFO] No changes detected, skipping commit
[2025-08-24 21:55:01] [INFO] No changes detected, skipping commit
[0;34mℹ️  No changes detected, skipping commit[0m
[2025-08-24 21:55:01] [INFO] Auto-commit process completed
[2025-08-24 21:55:01] [INFO] Auto-commit process completed
[0;34mℹ️  Auto-commit process completed[0m
[2025-08-24 22:00:01] [INFO] Starting auto-commit process for bc-express
[2025-08-24 22:00:01] [INFO] Starting auto-commit process for bc-express
[0;34mℹ️  Starting auto-commit process for bc-express[0m
[2025-08-24 22:00:01] [INFO] Changes detected, proceeding with auto-commit
[2025-08-24 22:00:01] [INFO] Changes detected, proceeding with auto-commit
[0;34mℹ️  Changes detected, proceeding with auto-commit[0m
[main 7e38f0a] docs(week04): update and add documentation
 7 files changed, 1312 insertions(+)
 create mode 100644 semana-04/3-ejercicios/README.md
 create mode 100644 semana-04/3-ejercicios/ejercicio-1-validacion-basica.md
 create mode 100644 semana-04/3-ejercicios/ejercicio-4-controllers-services.md
 create mode 100644 semana-04/4-proyecto/package.json
 create mode 100644 semana-04/5-recursos/README.md
 create mode 100644 semana-04/5-recursos/enlaces.md
[2025-08-24 22:00:02] [SUCCESS] Auto-commit successful: docs(week04): update and add documentation

- Modified files: 1
- Added files: 6

Auto-committed by bc-express automation
[2025-08-24 22:00:02] [SUCCESS] Auto-commit successful: docs(week04): update and add documentation

- Modified files: 1
- Added files: 6

Auto-committed by bc-express automation
[0;32m✅ Auto-commit successful: docs(week04): update and add documentation

- Modified files: 1
- Added files: 6

Auto-committed by bc-express automation[0m
[2025-08-24 22:00:02] [INFO] Auto-commit process completed
[2025-08-24 22:00:02] [INFO] Auto-commit process completed
[0;34mℹ️  Auto-commit process completed[0m
[2025-08-24 22:05:00] [INFO] Starting auto-commit process for bc-express
[2025-08-24 22:05:00] [INFO] Starting auto-commit process for bc-express
[0;34mℹ️  Starting auto-commit process for bc-express[0m
[2025-08-24 22:05:00] [INFO] Changes detected, proceeding with auto-commit
[2025-08-24 22:05:00] [INFO] Changes detected, proceeding with auto-commit
[0;34mℹ️  Changes detected, proceeding with auto-commit[0m
[main bc306aa] feat(week04): add new features and components
 10 files changed, 774 insertions(+), 1 deletion(-)
 create mode 100644 semana-04/4-proyecto/.env.example
 create mode 100644 semana-04/4-proyecto/.gitignore
 create mode 100644 semana-04/4-proyecto/src/app.js
 create mode 100644 semana-04/4-proyecto/src/controllers/productController.js
 create mode 100644 semana-04/4-proyecto/src/middleware/errorHandler.js
 create mode 100644 semana-04/4-proyecto/src/services/productService.js
 create mode 100644 semana-04/4-proyecto/src/test-manual.js
 create mode 100644 semana-04/4-proyecto/src/validators/productValidator.js
[2025-08-24 22:05:01] [SUCCESS] Auto-commit successful: feat(week04): add new features and components

- Modified files: 2
- Added files: 8

Auto-committed by bc-express automation
[2025-08-24 22:05:01] [SUCCESS] Auto-commit successful: feat(week04): add new features and components

- Modified files: 2
- Added files: 8

Auto-committed by bc-express automation
[0;32m✅ Auto-commit successful: feat(week04): add new features and components

- Modified files: 2
- Added files: 8

Auto-committed by bc-express automation[0m
[2025-08-24 22:05:01] [INFO] Auto-commit process completed
[2025-08-24 22:05:01] [INFO] Auto-commit process completed
[0;34mℹ️  Auto-commit process completed[0m
[2025-08-24 22:10:00] [INFO] Starting auto-commit process for bc-express
[2025-08-24 22:10:00] [INFO] Starting auto-commit process for bc-express
[0;34mℹ️  Starting auto-commit process for bc-express[0m
[2025-08-24 22:10:00] [INFO] No changes detected, skipping commit
[2025-08-24 22:10:00] [INFO] No changes detected, skipping commit
[0;34mℹ️  No changes detected, skipping commit[0m
[2025-08-24 22:10:00] [INFO] Auto-commit process completed
[2025-08-24 22:10:00] [INFO] Auto-commit process completed
[0;34mℹ️  Auto-commit process completed[0m
[2025-08-24 22:15:00] [INFO] Starting auto-commit process for bc-express
[2025-08-24 22:15:00] [INFO] Starting auto-commit process for bc-express
[0;34mℹ️  Starting auto-commit process for bc-express[0m
[2025-08-24 22:15:00] [INFO] No changes detected, skipping commit
[2025-08-24 22:15:00] [INFO] No changes detected, skipping commit
[0;34mℹ️  No changes detected, skipping commit[0m
[2025-08-24 22:15:00] [INFO] Auto-commit process completed
[2025-08-24 22:15:00] [INFO] Auto-commit process completed
[0;34mℹ️  Auto-commit process completed[0m
[2025-08-24 22:20:01] [INFO] Starting auto-commit process for bc-express
[2025-08-24 22:20:01] [INFO] Starting auto-commit process for bc-express
[0;34mℹ️  Starting auto-commit process for bc-express[0m
[2025-08-24 22:20:01] [INFO] No changes detected, skipping commit
[2025-08-24 22:20:01] [INFO] No changes detected, skipping commit
[0;34mℹ️  No changes detected, skipping commit[0m
[2025-08-24 22:20:01] [INFO] Auto-commit process completed
[2025-08-24 22:20:01] [INFO] Auto-commit process completed
[0;34mℹ️  Auto-commit process completed[0m
[2025-08-25 11:15:00] [INFO] Starting auto-commit process for bc-express
[2025-08-25 11:15:00] [INFO] Starting auto-commit process for bc-express
[0;34mℹ️  Starting auto-commit process for bc-express[0m
[2025-08-25 11:15:00] [INFO] No changes detected, skipping commit
[2025-08-25 11:15:00] [INFO] No changes detected, skipping commit
[0;34mℹ️  No changes detected, skipping commit[0m
[2025-08-25 11:15:00] [INFO] Auto-commit process completed
[2025-08-25 11:15:00] [INFO] Auto-commit process completed
[0;34mℹ️  Auto-commit process completed[0m
[2025-08-25 11:20:00] [INFO] Starting auto-commit process for bc-express
[2025-08-25 11:20:00] [INFO] Starting auto-commit process for bc-express
[0;34mℹ️  Starting auto-commit process for bc-express[0m
[2025-08-25 11:20:00] [INFO] No changes detected, skipping commit
[2025-08-25 11:20:00] [INFO] No changes detected, skipping commit
[0;34mℹ️  No changes detected, skipping commit[0m
[2025-08-25 11:20:00] [INFO] Auto-commit process completed
[2025-08-25 11:20:00] [INFO] Auto-commit process completed
[0;34mℹ️  Auto-commit process completed[0m
[2025-08-25 21:05:00] [INFO] Starting auto-commit process for bc-express
[2025-08-25 21:05:00] [INFO] Starting auto-commit process for bc-express
[0;34mℹ️  Starting auto-commit process for bc-express[0m
[2025-08-25 21:05:01] [INFO] No changes detected, skipping commit
[2025-08-25 21:05:01] [INFO] No changes detected, skipping commit
[0;34mℹ️  No changes detected, skipping commit[0m
[2025-08-25 21:05:01] [INFO] Auto-commit process completed
[2025-08-25 21:05:01] [INFO] Auto-commit process completed
[0;34mℹ️  Auto-commit process completed[0m
[2025-08-25 21:10:00] [INFO] Starting auto-commit process for bc-express
[2025-08-25 21:10:00] [INFO] Starting auto-commit process for bc-express
[0;34mℹ️  Starting auto-commit process for bc-express[0m
[2025-08-25 21:10:00] [INFO] No changes detected, skipping commit
[2025-08-25 21:10:00] [INFO] No changes detected, skipping commit
[0;34mℹ️  No changes detected, skipping commit[0m
[2025-08-25 21:10:00] [INFO] Auto-commit process completed
[2025-08-25 21:10:00] [INFO] Auto-commit process completed
[0;34mℹ️  Auto-commit process completed[0m
[2025-08-25 21:15:00] [INFO] Starting auto-commit process for bc-express
[2025-08-25 21:15:00] [INFO] Starting auto-commit process for bc-express
[0;34mℹ️  Starting auto-commit process for bc-express[0m
[2025-08-25 21:15:01] [INFO] No changes detected, skipping commit
[2025-08-25 21:15:01] [INFO] No changes detected, skipping commit
[0;34mℹ️  No changes detected, skipping commit[0m
[2025-08-25 21:15:01] [INFO] Auto-commit process completed
[2025-08-25 21:15:01] [INFO] Auto-commit process completed
[0;34mℹ️  Auto-commit process completed[0m
[2025-08-25 21:20:00] [INFO] Starting auto-commit process for bc-express
[2025-08-25 21:20:00] [INFO] Starting auto-commit process for bc-express
[0;34mℹ️  Starting auto-commit process for bc-express[0m
[2025-08-25 21:20:00] [INFO] No changes detected, skipping commit
[2025-08-25 21:20:00] [INFO] No changes detected, skipping commit
[0;34mℹ️  No changes detected, skipping commit[0m
[2025-08-25 21:20:00] [INFO] Auto-commit process completed
[2025-08-25 21:20:00] [INFO] Auto-commit process completed
[0;34mℹ️  Auto-commit process completed[0m
[2025-08-25 21:25:00] [INFO] Starting auto-commit process for bc-express
[2025-08-25 21:25:00] [INFO] Starting auto-commit process for bc-express
[0;34mℹ️  Starting auto-commit process for bc-express[0m
[2025-08-25 21:25:00] [INFO] No changes detected, skipping commit
[2025-08-25 21:25:00] [INFO] No changes detected, skipping commit
[0;34mℹ️  No changes detected, skipping commit[0m
[2025-08-25 21:25:00] [INFO] Auto-commit process completed
[2025-08-25 21:25:00] [INFO] Auto-commit process completed
[0;34mℹ️  Auto-commit process completed[0m
[2025-08-25 21:30:00] [INFO] Starting auto-commit process for bc-express
[2025-08-25 21:30:00] [INFO] Starting auto-commit process for bc-express
[0;34mℹ️  Starting auto-commit process for bc-express[0m
[2025-08-25 21:30:00] [INFO] No changes detected, skipping commit
[2025-08-25 21:30:00] [INFO] No changes detected, skipping commit
[0;34mℹ️  No changes detected, skipping commit[0m
[2025-08-25 21:30:00] [INFO] Auto-commit process completed
[2025-08-25 21:30:00] [INFO] Auto-commit process completed
[0;34mℹ️  Auto-commit process completed[0m
[2025-08-25 21:35:01] [INFO] Starting auto-commit process for bc-express
[2025-08-25 21:35:01] [INFO] Starting auto-commit process for bc-express
[0;34mℹ️  Starting auto-commit process for bc-express[0m
[2025-08-25 21:35:01] [INFO] No changes detected, skipping commit
[2025-08-25 21:35:01] [INFO] No changes detected, skipping commit
[0;34mℹ️  No changes detected, skipping commit[0m
[2025-08-25 21:35:01] [INFO] Auto-commit process completed
[2025-08-25 21:35:01] [INFO] Auto-commit process completed
[0;34mℹ️  Auto-commit process completed[0m
[2025-08-25 21:40:00] [INFO] Starting auto-commit process for bc-express
[2025-08-25 21:40:00] [INFO] Starting auto-commit process for bc-express
[0;34mℹ️  Starting auto-commit process for bc-express[0m
[2025-08-25 21:40:00] [INFO] No changes detected, skipping commit
[2025-08-25 21:40:00] [INFO] No changes detected, skipping commit
[0;34mℹ️  No changes detected, skipping commit[0m
[2025-08-25 21:40:00] [INFO] Auto-commit process completed
[2025-08-25 21:40:00] [INFO] Auto-commit process completed
[0;34mℹ️  Auto-commit process completed[0m
[2025-08-25 21:45:00] [INFO] Starting auto-commit process for bc-express
[2025-08-25 21:45:00] [INFO] Starting auto-commit process for bc-express
[0;34mℹ️  Starting auto-commit process for bc-express[0m
[2025-08-25 21:45:00] [INFO] No changes detected, skipping commit
[2025-08-25 21:45:00] [INFO] No changes detected, skipping commit
[0;34mℹ️  No changes detected, skipping commit[0m
[2025-08-25 21:45:00] [INFO] Auto-commit process completed
[2025-08-25 21:45:00] [INFO] Auto-commit process completed
[0;34mℹ️  Auto-commit process completed[0m
[2025-08-25 21:50:00] [INFO] Starting auto-commit process for bc-express
[2025-08-25 21:50:00] [INFO] Starting auto-commit process for bc-express
[0;34mℹ️  Starting auto-commit process for bc-express[0m
[2025-08-25 21:50:00] [INFO] No changes detected, skipping commit
[2025-08-25 21:50:00] [INFO] No changes detected, skipping commit
[0;34mℹ️  No changes detected, skipping commit[0m
[2025-08-25 21:50:00] [INFO] Auto-commit process completed
[2025-08-25 21:50:00] [INFO] Auto-commit process completed
[0;34mℹ️  Auto-commit process completed[0m
[2025-08-25 21:55:00] [INFO] Starting auto-commit process for bc-express
[2025-08-25 21:55:00] [INFO] Starting auto-commit process for bc-express
[0;34mℹ️  Starting auto-commit process for bc-express[0m
[2025-08-25 21:55:00] [INFO] No changes detected, skipping commit
[2025-08-25 21:55:00] [INFO] No changes detected, skipping commit
[0;34mℹ️  No changes detected, skipping commit[0m
[2025-08-25 21:55:00] [INFO] Auto-commit process completed
[2025-08-25 21:55:00] [INFO] Auto-commit process completed
[0;34mℹ️  Auto-commit process completed[0m
[2025-08-25 22:00:00] [INFO] Starting auto-commit process for bc-express
[2025-08-25 22:00:00] [INFO] Starting auto-commit process for bc-express
[0;34mℹ️  Starting auto-commit process for bc-express[0m
[2025-08-25 22:00:00] [INFO] No changes detected, skipping commit
[2025-08-25 22:00:00] [INFO] No changes detected, skipping commit
[0;34mℹ️  No changes detected, skipping commit[0m
[2025-08-25 22:00:00] [INFO] Auto-commit process completed
[2025-08-25 22:00:00] [INFO] Auto-commit process completed
[0;34mℹ️  Auto-commit process completed[0m
[2025-08-25 22:05:01] [INFO] Starting auto-commit process for bc-express
[2025-08-25 22:05:01] [INFO] Starting auto-commit process for bc-express
[0;34mℹ️  Starting auto-commit process for bc-express[0m
[2025-08-25 22:05:01] [INFO] No changes detected, skipping commit
[2025-08-25 22:05:01] [INFO] No changes detected, skipping commit
[0;34mℹ️  No changes detected, skipping commit[0m
[2025-08-25 22:05:01] [INFO] Auto-commit process completed
[2025-08-25 22:05:01] [INFO] Auto-commit process completed
[0;34mℹ️  Auto-commit process completed[0m
[2025-08-25 22:10:00] [INFO] Starting auto-commit process for bc-express
[2025-08-25 22:10:00] [INFO] Starting auto-commit process for bc-express
[0;34mℹ️  Starting auto-commit process for bc-express[0m
[2025-08-25 22:10:00] [INFO] No changes detected, skipping commit
[2025-08-25 22:10:00] [INFO] No changes detected, skipping commit
[0;34mℹ️  No changes detected, skipping commit[0m
[2025-08-25 22:10:00] [INFO] Auto-commit process completed
[2025-08-25 22:10:00] [INFO] Auto-commit process completed
[0;34mℹ️  Auto-commit process completed[0m
[2025-08-25 22:15:00] [INFO] Starting auto-commit process for bc-express
[2025-08-25 22:15:00] [INFO] Starting auto-commit process for bc-express
[0;34mℹ️  Starting auto-commit process for bc-express[0m
[2025-08-25 22:15:00] [INFO] No changes detected, skipping commit
[2025-08-25 22:15:00] [INFO] No changes detected, skipping commit
[0;34mℹ️  No changes detected, skipping commit[0m
[2025-08-25 22:15:00] [INFO] Auto-commit process completed
[2025-08-25 22:15:00] [INFO] Auto-commit process completed
[0;34mℹ️  Auto-commit process completed[0m
[2025-08-25 22:20:00] [INFO] Starting auto-commit process for bc-express
[2025-08-25 22:20:00] [INFO] Starting auto-commit process for bc-express
[0;34mℹ️  Starting auto-commit process for bc-express[0m
[2025-08-25 22:20:00] [INFO] No changes detected, skipping commit
[2025-08-25 22:20:00] [INFO] No changes detected, skipping commit
[0;34mℹ️  No changes detected, skipping commit[0m
[2025-08-25 22:20:00] [INFO] Auto-commit process completed
[2025-08-25 22:20:00] [INFO] Auto-commit process completed
[0;34mℹ️  Auto-commit process completed[0m
[2025-08-25 22:25:01] [INFO] Starting auto-commit process for bc-express
[2025-08-25 22:25:01] [INFO] Starting auto-commit process for bc-express
[0;34mℹ️  Starting auto-commit process for bc-express[0m
[2025-08-25 22:25:01] [INFO] No changes detected, skipping commit
[2025-08-25 22:25:01] [INFO] No changes detected, skipping commit
[0;34mℹ️  No changes detected, skipping commit[0m
[2025-08-25 22:25:01] [INFO] Auto-commit process completed
[2025-08-25 22:25:01] [INFO] Auto-commit process completed
[0;34mℹ️  Auto-commit process completed[0m
[2025-08-25 22:30:00] [INFO] Starting auto-commit process for bc-express
[2025-08-25 22:30:00] [INFO] Starting auto-commit process for bc-express
[0;34mℹ️  Starting auto-commit process for bc-express[0m
[2025-08-25 22:30:00] [INFO] No changes detected, skipping commit
[2025-08-25 22:30:00] [INFO] No changes detected, skipping commit
[0;34mℹ️  No changes detected, skipping commit[0m
[2025-08-25 22:30:00] [INFO] Auto-commit process completed
[2025-08-25 22:30:00] [INFO] Auto-commit process completed
[0;34mℹ️  Auto-commit process completed[0m
[2025-08-25 22:35:00] [INFO] Starting auto-commit process for bc-express
[2025-08-25 22:35:00] [INFO] Starting auto-commit process for bc-express
[0;34mℹ️  Starting auto-commit process for bc-express[0m
[2025-08-25 22:35:00] [INFO] No changes detected, skipping commit
[2025-08-25 22:35:00] [INFO] No changes detected, skipping commit
[0;34mℹ️  No changes detected, skipping commit[0m
[2025-08-25 22:35:00] [INFO] Auto-commit process completed
[2025-08-25 22:35:00] [INFO] Auto-commit process completed
[0;34mℹ️  Auto-commit process completed[0m
[2025-08-25 22:40:01] [INFO] Starting auto-commit process for bc-express
[2025-08-25 22:40:01] [INFO] Starting auto-commit process for bc-express
[0;34mℹ️  Starting auto-commit process for bc-express[0m
[2025-08-25 22:40:01] [INFO] No changes detected, skipping commit
[2025-08-25 22:40:01] [INFO] No changes detected, skipping commit
[0;34mℹ️  No changes detected, skipping commit[0m
[2025-08-25 22:40:01] [INFO] Auto-commit process completed
[2025-08-25 22:40:01] [INFO] Auto-commit process completed
[0;34mℹ️  Auto-commit process completed[0m
[2025-08-26 16:50:01] [INFO] Starting auto-commit process for bc-express
[2025-08-26 16:50:01] [INFO] Starting auto-commit process for bc-express
[0;34mℹ️  Starting auto-commit process for bc-express[0m
[2025-08-26 16:50:01] [INFO] No changes detected, skipping commit
[2025-08-26 16:50:01] [INFO] No changes detected, skipping commit
[0;34mℹ️  No changes detected, skipping commit[0m
[2025-08-26 16:50:01] [INFO] Auto-commit process completed
[2025-08-26 16:50:01] [INFO] Auto-commit process completed
[0;34mℹ️  Auto-commit process completed[0m
[2025-08-26 16:55:01] [INFO] Starting auto-commit process for bc-express
[2025-08-26 16:55:01] [INFO] Starting auto-commit process for bc-express
[0;34mℹ️  Starting auto-commit process for bc-express[0m
[2025-08-26 16:55:01] [INFO] No changes detected, skipping commit
[2025-08-26 16:55:01] [INFO] No changes detected, skipping commit
[0;34mℹ️  No changes detected, skipping commit[0m
[2025-08-26 16:55:01] [INFO] Auto-commit process completed
[2025-08-26 16:55:01] [INFO] Auto-commit process completed
[0;34mℹ️  Auto-commit process completed[0m
[2025-08-26 17:00:00] [INFO] Starting auto-commit process for bc-express
[2025-08-26 17:00:00] [INFO] Starting auto-commit process for bc-express
[0;34mℹ️  Starting auto-commit process for bc-express[0m
[2025-08-26 17:00:00] [INFO] No changes detected, skipping commit
[2025-08-26 17:00:00] [INFO] No changes detected, skipping commit
[0;34mℹ️  No changes detected, skipping commit[0m
[2025-08-26 17:00:00] [INFO] Auto-commit process completed
[2025-08-26 17:00:00] [INFO] Auto-commit process completed
[0;34mℹ️  Auto-commit process completed[0m
[2025-08-26 17:05:00] [INFO] Starting auto-commit process for bc-express
[2025-08-26 17:05:00] [INFO] Starting auto-commit process for bc-express
[0;34mℹ️  Starting auto-commit process for bc-express[0m
[2025-08-26 17:05:00] [INFO] No changes detected, skipping commit
[2025-08-26 17:05:00] [INFO] No changes detected, skipping commit
[0;34mℹ️  No changes detected, skipping commit[0m
[2025-08-26 17:05:00] [INFO] Auto-commit process completed
[2025-08-26 17:05:00] [INFO] Auto-commit process completed
[0;34mℹ️  Auto-commit process completed[0m
[2025-08-26 17:10:00] [INFO] Starting auto-commit process for bc-express
[2025-08-26 17:10:00] [INFO] Starting auto-commit process for bc-express
[0;34mℹ️  Starting auto-commit process for bc-express[0m
[2025-08-26 17:10:00] [INFO] No changes detected, skipping commit
[2025-08-26 17:10:00] [INFO] No changes detected, skipping commit
[0;34mℹ️  No changes detected, skipping commit[0m
[2025-08-26 17:10:00] [INFO] Auto-commit process completed
[2025-08-26 17:10:00] [INFO] Auto-commit process completed
[0;34mℹ️  Auto-commit process completed[0m
[2025-08-26 17:15:00] [INFO] Starting auto-commit process for bc-express
[2025-08-26 17:15:00] [INFO] Starting auto-commit process for bc-express
[0;34mℹ️  Starting auto-commit process for bc-express[0m
[2025-08-26 17:15:00] [INFO] No changes detected, skipping commit
[2025-08-26 17:15:00] [INFO] No changes detected, skipping commit
[0;34mℹ️  No changes detected, skipping commit[0m
[2025-08-26 17:15:01] [INFO] Auto-commit process completed
[2025-08-26 17:15:01] [INFO] Auto-commit process completed
[0;34mℹ️  Auto-commit process completed[0m
[2025-08-26 17:20:00] [INFO] Starting auto-commit process for bc-express
[2025-08-26 17:20:00] [INFO] Starting auto-commit process for bc-express
[0;34mℹ️  Starting auto-commit process for bc-express[0m
[2025-08-26 17:20:00] [INFO] No changes detected, skipping commit
[2025-08-26 17:20:00] [INFO] No changes detected, skipping commit
[0;34mℹ️  No changes detected, skipping commit[0m
[2025-08-26 17:20:00] [INFO] Auto-commit process completed
[2025-08-26 17:20:00] [INFO] Auto-commit process completed
[0;34mℹ️  Auto-commit process completed[0m
[2025-08-26 17:25:00] [INFO] Starting auto-commit process for bc-express
[2025-08-26 17:25:00] [INFO] Starting auto-commit process for bc-express
[0;34mℹ️  Starting auto-commit process for bc-express[0m
[2025-08-26 17:25:00] [INFO] No changes detected, skipping commit
[2025-08-26 17:25:00] [INFO] No changes detected, skipping commit
[0;34mℹ️  No changes detected, skipping commit[0m
[2025-08-26 17:25:00] [INFO] Auto-commit process completed
[2025-08-26 17:25:00] [INFO] Auto-commit process completed
[0;34mℹ️  Auto-commit process completed[0m
[2025-08-26 17:30:00] [INFO] Starting auto-commit process for bc-express
[2025-08-26 17:30:00] [INFO] Starting auto-commit process for bc-express
[0;34mℹ️  Starting auto-commit process for bc-express[0m
[2025-08-26 17:30:00] [INFO] No changes detected, skipping commit
[2025-08-26 17:30:00] [INFO] No changes detected, skipping commit
[0;34mℹ️  No changes detected, skipping commit[0m
[2025-08-26 17:30:00] [INFO] Auto-commit process completed
[2025-08-26 17:30:00] [INFO] Auto-commit process completed
[0;34mℹ️  Auto-commit process completed[0m
[2025-08-26 17:35:00] [INFO] Starting auto-commit process for bc-express
[2025-08-26 17:35:00] [INFO] Starting auto-commit process for bc-express
[0;34mℹ️  Starting auto-commit process for bc-express[0m
[2025-08-26 17:35:00] [INFO] No changes detected, skipping commit
[2025-08-26 17:35:00] [INFO] No changes detected, skipping commit
[0;34mℹ️  No changes detected, skipping commit[0m
[2025-08-26 17:35:00] [INFO] Auto-commit process completed
[2025-08-26 17:35:00] [INFO] Auto-commit process completed
[0;34mℹ️  Auto-commit process completed[0m
[2025-08-26 18:30:00] [INFO] Starting auto-commit process for bc-express
[2025-08-26 18:30:00] [INFO] Starting auto-commit process for bc-express
[0;34mℹ️  Starting auto-commit process for bc-express[0m
[2025-08-26 18:30:00] [INFO] No changes detected, skipping commit
[2025-08-26 18:30:00] [INFO] No changes detected, skipping commit
[0;34mℹ️  No changes detected, skipping commit[0m
[2025-08-26 18:30:00] [INFO] Auto-commit process completed
[2025-08-26 18:30:00] [INFO] Auto-commit process completed
[0;34mℹ️  Auto-commit process completed[0m
[2025-08-26 18:35:01] [INFO] Starting auto-commit process for bc-express
[2025-08-26 18:35:01] [INFO] Starting auto-commit process for bc-express
[0;34mℹ️  Starting auto-commit process for bc-express[0m
[2025-08-26 18:35:01] [INFO] No changes detected, skipping commit
[2025-08-26 18:35:01] [INFO] No changes detected, skipping commit
[0;34mℹ️  No changes detected, skipping commit[0m
[2025-08-26 18:35:01] [INFO] Auto-commit process completed
[2025-08-26 18:35:01] [INFO] Auto-commit process completed
[0;34mℹ️  Auto-commit process completed[0m
[2025-08-26 18:40:00] [INFO] Starting auto-commit process for bc-express
[2025-08-26 18:40:00] [INFO] Starting auto-commit process for bc-express
[0;34mℹ️  Starting auto-commit process for bc-express[0m
[2025-08-26 18:40:00] [INFO] No changes detected, skipping commit
[2025-08-26 18:40:00] [INFO] No changes detected, skipping commit
[0;34mℹ️  No changes detected, skipping commit[0m
[2025-08-26 18:40:00] [INFO] Auto-commit process completed
[2025-08-26 18:40:00] [INFO] Auto-commit process completed
[0;34mℹ️  Auto-commit process completed[0m
[2025-08-26 18:45:00] [INFO] Starting auto-commit process for bc-express
[2025-08-26 18:45:00] [INFO] Starting auto-commit process for bc-express
[0;34mℹ️  Starting auto-commit process for bc-express[0m
[2025-08-26 18:45:00] [INFO] No changes detected, skipping commit
[2025-08-26 18:45:00] [INFO] No changes detected, skipping commit
[0;34mℹ️  No changes detected, skipping commit[0m
[2025-08-26 18:45:00] [INFO] Auto-commit process completed
[2025-08-26 18:45:00] [INFO] Auto-commit process completed
[0;34mℹ️  Auto-commit process completed[0m
[2025-08-26 18:50:00] [INFO] Starting auto-commit process for bc-express
[2025-08-26 18:50:00] [INFO] Starting auto-commit process for bc-express
[0;34mℹ️  Starting auto-commit process for bc-express[0m
[2025-08-26 18:50:00] [INFO] No changes detected, skipping commit
[2025-08-26 18:50:00] [INFO] No changes detected, skipping commit
[0;34mℹ️  No changes detected, skipping commit[0m
[2025-08-26 18:50:00] [INFO] Auto-commit process completed
[2025-08-26 18:50:00] [INFO] Auto-commit process completed
[0;34mℹ️  Auto-commit process completed[0m
[2025-08-26 18:55:01] [INFO] Starting auto-commit process for bc-express
[2025-08-26 18:55:01] [INFO] Starting auto-commit process for bc-express
[0;34mℹ️  Starting auto-commit process for bc-express[0m
[2025-08-26 18:55:01] [INFO] No changes detected, skipping commit
[2025-08-26 18:55:01] [INFO] No changes detected, skipping commit
[0;34mℹ️  No changes detected, skipping commit[0m
[2025-08-26 18:55:01] [INFO] Auto-commit process completed
[2025-08-26 18:55:01] [INFO] Auto-commit process completed
[0;34mℹ️  Auto-commit process completed[0m
[2025-08-26 19:00:00] [INFO] Starting auto-commit process for bc-express
[2025-08-26 19:00:00] [INFO] Starting auto-commit process for bc-express
[0;34mℹ️  Starting auto-commit process for bc-express[0m
[2025-08-26 19:00:00] [INFO] No changes detected, skipping commit
[2025-08-26 19:00:00] [INFO] No changes detected, skipping commit
[0;34mℹ️  No changes detected, skipping commit[0m
[2025-08-26 19:00:00] [INFO] Auto-commit process completed
[2025-08-26 19:00:00] [INFO] Auto-commit process completed
[0;34mℹ️  Auto-commit process completed[0m
[2025-08-26 19:05:00] [INFO] Starting auto-commit process for bc-express
[2025-08-26 19:05:00] [INFO] Starting auto-commit process for bc-express
[0;34mℹ️  Starting auto-commit process for bc-express[0m
[2025-08-26 19:05:00] [INFO] No changes detected, skipping commit
[2025-08-26 19:05:00] [INFO] No changes detected, skipping commit
[0;34mℹ️  No changes detected, skipping commit[0m
[2025-08-26 19:05:00] [INFO] Auto-commit process completed
[2025-08-26 19:05:00] [INFO] Auto-commit process completed
[0;34mℹ️  Auto-commit process completed[0m
[2025-08-26 19:10:00] [INFO] Starting auto-commit process for bc-express
[2025-08-26 19:10:00] [INFO] Starting auto-commit process for bc-express
[0;34mℹ️  Starting auto-commit process for bc-express[0m
[2025-08-26 19:10:00] [INFO] No changes detected, skipping commit
[2025-08-26 19:10:00] [INFO] No changes detected, skipping commit
[0;34mℹ️  No changes detected, skipping commit[0m
[2025-08-26 19:10:00] [INFO] Auto-commit process completed
[2025-08-26 19:10:00] [INFO] Auto-commit process completed
[0;34mℹ️  Auto-commit process completed[0m
[2025-08-26 19:15:01] [INFO] Starting auto-commit process for bc-express
[2025-08-26 19:15:01] [INFO] Starting auto-commit process for bc-express
[0;34mℹ️  Starting auto-commit process for bc-express[0m
[2025-08-26 19:15:01] [INFO] No changes detected, skipping commit
[2025-08-26 19:15:01] [INFO] No changes detected, skipping commit
[0;34mℹ️  No changes detected, skipping commit[0m
[2025-08-26 19:15:01] [INFO] Auto-commit process completed
[2025-08-26 19:15:01] [INFO] Auto-commit process completed
[0;34mℹ️  Auto-commit process completed[0m
[2025-08-26 19:20:00] [INFO] Starting auto-commit process for bc-express
[2025-08-26 19:20:00] [INFO] Starting auto-commit process for bc-express
[0;34mℹ️  Starting auto-commit process for bc-express[0m
[2025-08-26 19:20:00] [INFO] No changes detected, skipping commit
[2025-08-26 19:20:00] [INFO] No changes detected, skipping commit
[0;34mℹ️  No changes detected, skipping commit[0m
[2025-08-26 19:20:00] [INFO] Auto-commit process completed
[2025-08-26 19:20:00] [INFO] Auto-commit process completed
[0;34mℹ️  Auto-commit process completed[0m
[2025-08-26 19:25:00] [INFO] Starting auto-commit process for bc-express
[2025-08-26 19:25:00] [INFO] Starting auto-commit process for bc-express
[0;34mℹ️  Starting auto-commit process for bc-express[0m
[2025-08-26 19:25:00] [INFO] No changes detected, skipping commit
[2025-08-26 19:25:00] [INFO] No changes detected, skipping commit
[0;34mℹ️  No changes detected, skipping commit[0m
[2025-08-26 19:25:00] [INFO] Auto-commit process completed
[2025-08-26 19:25:00] [INFO] Auto-commit process completed
[0;34mℹ️  Auto-commit process completed[0m
[2025-08-26 19:30:01] [INFO] Starting auto-commit process for bc-express
[2025-08-26 19:30:01] [INFO] Starting auto-commit process for bc-express
[0;34mℹ️  Starting auto-commit process for bc-express[0m
[2025-08-26 19:30:01] [INFO] No changes detected, skipping commit
[2025-08-26 19:30:01] [INFO] No changes detected, skipping commit
[0;34mℹ️  No changes detected, skipping commit[0m
[2025-08-26 19:30:01] [INFO] Auto-commit process completed
[2025-08-26 19:30:01] [INFO] Auto-commit process completed
[0;34mℹ️  Auto-commit process completed[0m
[2025-08-26 19:35:00] [INFO] Starting auto-commit process for bc-express
[2025-08-26 19:35:00] [INFO] Starting auto-commit process for bc-express
[0;34mℹ️  Starting auto-commit process for bc-express[0m
[2025-08-26 19:35:00] [INFO] No changes detected, skipping commit
[2025-08-26 19:35:00] [INFO] No changes detected, skipping commit
[0;34mℹ️  No changes detected, skipping commit[0m
[2025-08-26 19:35:00] [INFO] Auto-commit process completed
[2025-08-26 19:35:00] [INFO] Auto-commit process completed
[0;34mℹ️  Auto-commit process completed[0m
[2025-08-26 19:40:00] [INFO] Starting auto-commit process for bc-express
[2025-08-26 19:40:00] [INFO] Starting auto-commit process for bc-express
[0;34mℹ️  Starting auto-commit process for bc-express[0m
[2025-08-26 19:40:00] [INFO] No changes detected, skipping commit
[2025-08-26 19:40:00] [INFO] No changes detected, skipping commit
[0;34mℹ️  No changes detected, skipping commit[0m
[2025-08-26 19:40:00] [INFO] Auto-commit process completed
[2025-08-26 19:40:00] [INFO] Auto-commit process completed
[0;34mℹ️  Auto-commit process completed[0m
[2025-08-26 19:45:00] [INFO] Starting auto-commit process for bc-express
[2025-08-26 19:45:00] [INFO] Starting auto-commit process for bc-express
[0;34mℹ️  Starting auto-commit process for bc-express[0m
[2025-08-26 19:45:00] [INFO] No changes detected, skipping commit
[2025-08-26 19:45:00] [INFO] No changes detected, skipping commit
[0;34mℹ️  No changes detected, skipping commit[0m
[2025-08-26 19:45:00] [INFO] Auto-commit process completed
[2025-08-26 19:45:00] [INFO] Auto-commit process completed
[0;34mℹ️  Auto-commit process completed[0m
[2025-08-26 19:50:00] [INFO] Starting auto-commit process for bc-express
[2025-08-26 19:50:00] [INFO] Starting auto-commit process for bc-express
[0;34mℹ️  Starting auto-commit process for bc-express[0m
[2025-08-26 19:50:01] [INFO] No changes detected, skipping commit
[2025-08-26 19:50:01] [INFO] No changes detected, skipping commit
[0;34mℹ️  No changes detected, skipping commit[0m
[2025-08-26 19:50:01] [INFO] Auto-commit process completed
[2025-08-26 19:50:01] [INFO] Auto-commit process completed
[0;34mℹ️  Auto-commit process completed[0m
[2025-08-26 19:55:00] [INFO] Starting auto-commit process for bc-express
[2025-08-26 19:55:00] [INFO] Starting auto-commit process for bc-express
[0;34mℹ️  Starting auto-commit process for bc-express[0m
[2025-08-26 19:55:00] [INFO] No changes detected, skipping commit
[2025-08-26 19:55:00] [INFO] No changes detected, skipping commit
[0;34mℹ️  No changes detected, skipping commit[0m
[2025-08-26 19:55:00] [INFO] Auto-commit process completed
[2025-08-26 19:55:00] [INFO] Auto-commit process completed
[0;34mℹ️  Auto-commit process completed[0m
[2025-08-26 20:00:00] [INFO] Starting auto-commit process for bc-express
[2025-08-26 20:00:00] [INFO] Starting auto-commit process for bc-express
[0;34mℹ️  Starting auto-commit process for bc-express[0m
[2025-08-26 20:00:00] [INFO] No changes detected, skipping commit
[2025-08-26 20:00:00] [INFO] No changes detected, skipping commit
[0;34mℹ️  No changes detected, skipping commit[0m
[2025-08-26 20:00:00] [INFO] Auto-commit process completed
[2025-08-26 20:00:00] [INFO] Auto-commit process completed
[0;34mℹ️  Auto-commit process completed[0m
[2025-08-26 20:05:00] [INFO] Starting auto-commit process for bc-express
[2025-08-26 20:05:00] [INFO] Starting auto-commit process for bc-express
[0;34mℹ️  Starting auto-commit process for bc-express[0m
[2025-08-26 20:05:00] [INFO] No changes detected, skipping commit
[2025-08-26 20:05:00] [INFO] No changes detected, skipping commit
[0;34mℹ️  No changes detected, skipping commit[0m
[2025-08-26 20:05:00] [INFO] Auto-commit process completed
[2025-08-26 20:05:00] [INFO] Auto-commit process completed
[0;34mℹ️  Auto-commit process completed[0m
[2025-08-26 20:10:00] [INFO] Starting auto-commit process for bc-express
[2025-08-26 20:10:00] [INFO] Starting auto-commit process for bc-express
[0;34mℹ️  Starting auto-commit process for bc-express[0m
[2025-08-26 20:10:00] [INFO] No changes detected, skipping commit
[2025-08-26 20:10:00] [INFO] No changes detected, skipping commit
[0;34mℹ️  No changes detected, skipping commit[0m
[2025-08-26 20:10:01] [INFO] Auto-commit process completed
[2025-08-26 20:10:01] [INFO] Auto-commit process completed
[0;34mℹ️  Auto-commit process completed[0m
[2025-08-26 20:15:00] [INFO] Starting auto-commit process for bc-express
[2025-08-26 20:15:00] [INFO] Starting auto-commit process for bc-express
[0;34mℹ️  Starting auto-commit process for bc-express[0m
[2025-08-26 20:15:00] [INFO] No changes detected, skipping commit
[2025-08-26 20:15:00] [INFO] No changes detected, skipping commit
[0;34mℹ️  No changes detected, skipping commit[0m
[2025-08-26 20:15:00] [INFO] Auto-commit process completed
[2025-08-26 20:15:00] [INFO] Auto-commit process completed
[0;34mℹ️  Auto-commit process completed[0m
[2025-08-26 20:20:00] [INFO] Starting auto-commit process for bc-express
[2025-08-26 20:20:00] [INFO] Starting auto-commit process for bc-express
[0;34mℹ️  Starting auto-commit process for bc-express[0m
[2025-08-26 20:20:00] [INFO] No changes detected, skipping commit
[2025-08-26 20:20:00] [INFO] No changes detected, skipping commit
[0;34mℹ️  No changes detected, skipping commit[0m
[2025-08-26 20:20:00] [INFO] Auto-commit process completed
[2025-08-26 20:20:00] [INFO] Auto-commit process completed
[0;34mℹ️  Auto-commit process completed[0m
[2025-08-26 20:25:00] [INFO] Starting auto-commit process for bc-express
[2025-08-26 20:25:00] [INFO] Starting auto-commit process for bc-express
[0;34mℹ️  Starting auto-commit process for bc-express[0m
[2025-08-26 20:25:00] [INFO] No changes detected, skipping commit
[2025-08-26 20:25:00] [INFO] No changes detected, skipping commit
[0;34mℹ️  No changes detected, skipping commit[0m
[2025-08-26 20:25:00] [INFO] Auto-commit process completed
[2025-08-26 20:25:00] [INFO] Auto-commit process completed
[0;34mℹ️  Auto-commit process completed[0m
[2025-08-26 20:30:01] [INFO] Starting auto-commit process for bc-express
[2025-08-26 20:30:01] [INFO] Starting auto-commit process for bc-express
[0;34mℹ️  Starting auto-commit process for bc-express[0m
[2025-08-26 20:30:01] [INFO] No changes detected, skipping commit
[2025-08-26 20:30:01] [INFO] No changes detected, skipping commit
[0;34mℹ️  No changes detected, skipping commit[0m
[2025-08-26 20:30:01] [INFO] Auto-commit process completed
[2025-08-26 20:30:01] [INFO] Auto-commit process completed
[0;34mℹ️  Auto-commit process completed[0m
[2025-08-26 20:35:00] [INFO] Starting auto-commit process for bc-express
[2025-08-26 20:35:00] [INFO] Starting auto-commit process for bc-express
[0;34mℹ️  Starting auto-commit process for bc-express[0m
[2025-08-26 20:35:00] [INFO] No changes detected, skipping commit
[2025-08-26 20:35:00] [INFO] No changes detected, skipping commit
[0;34mℹ️  No changes detected, skipping commit[0m
[2025-08-26 20:35:00] [INFO] Auto-commit process completed
[2025-08-26 20:35:00] [INFO] Auto-commit process completed
[0;34mℹ️  Auto-commit process completed[0m
[2025-08-26 20:40:00] [INFO] Starting auto-commit process for bc-express
[2025-08-26 20:40:00] [INFO] Starting auto-commit process for bc-express
[0;34mℹ️  Starting auto-commit process for bc-express[0m
[2025-08-26 20:40:00] [INFO] No changes detected, skipping commit
[2025-08-26 20:40:00] [INFO] No changes detected, skipping commit
[0;34mℹ️  No changes detected, skipping commit[0m
[2025-08-26 20:40:00] [INFO] Auto-commit process completed
[2025-08-26 20:40:00] [INFO] Auto-commit process completed
[0;34mℹ️  Auto-commit process completed[0m
[2025-08-26 20:45:00] [INFO] Starting auto-commit process for bc-express
[2025-08-26 20:45:00] [INFO] Starting auto-commit process for bc-express
[0;34mℹ️  Starting auto-commit process for bc-express[0m
[2025-08-26 20:45:00] [INFO] No changes detected, skipping commit
[2025-08-26 20:45:00] [INFO] No changes detected, skipping commit
[0;34mℹ️  No changes detected, skipping commit[0m
[2025-08-26 20:45:00] [INFO] Auto-commit process completed
[2025-08-26 20:45:00] [INFO] Auto-commit process completed
[0;34mℹ️  Auto-commit process completed[0m
[2025-08-26 20:50:00] [INFO] Starting auto-commit process for bc-express
[2025-08-26 20:50:00] [INFO] Starting auto-commit process for bc-express
[0;34mℹ️  Starting auto-commit process for bc-express[0m
[2025-08-26 20:50:01] [INFO] No changes detected, skipping commit
[2025-08-26 20:50:01] [INFO] No changes detected, skipping commit
[0;34mℹ️  No changes detected, skipping commit[0m
[2025-08-26 20:50:01] [INFO] Auto-commit process completed
[2025-08-26 20:50:01] [INFO] Auto-commit process completed
[0;34mℹ️  Auto-commit process completed[0m
[2025-08-26 20:55:00] [INFO] Starting auto-commit process for bc-express
[2025-08-26 20:55:00] [INFO] Starting auto-commit process for bc-express
[0;34mℹ️  Starting auto-commit process for bc-express[0m
[2025-08-26 20:55:00] [INFO] No changes detected, skipping commit
[2025-08-26 20:55:00] [INFO] No changes detected, skipping commit
[0;34mℹ️  No changes detected, skipping commit[0m
[2025-08-26 20:55:00] [INFO] Auto-commit process completed
[2025-08-26 20:55:00] [INFO] Auto-commit process completed
[0;34mℹ️  Auto-commit process completed[0m
[2025-08-26 21:00:00] [INFO] Starting auto-commit process for bc-express
[2025-08-26 21:00:00] [INFO] Starting auto-commit process for bc-express
[0;34mℹ️  Starting auto-commit process for bc-express[0m
[2025-08-26 21:00:00] [INFO] No changes detected, skipping commit
[2025-08-26 21:00:00] [INFO] No changes detected, skipping commit
[0;34mℹ️  No changes detected, skipping commit[0m
[2025-08-26 21:00:00] [INFO] Auto-commit process completed
[2025-08-26 21:00:00] [INFO] Auto-commit process completed
[0;34mℹ️  Auto-commit process completed[0m
[2025-08-26 21:05:00] [INFO] Starting auto-commit process for bc-express
[2025-08-26 21:05:00] [INFO] Starting auto-commit process for bc-express
[0;34mℹ️  Starting auto-commit process for bc-express[0m
[2025-08-26 21:05:00] [INFO] No changes detected, skipping commit
[2025-08-26 21:05:00] [INFO] No changes detected, skipping commit
[0;34mℹ️  No changes detected, skipping commit[0m
[2025-08-26 21:05:00] [INFO] Auto-commit process completed
[2025-08-26 21:05:00] [INFO] Auto-commit process completed
[0;34mℹ️  Auto-commit process completed[0m
[2025-08-26 21:10:00] [INFO] Starting auto-commit process for bc-express
[2025-08-26 21:10:00] [INFO] Starting auto-commit process for bc-express
[0;34mℹ️  Starting auto-commit process for bc-express[0m
[2025-08-26 21:10:00] [INFO] No changes detected, skipping commit
[2025-08-26 21:10:00] [INFO] No changes detected, skipping commit
[0;34mℹ️  No changes detected, skipping commit[0m
[2025-08-26 21:10:00] [INFO] Auto-commit process completed
[2025-08-26 21:10:00] [INFO] Auto-commit process completed
[0;34mℹ️  Auto-commit process completed[0m
[2025-08-26 21:15:01] [INFO] Starting auto-commit process for bc-express
[2025-08-26 21:15:01] [INFO] Starting auto-commit process for bc-express
[0;34mℹ️  Starting auto-commit process for bc-express[0m
[2025-08-26 21:15:01] [INFO] No changes detected, skipping commit
[2025-08-26 21:15:01] [INFO] No changes detected, skipping commit
[0;34mℹ️  No changes detected, skipping commit[0m
[2025-08-26 21:15:01] [INFO] Auto-commit process completed
[2025-08-26 21:15:01] [INFO] Auto-commit process completed
[0;34mℹ️  Auto-commit process completed[0m
[2025-08-26 21:20:00] [INFO] Starting auto-commit process for bc-express
[2025-08-26 21:20:00] [INFO] Starting auto-commit process for bc-express
[0;34mℹ️  Starting auto-commit process for bc-express[0m
[2025-08-26 21:20:00] [INFO] No changes detected, skipping commit
[2025-08-26 21:20:00] [INFO] No changes detected, skipping commit
[0;34mℹ️  No changes detected, skipping commit[0m
[2025-08-26 21:20:00] [INFO] Auto-commit process completed
[2025-08-26 21:20:00] [INFO] Auto-commit process completed
[0;34mℹ️  Auto-commit process completed[0m
[2025-08-26 21:25:00] [INFO] Starting auto-commit process for bc-express
[2025-08-26 21:25:00] [INFO] Starting auto-commit process for bc-express
[0;34mℹ️  Starting auto-commit process for bc-express[0m
[2025-08-26 21:25:00] [INFO] No changes detected, skipping commit
[2025-08-26 21:25:00] [INFO] No changes detected, skipping commit
[0;34mℹ️  No changes detected, skipping commit[0m
[2025-08-26 21:25:00] [INFO] Auto-commit process completed
[2025-08-26 21:25:00] [INFO] Auto-commit process completed
[0;34mℹ️  Auto-commit process completed[0m
[2025-08-26 21:30:01] [INFO] Starting auto-commit process for bc-express
[2025-08-26 21:30:01] [INFO] Starting auto-commit process for bc-express
[0;34mℹ️  Starting auto-commit process for bc-express[0m
[2025-08-26 21:30:01] [INFO] No changes detected, skipping commit
[2025-08-26 21:30:01] [INFO] No changes detected, skipping commit
[0;34mℹ️  No changes detected, skipping commit[0m
[2025-08-26 21:30:01] [INFO] Auto-commit process completed
[2025-08-26 21:30:01] [INFO] Auto-commit process completed
[0;34mℹ️  Auto-commit process completed[0m
[2025-08-26 21:35:00] [INFO] Starting auto-commit process for bc-express
[2025-08-26 21:35:00] [INFO] Starting auto-commit process for bc-express
[0;34mℹ️  Starting auto-commit process for bc-express[0m
[2025-08-26 21:35:00] [INFO] No changes detected, skipping commit
[2025-08-26 21:35:00] [INFO] No changes detected, skipping commit
[0;34mℹ️  No changes detected, skipping commit[0m
[2025-08-26 21:35:00] [INFO] Auto-commit process completed
[2025-08-26 21:35:00] [INFO] Auto-commit process completed
[0;34mℹ️  Auto-commit process completed[0m
[2025-08-26 21:40:00] [INFO] Starting auto-commit process for bc-express
[2025-08-26 21:40:00] [INFO] Starting auto-commit process for bc-express
[0;34mℹ️  Starting auto-commit process for bc-express[0m
[2025-08-26 21:40:00] [INFO] No changes detected, skipping commit
[2025-08-26 21:40:00] [INFO] No changes detected, skipping commit
[0;34mℹ️  No changes detected, skipping commit[0m
[2025-08-26 21:40:00] [INFO] Auto-commit process completed
[2025-08-26 21:40:00] [INFO] Auto-commit process completed
[0;34mℹ️  Auto-commit process completed[0m
[2025-08-27 12:25:02] [INFO] Starting auto-commit process for bc-express
[2025-08-27 12:25:02] [INFO] Starting auto-commit process for bc-express
[0;34mℹ️  Starting auto-commit process for bc-express[0m
[2025-08-27 12:25:02] [INFO] No changes detected, skipping commit
[2025-08-27 12:25:02] [INFO] No changes detected, skipping commit
[0;34mℹ️  No changes detected, skipping commit[0m
[2025-08-27 12:25:02] [INFO] Auto-commit process completed
[2025-08-27 12:25:02] [INFO] Auto-commit process completed
[0;34mℹ️  Auto-commit process completed[0m
[2025-08-27 12:30:00] [INFO] Starting auto-commit process for bc-express
[2025-08-27 12:30:00] [INFO] Starting auto-commit process for bc-express
[0;34mℹ️  Starting auto-commit process for bc-express[0m
[2025-08-27 12:30:00] [INFO] No changes detected, skipping commit
[2025-08-27 12:30:00] [INFO] No changes detected, skipping commit
[0;34mℹ️  No changes detected, skipping commit[0m
[2025-08-27 12:30:00] [INFO] Auto-commit process completed
[2025-08-27 12:30:00] [INFO] Auto-commit process completed
[0;34mℹ️  Auto-commit process completed[0m
[2025-08-27 12:35:00] [INFO] Starting auto-commit process for bc-express
[2025-08-27 12:35:00] [INFO] Starting auto-commit process for bc-express
[0;34mℹ️  Starting auto-commit process for bc-express[0m
[2025-08-27 12:35:00] [INFO] No changes detected, skipping commit
[2025-08-27 12:35:00] [INFO] No changes detected, skipping commit
[0;34mℹ️  No changes detected, skipping commit[0m
[2025-08-27 12:35:00] [INFO] Auto-commit process completed
[2025-08-27 12:35:00] [INFO] Auto-commit process completed
[0;34mℹ️  Auto-commit process completed[0m
[2025-08-27 12:40:00] [INFO] Starting auto-commit process for bc-express
[2025-08-27 12:40:00] [INFO] Starting auto-commit process for bc-express
[0;34mℹ️  Starting auto-commit process for bc-express[0m
[2025-08-27 12:40:00] [INFO] No changes detected, skipping commit
[2025-08-27 12:40:00] [INFO] No changes detected, skipping commit
[0;34mℹ️  No changes detected, skipping commit[0m
[2025-08-27 12:40:00] [INFO] Auto-commit process completed
[2025-08-27 12:40:00] [INFO] Auto-commit process completed
[0;34mℹ️  Auto-commit process completed[0m
[2025-08-27 12:45:01] [INFO] Starting auto-commit process for bc-express
[2025-08-27 12:45:01] [INFO] Starting auto-commit process for bc-express
[0;34mℹ️  Starting auto-commit process for bc-express[0m
[2025-08-27 12:45:01] [INFO] No changes detected, skipping commit
[2025-08-27 12:45:01] [INFO] No changes detected, skipping commit
[0;34mℹ️  No changes detected, skipping commit[0m
[2025-08-27 12:45:01] [INFO] Auto-commit process completed
[2025-08-27 12:45:01] [INFO] Auto-commit process completed
[0;34mℹ️  Auto-commit process completed[0m
[2025-08-27 12:50:00] [INFO] Starting auto-commit process for bc-express
[2025-08-27 12:50:00] [INFO] Starting auto-commit process for bc-express
[0;34mℹ️  Starting auto-commit process for bc-express[0m
[2025-08-27 12:50:00] [INFO] No changes detected, skipping commit
[2025-08-27 12:50:00] [INFO] No changes detected, skipping commit
[0;34mℹ️  No changes detected, skipping commit[0m
[2025-08-27 12:50:00] [INFO] Auto-commit process completed
[2025-08-27 12:50:00] [INFO] Auto-commit process completed
[0;34mℹ️  Auto-commit process completed[0m
[2025-08-27 12:55:00] [INFO] Starting auto-commit process for bc-express
[2025-08-27 12:55:00] [INFO] Starting auto-commit process for bc-express
[0;34mℹ️  Starting auto-commit process for bc-express[0m
[2025-08-27 12:55:00] [INFO] No changes detected, skipping commit
[2025-08-27 12:55:00] [INFO] No changes detected, skipping commit
[0;34mℹ️  No changes detected, skipping commit[0m
[2025-08-27 12:55:00] [INFO] Auto-commit process completed
[2025-08-27 12:55:00] [INFO] Auto-commit process completed
[0;34mℹ️  Auto-commit process completed[0m
[2025-08-27 13:00:01] [INFO] Starting auto-commit process for bc-express
[2025-08-27 13:00:01] [INFO] Starting auto-commit process for bc-express
[0;34mℹ️  Starting auto-commit process for bc-express[0m
[2025-08-27 13:00:01] [INFO] No changes detected, skipping commit
[2025-08-27 13:00:01] [INFO] No changes detected, skipping commit
[0;34mℹ️  No changes detected, skipping commit[0m
[2025-08-27 13:00:01] [INFO] Auto-commit process completed
[2025-08-27 13:00:01] [INFO] Auto-commit process completed
[0;34mℹ️  Auto-commit process completed[0m
[2025-08-27 13:05:00] [INFO] Starting auto-commit process for bc-express
[2025-08-27 13:05:00] [INFO] Starting auto-commit process for bc-express
[0;34mℹ️  Starting auto-commit process for bc-express[0m
[2025-08-27 13:05:00] [INFO] No changes detected, skipping commit
[2025-08-27 13:05:00] [INFO] No changes detected, skipping commit
[0;34mℹ️  No changes detected, skipping commit[0m
[2025-08-27 13:05:00] [INFO] Auto-commit process completed
[2025-08-27 13:05:00] [INFO] Auto-commit process completed
[0;34mℹ️  Auto-commit process completed[0m
[2025-08-27 13:10:00] [INFO] Starting auto-commit process for bc-express
[2025-08-27 13:10:00] [INFO] Starting auto-commit process for bc-express
[0;34mℹ️  Starting auto-commit process for bc-express[0m
[2025-08-27 13:10:00] [INFO] No changes detected, skipping commit
[2025-08-27 13:10:00] [INFO] No changes detected, skipping commit
[0;34mℹ️  No changes detected, skipping commit[0m
[2025-08-27 13:10:00] [INFO] Auto-commit process completed
[2025-08-27 13:10:00] [INFO] Auto-commit process completed
[0;34mℹ️  Auto-commit process completed[0m
[2025-08-27 13:15:00] [INFO] Starting auto-commit process for bc-express
[2025-08-27 13:15:00] [INFO] Starting auto-commit process for bc-express
[0;34mℹ️  Starting auto-commit process for bc-express[0m
[2025-08-27 13:15:00] [INFO] No changes detected, skipping commit
[2025-08-27 13:15:00] [INFO] No changes detected, skipping commit
[0;34mℹ️  No changes detected, skipping commit[0m
[2025-08-27 13:15:00] [INFO] Auto-commit process completed
[2025-08-27 13:15:00] [INFO] Auto-commit process completed
[0;34mℹ️  Auto-commit process completed[0m
[2025-08-27 13:20:01] [INFO] Starting auto-commit process for bc-express
[2025-08-27 13:20:01] [INFO] Starting auto-commit process for bc-express
[0;34mℹ️  Starting auto-commit process for bc-express[0m
[2025-08-27 13:20:01] [INFO] No changes detected, skipping commit
[2025-08-27 13:20:01] [INFO] No changes detected, skipping commit
[0;34mℹ️  No changes detected, skipping commit[0m
[2025-08-27 13:20:01] [INFO] Auto-commit process completed
[2025-08-27 13:20:01] [INFO] Auto-commit process completed
[0;34mℹ️  Auto-commit process completed[0m
[2025-08-27 13:25:00] [INFO] Starting auto-commit process for bc-express
[2025-08-27 13:25:00] [INFO] Starting auto-commit process for bc-express
[0;34mℹ️  Starting auto-commit process for bc-express[0m
[2025-08-27 13:25:00] [INFO] No changes detected, skipping commit
[2025-08-27 13:25:00] [INFO] No changes detected, skipping commit
[0;34mℹ️  No changes detected, skipping commit[0m
[2025-08-27 13:25:00] [INFO] Auto-commit process completed
[2025-08-27 13:25:00] [INFO] Auto-commit process completed
[0;34mℹ️  Auto-commit process completed[0m
[2025-08-27 13:30:00] [INFO] Starting auto-commit process for bc-express
[2025-08-27 13:30:00] [INFO] Starting auto-commit process for bc-express
[0;34mℹ️  Starting auto-commit process for bc-express[0m
[2025-08-27 13:30:00] [INFO] No changes detected, skipping commit
[2025-08-27 13:30:00] [INFO] No changes detected, skipping commit
[0;34mℹ️  No changes detected, skipping commit[0m
[2025-08-27 13:30:00] [INFO] Auto-commit process completed
[2025-08-27 13:30:00] [INFO] Auto-commit process completed
[0;34mℹ️  Auto-commit process completed[0m
[2025-08-27 13:35:00] [INFO] Starting auto-commit process for bc-express
[2025-08-27 13:35:00] [INFO] Starting auto-commit process for bc-express
[0;34mℹ️  Starting auto-commit process for bc-express[0m
[2025-08-27 13:35:00] [INFO] No changes detected, skipping commit
[2025-08-27 13:35:00] [INFO] No changes detected, skipping commit
[0;34mℹ️  No changes detected, skipping commit[0m
[2025-08-27 13:35:00] [INFO] Auto-commit process completed
[2025-08-27 13:35:00] [INFO] Auto-commit process completed
[0;34mℹ️  Auto-commit process completed[0m
[2025-08-27 13:40:00] [INFO] Starting auto-commit process for bc-express
[2025-08-27 13:40:00] [INFO] Starting auto-commit process for bc-express
[0;34mℹ️  Starting auto-commit process for bc-express[0m
[2025-08-27 13:40:00] [INFO] No changes detected, skipping commit
[2025-08-27 13:40:00] [INFO] No changes detected, skipping commit
[0;34mℹ️  No changes detected, skipping commit[0m
[2025-08-27 13:40:00] [INFO] Auto-commit process completed
[2025-08-27 13:40:00] [INFO] Auto-commit process completed
[0;34mℹ️  Auto-commit process completed[0m
[2025-08-27 13:45:01] [INFO] Starting auto-commit process for bc-express
[2025-08-27 13:45:01] [INFO] Starting auto-commit process for bc-express
[0;34mℹ️  Starting auto-commit process for bc-express[0m
[2025-08-27 13:45:01] [INFO] No changes detected, skipping commit
[2025-08-27 13:45:01] [INFO] No changes detected, skipping commit
[0;34mℹ️  No changes detected, skipping commit[0m
[2025-08-27 13:45:01] [INFO] Auto-commit process completed
[2025-08-27 13:45:01] [INFO] Auto-commit process completed
[0;34mℹ️  Auto-commit process completed[0m
[2025-08-27 13:50:00] [INFO] Starting auto-commit process for bc-express
[2025-08-27 13:50:00] [INFO] Starting auto-commit process for bc-express
[0;34mℹ️  Starting auto-commit process for bc-express[0m
[2025-08-27 13:50:00] [INFO] No changes detected, skipping commit
[2025-08-27 13:50:00] [INFO] No changes detected, skipping commit
[0;34mℹ️  No changes detected, skipping commit[0m
[2025-08-27 13:50:00] [INFO] Auto-commit process completed
[2025-08-27 13:50:00] [INFO] Auto-commit process completed
[0;34mℹ️  Auto-commit process completed[0m
[2025-08-27 13:55:00] [INFO] Starting auto-commit process for bc-express
[2025-08-27 13:55:00] [INFO] Starting auto-commit process for bc-express
[0;34mℹ️  Starting auto-commit process for bc-express[0m
[2025-08-27 13:55:00] [INFO] No changes detected, skipping commit
[2025-08-27 13:55:00] [INFO] No changes detected, skipping commit
[0;34mℹ️  No changes detected, skipping commit[0m
[2025-08-27 13:55:00] [INFO] Auto-commit process completed
[2025-08-27 13:55:00] [INFO] Auto-commit process completed
[0;34mℹ️  Auto-commit process completed[0m
[2025-08-27 14:00:00] [INFO] Starting auto-commit process for bc-express
[2025-08-27 14:00:00] [INFO] Starting auto-commit process for bc-express
[0;34mℹ️  Starting auto-commit process for bc-express[0m
[2025-08-27 14:00:00] [INFO] No changes detected, skipping commit
[2025-08-27 14:00:00] [INFO] No changes detected, skipping commit
[0;34mℹ️  No changes detected, skipping commit[0m
[2025-08-27 14:00:00] [INFO] Auto-commit process completed
[2025-08-27 14:00:00] [INFO] Auto-commit process completed
[0;34mℹ️  Auto-commit process completed[0m
[2025-08-27 14:40:01] [INFO] Starting auto-commit process for bc-express
[2025-08-27 14:40:01] [INFO] Starting auto-commit process for bc-express
[0;34mℹ️  Starting auto-commit process for bc-express[0m
[2025-08-27 14:40:01] [INFO] No changes detected, skipping commit
[2025-08-27 14:40:01] [INFO] No changes detected, skipping commit
[0;34mℹ️  No changes detected, skipping commit[0m
[2025-08-27 14:40:01] [INFO] Auto-commit process completed
[2025-08-27 14:40:01] [INFO] Auto-commit process completed
[0;34mℹ️  Auto-commit process completed[0m
[2025-08-27 14:45:00] [INFO] Starting auto-commit process for bc-express
[2025-08-27 14:45:00] [INFO] Starting auto-commit process for bc-express
[0;34mℹ️  Starting auto-commit process for bc-express[0m
[2025-08-27 14:45:00] [INFO] No changes detected, skipping commit
[2025-08-27 14:45:00] [INFO] No changes detected, skipping commit
[0;34mℹ️  No changes detected, skipping commit[0m
[2025-08-27 14:45:00] [INFO] Auto-commit process completed
[2025-08-27 14:45:00] [INFO] Auto-commit process completed
[0;34mℹ️  Auto-commit process completed[0m
[2025-08-27 14:50:00] [INFO] Starting auto-commit process for bc-express
[2025-08-27 14:50:00] [INFO] Starting auto-commit process for bc-express
[0;34mℹ️  Starting auto-commit process for bc-express[0m
[2025-08-27 14:50:00] [INFO] No changes detected, skipping commit
[2025-08-27 14:50:00] [INFO] No changes detected, skipping commit
[0;34mℹ️  No changes detected, skipping commit[0m
[2025-08-27 14:50:00] [INFO] Auto-commit process completed
[2025-08-27 14:50:00] [INFO] Auto-commit process completed
[0;34mℹ️  Auto-commit process completed[0m
[2025-08-27 14:55:00] [INFO] Starting auto-commit process for bc-express
[2025-08-27 14:55:00] [INFO] Starting auto-commit process for bc-express
[0;34mℹ️  Starting auto-commit process for bc-express[0m
[2025-08-27 14:55:00] [INFO] No changes detected, skipping commit
[2025-08-27 14:55:00] [INFO] No changes detected, skipping commit
[0;34mℹ️  No changes detected, skipping commit[0m
[2025-08-27 14:55:00] [INFO] Auto-commit process completed
[2025-08-27 14:55:00] [INFO] Auto-commit process completed
[0;34mℹ️  Auto-commit process completed[0m
[2025-08-27 15:00:01] [INFO] Starting auto-commit process for bc-express
[2025-08-27 15:00:01] [INFO] Starting auto-commit process for bc-express
[0;34mℹ️  Starting auto-commit process for bc-express[0m
[2025-08-27 15:00:01] [INFO] No changes detected, skipping commit
[2025-08-27 15:00:01] [INFO] No changes detected, skipping commit
[0;34mℹ️  No changes detected, skipping commit[0m
[2025-08-27 15:00:01] [INFO] Auto-commit process completed
[2025-08-27 15:00:01] [INFO] Auto-commit process completed
[0;34mℹ️  Auto-commit process completed[0m
[2025-08-27 15:05:00] [INFO] Starting auto-commit process for bc-express
[2025-08-27 15:05:00] [INFO] Starting auto-commit process for bc-express
[0;34mℹ️  Starting auto-commit process for bc-express[0m
[2025-08-27 15:05:00] [INFO] No changes detected, skipping commit
[2025-08-27 15:05:00] [INFO] No changes detected, skipping commit
[0;34mℹ️  No changes detected, skipping commit[0m
[2025-08-27 15:05:00] [INFO] Auto-commit process completed
[2025-08-27 15:05:00] [INFO] Auto-commit process completed
[0;34mℹ️  Auto-commit process completed[0m
[2025-08-27 15:10:00] [INFO] Starting auto-commit process for bc-express
[2025-08-27 15:10:00] [INFO] Starting auto-commit process for bc-express
[0;34mℹ️  Starting auto-commit process for bc-express[0m
[2025-08-27 15:10:00] [INFO] No changes detected, skipping commit
[2025-08-27 15:10:00] [INFO] No changes detected, skipping commit
[0;34mℹ️  No changes detected, skipping commit[0m
[2025-08-27 15:10:00] [INFO] Auto-commit process completed
[2025-08-27 15:10:00] [INFO] Auto-commit process completed
[0;34mℹ️  Auto-commit process completed[0m
[2025-08-27 15:15:00] [INFO] Starting auto-commit process for bc-express
[2025-08-27 15:15:00] [INFO] Starting auto-commit process for bc-express
[0;34mℹ️  Starting auto-commit process for bc-express[0m
[2025-08-27 15:15:00] [INFO] No changes detected, skipping commit
[2025-08-27 15:15:00] [INFO] No changes detected, skipping commit
[0;34mℹ️  No changes detected, skipping commit[0m
[2025-08-27 15:15:00] [INFO] Auto-commit process completed
[2025-08-27 15:15:00] [INFO] Auto-commit process completed
[0;34mℹ️  Auto-commit process completed[0m
[2025-08-27 15:20:01] [INFO] Starting auto-commit process for bc-express
[2025-08-27 15:20:01] [INFO] Starting auto-commit process for bc-express
[0;34mℹ️  Starting auto-commit process for bc-express[0m
[2025-08-27 15:20:01] [INFO] No changes detected, skipping commit
[2025-08-27 15:20:01] [INFO] No changes detected, skipping commit
[0;34mℹ️  No changes detected, skipping commit[0m
[2025-08-27 15:20:01] [INFO] Auto-commit process completed
[2025-08-27 15:20:01] [INFO] Auto-commit process completed
[0;34mℹ️  Auto-commit process completed[0m
[2025-08-27 15:25:00] [INFO] Starting auto-commit process for bc-express
[2025-08-27 15:25:00] [INFO] Starting auto-commit process for bc-express
[0;34mℹ️  Starting auto-commit process for bc-express[0m
[2025-08-27 15:25:00] [INFO] No changes detected, skipping commit
[2025-08-27 15:25:00] [INFO] No changes detected, skipping commit
[0;34mℹ️  No changes detected, skipping commit[0m
[2025-08-27 15:25:00] [INFO] Auto-commit process completed
[2025-08-27 15:25:00] [INFO] Auto-commit process completed
[0;34mℹ️  Auto-commit process completed[0m
[2025-08-27 15:30:00] [INFO] Starting auto-commit process for bc-express
[2025-08-27 15:30:00] [INFO] Starting auto-commit process for bc-express
[0;34mℹ️  Starting auto-commit process for bc-express[0m
[2025-08-27 15:30:00] [INFO] No changes detected, skipping commit
[2025-08-27 15:30:00] [INFO] No changes detected, skipping commit
[0;34mℹ️  No changes detected, skipping commit[0m
[2025-08-27 15:30:00] [INFO] Auto-commit process completed
[2025-08-27 15:30:00] [INFO] Auto-commit process completed
[0;34mℹ️  Auto-commit process completed[0m
[2025-08-27 15:35:00] [INFO] Starting auto-commit process for bc-express
[2025-08-27 15:35:00] [INFO] Starting auto-commit process for bc-express
[0;34mℹ️  Starting auto-commit process for bc-express[0m
[2025-08-27 15:35:00] [INFO] No changes detected, skipping commit
[2025-08-27 15:35:00] [INFO] No changes detected, skipping commit
[0;34mℹ️  No changes detected, skipping commit[0m
[2025-08-27 15:35:00] [INFO] Auto-commit process completed
[2025-08-27 15:35:00] [INFO] Auto-commit process completed
[0;34mℹ️  Auto-commit process completed[0m
[2025-08-27 15:40:01] [INFO] Starting auto-commit process for bc-express
[2025-08-27 15:40:01] [INFO] Starting auto-commit process for bc-express
[0;34mℹ️  Starting auto-commit process for bc-express[0m
[2025-08-27 15:40:01] [INFO] No changes detected, skipping commit
[2025-08-27 15:40:01] [INFO] No changes detected, skipping commit
[0;34mℹ️  No changes detected, skipping commit[0m
[2025-08-27 15:40:01] [INFO] Auto-commit process completed
[2025-08-27 15:40:01] [INFO] Auto-commit process completed
[0;34mℹ️  Auto-commit process completed[0m
[2025-08-27 15:45:00] [INFO] Starting auto-commit process for bc-express
[2025-08-27 15:45:00] [INFO] Starting auto-commit process for bc-express
[0;34mℹ️  Starting auto-commit process for bc-express[0m
[2025-08-27 15:45:00] [INFO] No changes detected, skipping commit
[2025-08-27 15:45:00] [INFO] No changes detected, skipping commit
[0;34mℹ️  No changes detected, skipping commit[0m
[2025-08-27 15:45:00] [INFO] Auto-commit process completed
[2025-08-27 15:45:00] [INFO] Auto-commit process completed
[0;34mℹ️  Auto-commit process completed[0m
[2025-08-27 15:50:00] [INFO] Starting auto-commit process for bc-express
[2025-08-27 15:50:00] [INFO] Starting auto-commit process for bc-express
[0;34mℹ️  Starting auto-commit process for bc-express[0m
[2025-08-27 15:50:00] [INFO] No changes detected, skipping commit
[2025-08-27 15:50:00] [INFO] No changes detected, skipping commit
[0;34mℹ️  No changes detected, skipping commit[0m
[2025-08-27 15:50:00] [INFO] Auto-commit process completed
[2025-08-27 15:50:00] [INFO] Auto-commit process completed
[0;34mℹ️  Auto-commit process completed[0m
[2025-08-27 15:55:00] [INFO] Starting auto-commit process for bc-express
[2025-08-27 15:55:00] [INFO] Starting auto-commit process for bc-express
[0;34mℹ️  Starting auto-commit process for bc-express[0m
[2025-08-27 15:55:00] [INFO] No changes detected, skipping commit
[2025-08-27 15:55:00] [INFO] No changes detected, skipping commit
[0;34mℹ️  No changes detected, skipping commit[0m
[2025-08-27 15:55:00] [INFO] Auto-commit process completed
[2025-08-27 15:55:00] [INFO] Auto-commit process completed
[0;34mℹ️  Auto-commit process completed[0m
[2025-08-27 16:00:01] [INFO] Starting auto-commit process for bc-express
[2025-08-27 16:00:01] [INFO] Starting auto-commit process for bc-express
[0;34mℹ️  Starting auto-commit process for bc-express[0m
[2025-08-27 16:00:01] [INFO] No changes detected, skipping commit
[2025-08-27 16:00:01] [INFO] No changes detected, skipping commit
[0;34mℹ️  No changes detected, skipping commit[0m
[2025-08-27 16:00:01] [INFO] Auto-commit process completed
[2025-08-27 16:00:01] [INFO] Auto-commit process completed
[0;34mℹ️  Auto-commit process completed[0m
[2025-08-27 16:05:00] [INFO] Starting auto-commit process for bc-express
[2025-08-27 16:05:00] [INFO] Starting auto-commit process for bc-express
[0;34mℹ️  Starting auto-commit process for bc-express[0m
[2025-08-27 16:05:00] [INFO] No changes detected, skipping commit
[2025-08-27 16:05:00] [INFO] No changes detected, skipping commit
[0;34mℹ️  No changes detected, skipping commit[0m
[2025-08-27 16:05:00] [INFO] Auto-commit process completed
[2025-08-27 16:05:00] [INFO] Auto-commit process completed
[0;34mℹ️  Auto-commit process completed[0m
[2025-08-27 16:10:00] [INFO] Starting auto-commit process for bc-express
[2025-08-27 16:10:00] [INFO] Starting auto-commit process for bc-express
[0;34mℹ️  Starting auto-commit process for bc-express[0m
[2025-08-27 16:10:00] [INFO] No changes detected, skipping commit
[2025-08-27 16:10:00] [INFO] No changes detected, skipping commit
[0;34mℹ️  No changes detected, skipping commit[0m
[2025-08-27 16:10:00] [INFO] Auto-commit process completed
[2025-08-27 16:10:00] [INFO] Auto-commit process completed
[0;34mℹ️  Auto-commit process completed[0m
[2025-08-27 16:15:00] [INFO] Starting auto-commit process for bc-express
[2025-08-27 16:15:00] [INFO] Starting auto-commit process for bc-express
[0;34mℹ️  Starting auto-commit process for bc-express[0m
[2025-08-27 16:15:00] [INFO] No changes detected, skipping commit
[2025-08-27 16:15:00] [INFO] No changes detected, skipping commit
[0;34mℹ️  No changes detected, skipping commit[0m
[2025-08-27 16:15:00] [INFO] Auto-commit process completed
[2025-08-27 16:15:00] [INFO] Auto-commit process completed
[0;34mℹ️  Auto-commit process completed[0m
[2025-08-27 16:20:01] [INFO] Starting auto-commit process for bc-express
[2025-08-27 16:20:01] [INFO] Starting auto-commit process for bc-express
[0;34mℹ️  Starting auto-commit process for bc-express[0m
[2025-08-27 16:20:01] [INFO] No changes detected, skipping commit
[2025-08-27 16:20:01] [INFO] No changes detected, skipping commit
[0;34mℹ️  No changes detected, skipping commit[0m
[2025-08-27 16:20:01] [INFO] Auto-commit process completed
[2025-08-27 16:20:01] [INFO] Auto-commit process completed
[0;34mℹ️  Auto-commit process completed[0m
[2025-08-27 16:25:00] [INFO] Starting auto-commit process for bc-express
[2025-08-27 16:25:00] [INFO] Starting auto-commit process for bc-express
[0;34mℹ️  Starting auto-commit process for bc-express[0m
[2025-08-27 16:25:00] [INFO] No changes detected, skipping commit
[2025-08-27 16:25:00] [INFO] No changes detected, skipping commit
[0;34mℹ️  No changes detected, skipping commit[0m
[2025-08-27 16:25:00] [INFO] Auto-commit process completed
[2025-08-27 16:25:00] [INFO] Auto-commit process completed
[0;34mℹ️  Auto-commit process completed[0m
[2025-08-27 16:30:00] [INFO] Starting auto-commit process for bc-express
[2025-08-27 16:30:00] [INFO] Starting auto-commit process for bc-express
[0;34mℹ️  Starting auto-commit process for bc-express[0m
[2025-08-27 16:30:00] [INFO] No changes detected, skipping commit
[2025-08-27 16:30:00] [INFO] No changes detected, skipping commit
[0;34mℹ️  No changes detected, skipping commit[0m
[2025-08-27 16:30:00] [INFO] Auto-commit process completed
[2025-08-27 16:30:00] [INFO] Auto-commit process completed
[0;34mℹ️  Auto-commit process completed[0m
[2025-08-27 16:35:00] [INFO] Starting auto-commit process for bc-express
[2025-08-27 16:35:00] [INFO] Starting auto-commit process for bc-express
[0;34mℹ️  Starting auto-commit process for bc-express[0m
[2025-08-27 16:35:00] [INFO] No changes detected, skipping commit
[2025-08-27 16:35:00] [INFO] No changes detected, skipping commit
[0;34mℹ️  No changes detected, skipping commit[0m
[2025-08-27 16:35:00] [INFO] Auto-commit process completed
[2025-08-27 16:35:00] [INFO] Auto-commit process completed
[0;34mℹ️  Auto-commit process completed[0m
[2025-08-27 16:40:01] [INFO] Starting auto-commit process for bc-express
[2025-08-27 16:40:01] [INFO] Starting auto-commit process for bc-express
[0;34mℹ️  Starting auto-commit process for bc-express[0m
[2025-08-27 16:40:01] [INFO] No changes detected, skipping commit
[2025-08-27 16:40:01] [INFO] No changes detected, skipping commit
[0;34mℹ️  No changes detected, skipping commit[0m
[2025-08-27 16:40:01] [INFO] Auto-commit process completed
[2025-08-27 16:40:01] [INFO] Auto-commit process completed
[0;34mℹ️  Auto-commit process completed[0m
[2025-08-27 16:45:00] [INFO] Starting auto-commit process for bc-express
[2025-08-27 16:45:00] [INFO] Starting auto-commit process for bc-express
[0;34mℹ️  Starting auto-commit process for bc-express[0m
[2025-08-27 16:45:00] [INFO] No changes detected, skipping commit
[2025-08-27 16:45:00] [INFO] No changes detected, skipping commit
[0;34mℹ️  No changes detected, skipping commit[0m
[2025-08-27 16:45:00] [INFO] Auto-commit process completed
[2025-08-27 16:45:00] [INFO] Auto-commit process completed
[0;34mℹ️  Auto-commit process completed[0m
[2025-08-27 16:50:00] [INFO] Starting auto-commit process for bc-express
[2025-08-27 16:50:00] [INFO] Starting auto-commit process for bc-express
[0;34mℹ️  Starting auto-commit process for bc-express[0m
[2025-08-27 16:50:00] [INFO] No changes detected, skipping commit
[2025-08-27 16:50:00] [INFO] No changes detected, skipping commit
[0;34mℹ️  No changes detected, skipping commit[0m
[2025-08-27 16:50:00] [INFO] Auto-commit process completed
[2025-08-27 16:50:00] [INFO] Auto-commit process completed
[0;34mℹ️  Auto-commit process completed[0m
[2025-08-27 16:55:00] [INFO] Starting auto-commit process for bc-express
[2025-08-27 16:55:00] [INFO] Starting auto-commit process for bc-express
[0;34mℹ️  Starting auto-commit process for bc-express[0m
[2025-08-27 16:55:00] [INFO] No changes detected, skipping commit
[2025-08-27 16:55:00] [INFO] No changes detected, skipping commit
[0;34mℹ️  No changes detected, skipping commit[0m
[2025-08-27 16:55:00] [INFO] Auto-commit process completed
[2025-08-27 16:55:00] [INFO] Auto-commit process completed
[0;34mℹ️  Auto-commit process completed[0m
[2025-08-27 17:00:01] [INFO] Starting auto-commit process for bc-express
[2025-08-27 17:00:01] [INFO] Starting auto-commit process for bc-express
[0;34mℹ️  Starting auto-commit process for bc-express[0m
[2025-08-27 17:00:01] [INFO] No changes detected, skipping commit
[2025-08-27 17:00:01] [INFO] No changes detected, skipping commit
[0;34mℹ️  No changes detected, skipping commit[0m
[2025-08-27 17:00:01] [INFO] Auto-commit process completed
[2025-08-27 17:00:01] [INFO] Auto-commit process completed
[0;34mℹ️  Auto-commit process completed[0m
[2025-08-27 17:05:00] [INFO] Starting auto-commit process for bc-express
[2025-08-27 17:05:00] [INFO] Starting auto-commit process for bc-express
[0;34mℹ️  Starting auto-commit process for bc-express[0m
[2025-08-27 17:05:00] [INFO] No changes detected, skipping commit
[2025-08-27 17:05:00] [INFO] No changes detected, skipping commit
[0;34mℹ️  No changes detected, skipping commit[0m
[2025-08-27 17:05:00] [INFO] Auto-commit process completed
[2025-08-27 17:05:00] [INFO] Auto-commit process completed
[0;34mℹ️  Auto-commit process completed[0m
[2025-08-27 17:10:00] [INFO] Starting auto-commit process for bc-express
[2025-08-27 17:10:00] [INFO] Starting auto-commit process for bc-express
[0;34mℹ️  Starting auto-commit process for bc-express[0m
[2025-08-27 17:10:00] [INFO] No changes detected, skipping commit
[2025-08-27 17:10:00] [INFO] No changes detected, skipping commit
[0;34mℹ️  No changes detected, skipping commit[0m
[2025-08-27 17:10:00] [INFO] Auto-commit process completed
[2025-08-27 17:10:00] [INFO] Auto-commit process completed
[0;34mℹ️  Auto-commit process completed[0m
[2025-08-27 17:15:00] [INFO] Starting auto-commit process for bc-express
[2025-08-27 17:15:00] [INFO] Starting auto-commit process for bc-express
[0;34mℹ️  Starting auto-commit process for bc-express[0m
[2025-08-27 17:15:00] [INFO] No changes detected, skipping commit
[2025-08-27 17:15:00] [INFO] No changes detected, skipping commit
[0;34mℹ️  No changes detected, skipping commit[0m
[2025-08-27 17:15:00] [INFO] Auto-commit process completed
[2025-08-27 17:15:00] [INFO] Auto-commit process completed
[0;34mℹ️  Auto-commit process completed[0m
[2025-08-27 17:20:01] [INFO] Starting auto-commit process for bc-express
[2025-08-27 17:20:01] [INFO] Starting auto-commit process for bc-express
[0;34mℹ️  Starting auto-commit process for bc-express[0m
[2025-08-27 17:20:01] [INFO] No changes detected, skipping commit
[2025-08-27 17:20:01] [INFO] No changes detected, skipping commit
[0;34mℹ️  No changes detected, skipping commit[0m
[2025-08-27 17:20:01] [INFO] Auto-commit process completed
[2025-08-27 17:20:01] [INFO] Auto-commit process completed
[0;34mℹ️  Auto-commit process completed[0m
[2025-08-27 17:25:00] [INFO] Starting auto-commit process for bc-express
[2025-08-27 17:25:00] [INFO] Starting auto-commit process for bc-express
[0;34mℹ️  Starting auto-commit process for bc-express[0m
[2025-08-27 17:25:00] [INFO] No changes detected, skipping commit
[2025-08-27 17:25:00] [INFO] No changes detected, skipping commit
[0;34mℹ️  No changes detected, skipping commit[0m
[2025-08-27 17:25:00] [INFO] Auto-commit process completed
[2025-08-27 17:25:00] [INFO] Auto-commit process completed
[0;34mℹ️  Auto-commit process completed[0m
[2025-08-27 17:30:00] [INFO] Starting auto-commit process for bc-express
[2025-08-27 17:30:00] [INFO] Starting auto-commit process for bc-express
[0;34mℹ️  Starting auto-commit process for bc-express[0m
[2025-08-27 17:30:00] [INFO] No changes detected, skipping commit
[2025-08-27 17:30:00] [INFO] No changes detected, skipping commit
[0;34mℹ️  No changes detected, skipping commit[0m
[2025-08-27 17:30:00] [INFO] Auto-commit process completed
[2025-08-27 17:30:00] [INFO] Auto-commit process completed
[0;34mℹ️  Auto-commit process completed[0m
[2025-08-27 17:35:00] [INFO] Starting auto-commit process for bc-express
[2025-08-27 17:35:00] [INFO] Starting auto-commit process for bc-express
[0;34mℹ️  Starting auto-commit process for bc-express[0m
[2025-08-27 17:35:00] [INFO] No changes detected, skipping commit
[2025-08-27 17:35:00] [INFO] No changes detected, skipping commit
[0;34mℹ️  No changes detected, skipping commit[0m
[2025-08-27 17:35:00] [INFO] Auto-commit process completed
[2025-08-27 17:35:00] [INFO] Auto-commit process completed
[0;34mℹ️  Auto-commit process completed[0m
[2025-08-27 18:25:00] [INFO] Starting auto-commit process for bc-express
[2025-08-27 18:25:00] [INFO] Starting auto-commit process for bc-express
[0;34mℹ️  Starting auto-commit process for bc-express[0m
[2025-08-27 18:25:00] [INFO] No changes detected, skipping commit
[2025-08-27 18:25:00] [INFO] No changes detected, skipping commit
[0;34mℹ️  No changes detected, skipping commit[0m
[2025-08-27 18:25:00] [INFO] Auto-commit process completed
[2025-08-27 18:25:00] [INFO] Auto-commit process completed
[0;34mℹ️  Auto-commit process completed[0m
[2025-08-27 18:30:00] [INFO] Starting auto-commit process for bc-express
[2025-08-27 18:30:00] [INFO] Starting auto-commit process for bc-express
[0;34mℹ️  Starting auto-commit process for bc-express[0m
[2025-08-27 18:30:00] [INFO] No changes detected, skipping commit
[2025-08-27 18:30:00] [INFO] No changes detected, skipping commit
[0;34mℹ️  No changes detected, skipping commit[0m
[2025-08-27 18:30:00] [INFO] Auto-commit process completed
[2025-08-27 18:30:00] [INFO] Auto-commit process completed
[0;34mℹ️  Auto-commit process completed[0m
[2025-08-27 18:35:00] [INFO] Starting auto-commit process for bc-express
[2025-08-27 18:35:00] [INFO] Starting auto-commit process for bc-express
[0;34mℹ️  Starting auto-commit process for bc-express[0m
[2025-08-27 18:35:00] [INFO] No changes detected, skipping commit
[2025-08-27 18:35:00] [INFO] No changes detected, skipping commit
[0;34mℹ️  No changes detected, skipping commit[0m
[2025-08-27 18:35:00] [INFO] Auto-commit process completed
[2025-08-27 18:35:00] [INFO] Auto-commit process completed
[0;34mℹ️  Auto-commit process completed[0m
[2025-08-27 18:40:01] [INFO] Starting auto-commit process for bc-express
[2025-08-27 18:40:01] [INFO] Starting auto-commit process for bc-express
[0;34mℹ️  Starting auto-commit process for bc-express[0m
[2025-08-27 18:40:01] [INFO] No changes detected, skipping commit
[2025-08-27 18:40:01] [INFO] No changes detected, skipping commit
[0;34mℹ️  No changes detected, skipping commit[0m
[2025-08-27 18:40:01] [INFO] Auto-commit process completed
[2025-08-27 18:40:01] [INFO] Auto-commit process completed
[0;34mℹ️  Auto-commit process completed[0m
[2025-08-27 18:45:00] [INFO] Starting auto-commit process for bc-express
[2025-08-27 18:45:00] [INFO] Starting auto-commit process for bc-express
[0;34mℹ️  Starting auto-commit process for bc-express[0m
[2025-08-27 18:45:00] [INFO] No changes detected, skipping commit
[2025-08-27 18:45:00] [INFO] No changes detected, skipping commit
[0;34mℹ️  No changes detected, skipping commit[0m
[2025-08-27 18:45:00] [INFO] Auto-commit process completed
[2025-08-27 18:45:00] [INFO] Auto-commit process completed
[0;34mℹ️  Auto-commit process completed[0m
[2025-08-27 18:50:00] [INFO] Starting auto-commit process for bc-express
[2025-08-27 18:50:00] [INFO] Starting auto-commit process for bc-express
[0;34mℹ️  Starting auto-commit process for bc-express[0m
[2025-08-27 18:50:00] [INFO] No changes detected, skipping commit
[2025-08-27 18:50:00] [INFO] No changes detected, skipping commit
[0;34mℹ️  No changes detected, skipping commit[0m
[2025-08-27 18:50:00] [INFO] Auto-commit process completed
[2025-08-27 18:50:00] [INFO] Auto-commit process completed
[0;34mℹ️  Auto-commit process completed[0m
[2025-08-27 18:55:00] [INFO] Starting auto-commit process for bc-express
[2025-08-27 18:55:00] [INFO] Starting auto-commit process for bc-express
[0;34mℹ️  Starting auto-commit process for bc-express[0m
[2025-08-27 18:55:00] [INFO] No changes detected, skipping commit
[2025-08-27 18:55:00] [INFO] No changes detected, skipping commit
[0;34mℹ️  No changes detected, skipping commit[0m
[2025-08-27 18:55:00] [INFO] Auto-commit process completed
[2025-08-27 18:55:00] [INFO] Auto-commit process completed
[0;34mℹ️  Auto-commit process completed[0m
[2025-08-27 19:00:00] [INFO] Starting auto-commit process for bc-express
[2025-08-27 19:00:00] [INFO] Starting auto-commit process for bc-express
[0;34mℹ️  Starting auto-commit process for bc-express[0m
[2025-08-27 19:00:00] [INFO] No changes detected, skipping commit
[2025-08-27 19:00:00] [INFO] No changes detected, skipping commit
[0;34mℹ️  No changes detected, skipping commit[0m
[2025-08-27 19:00:00] [INFO] Auto-commit process completed
[2025-08-27 19:00:00] [INFO] Auto-commit process completed
[0;34mℹ️  Auto-commit process completed[0m
[2025-08-27 19:05:00] [INFO] Starting auto-commit process for bc-express
[2025-08-27 19:05:00] [INFO] Starting auto-commit process for bc-express
[0;34mℹ️  Starting auto-commit process for bc-express[0m
[2025-08-27 19:05:00] [INFO] No changes detected, skipping commit
[2025-08-27 19:05:00] [INFO] No changes detected, skipping commit
[0;34mℹ️  No changes detected, skipping commit[0m
[2025-08-27 19:05:00] [INFO] Auto-commit process completed
[2025-08-27 19:05:00] [INFO] Auto-commit process completed
[0;34mℹ️  Auto-commit process completed[0m
[2025-08-27 19:10:00] [INFO] Starting auto-commit process for bc-express
[2025-08-27 19:10:00] [INFO] Starting auto-commit process for bc-express
[0;34mℹ️  Starting auto-commit process for bc-express[0m
[2025-08-27 19:10:00] [INFO] Changes detected, proceeding with auto-commit
[2025-08-27 19:10:00] [INFO] Changes detected, proceeding with auto-commit
[0;34mℹ️  Changes detected, proceeding with auto-commit[0m
[main 5642f7f] fix(week04): resolve multiple issues and bugs
 18 files changed, 1416 insertions(+), 1997 deletions(-)
 create mode 100644 semana-04/4-proyecto/.vscode/launch.json
 create mode 100644 semana-04/4-proyecto/.vscode/tasks.json
[2025-08-27 19:10:00] [SUCCESS] Auto-commit successful: fix(week04): resolve multiple issues and bugs

- Modified files: 16
- Added files: 2

Auto-committed by bc-express automation
[2025-08-27 19:10:00] [SUCCESS] Auto-commit successful: fix(week04): resolve multiple issues and bugs

- Modified files: 16
- Added files: 2

Auto-committed by bc-express automation
[0;32m✅ Auto-commit successful: fix(week04): resolve multiple issues and bugs

- Modified files: 16
- Added files: 2

Auto-committed by bc-express automation[0m
[2025-08-27 19:10:00] [INFO] Auto-commit process completed
[2025-08-27 19:10:00] [INFO] Auto-commit process completed
[0;34mℹ️  Auto-commit process completed[0m
[2025-08-27 19:15:00] [INFO] Starting auto-commit process for bc-express
[2025-08-27 19:15:00] [INFO] Starting auto-commit process for bc-express
[0;34mℹ️  Starting auto-commit process for bc-express[0m
[2025-08-27 19:15:00] [INFO] Changes detected, proceeding with auto-commit
[2025-08-27 19:15:00] [INFO] Changes detected, proceeding with auto-commit
[0;34mℹ️  Changes detected, proceeding with auto-commit[0m
[main 71e7aa9] feat(week05): add new features and components
 14 files changed, 1846 insertions(+), 38 deletions(-)
 create mode 100644 semana-05/4-proyecto/README.md
 create mode 100644 semana-05/4-proyecto/especificacion-proyecto.md
 create mode 100644 semana-05/4-proyecto/package.json
 create mode 100644 semana-05/4-proyecto/prisma/schema.prisma
 create mode 100644 semana-05/4-proyecto/src/app.js
 create mode 100644 semana-05/4-proyecto/src/controllers/postController.js
 create mode 100644 semana-05/4-proyecto/src/controllers/userController.js
 create mode 100644 semana-05/4-proyecto/src/middleware/errorHandler.js
 create mode 100644 semana-05/4-proyecto/src/middleware/logger.js
 create mode 100644 semana-05/4-proyecto/src/routes/posts.js
 create mode 100644 semana-05/4-proyecto/src/routes/users.js
[2025-08-27 19:15:00] [SUCCESS] Auto-commit successful: feat(week05): add new features and components

- Modified files: 3
- Added files: 11

Auto-committed by bc-express automation
[2025-08-27 19:15:00] [SUCCESS] Auto-commit successful: feat(week05): add new features and components

- Modified files: 3
- Added files: 11

Auto-committed by bc-express automation
[0;32m✅ Auto-commit successful: feat(week05): add new features and components

- Modified files: 3
- Added files: 11

Auto-committed by bc-express automation[0m
[2025-08-27 19:15:00] [INFO] Auto-commit process completed
[2025-08-27 19:15:00] [INFO] Auto-commit process completed
[0;34mℹ️  Auto-commit process completed[0m
[2025-08-27 19:20:01] [INFO] Starting auto-commit process for bc-express
[2025-08-27 19:20:01] [INFO] Starting auto-commit process for bc-express
[0;34mℹ️  Starting auto-commit process for bc-express[0m
[2025-08-27 19:20:01] [INFO] Changes detected, proceeding with auto-commit
[2025-08-27 19:20:01] [INFO] Changes detected, proceeding with auto-commit
[0;34mℹ️  Changes detected, proceeding with auto-commit[0m
[main 744b12c] feat(week05): add new features and components
 10 files changed, 1627 insertions(+), 18 deletions(-)
 create mode 100644 semana-05/1-teoria/README.md
 create mode 100644 semana-05/2-practica/README.md
 create mode 100644 semana-05/3-ejercicios/README.md
 create mode 100644 semana-05/4-proyecto/.env.example
 create mode 100644 semana-05/4-proyecto/.gitignore
 create mode 100644 semana-05/4-proyecto/QUICK_START.md
 create mode 100644 semana-05/4-proyecto/prisma/seed.js
[2025-08-27 19:20:01] [SUCCESS] Auto-commit successful: feat(week05): add new features and components

- Modified files: 3
- Added files: 7

Auto-committed by bc-express automation
[2025-08-27 19:20:01] [SUCCESS] Auto-commit successful: feat(week05): add new features and components

- Modified files: 3
- Added files: 7

Auto-committed by bc-express automation
[0;32m✅ Auto-commit successful: feat(week05): add new features and components

- Modified files: 3
- Added files: 7

Auto-committed by bc-express automation[0m
[2025-08-27 19:20:01] [INFO] Auto-commit process completed
[2025-08-27 19:20:01] [INFO] Auto-commit process completed
[0;34mℹ️  Auto-commit process completed[0m
[2025-08-27 19:25:00] [INFO] Starting auto-commit process for bc-express
[2025-08-27 19:25:00] [INFO] Starting auto-commit process for bc-express
[0;34mℹ️  Starting auto-commit process for bc-express[0m
[2025-08-27 19:25:00] [INFO] Changes detected, proceeding with auto-commit
[2025-08-27 19:25:00] [INFO] Changes detected, proceeding with auto-commit
[0;34mℹ️  Changes detected, proceeding with auto-commit[0m
[main e9e4363] fix(week05): resolve multiple issues and bugs
 10 files changed, 375 insertions(+), 95 deletions(-)
 create mode 100644 _docs/REVISION_SEMANA_5_COMPLETA.md
[2025-08-27 19:25:00] [SUCCESS] Auto-commit successful: fix(week05): resolve multiple issues and bugs

- Modified files: 9
- Added files: 1

Auto-committed by bc-express automation
[2025-08-27 19:25:00] [SUCCESS] Auto-commit successful: fix(week05): resolve multiple issues and bugs

- Modified files: 9
- Added files: 1

Auto-committed by bc-express automation
[0;32m✅ Auto-commit successful: fix(week05): resolve multiple issues and bugs

- Modified files: 9
- Added files: 1

Auto-committed by bc-express automation[0m
[2025-08-27 19:25:00] [INFO] Auto-commit process completed
[2025-08-27 19:25:00] [INFO] Auto-commit process completed
[0;34mℹ️  Auto-commit process completed[0m
[2025-08-27 19:30:00] [INFO] Starting auto-commit process for bc-express
[2025-08-27 19:30:00] [INFO] Starting auto-commit process for bc-express
[0;34mℹ️  Starting auto-commit process for bc-express[0m
[2025-08-27 19:30:00] [INFO] Changes detected, proceeding with auto-commit
[2025-08-27 19:30:00] [INFO] Changes detected, proceeding with auto-commit
[0;34mℹ️  Changes detected, proceeding with auto-commit[0m
[main 91bf91d] docs(week06): update and add documentation
 4 files changed, 848 insertions(+), 55 deletions(-)
 create mode 100644 semana-06/1-teoria/README.md
[2025-08-27 19:30:00] [SUCCESS] Auto-commit successful: docs(week06): update and add documentation

Auto-committed by bc-express automation
[2025-08-27 19:30:00] [SUCCESS] Auto-commit successful: docs(week06): update and add documentation

Auto-committed by bc-express automation
[0;32m✅ Auto-commit successful: docs(week06): update and add documentation

Auto-committed by bc-express automation[0m
[2025-08-27 19:30:00] [INFO] Auto-commit process completed
[2025-08-27 19:30:00] [INFO] Auto-commit process completed
[0;34mℹ️  Auto-commit process completed[0m
[2025-08-27 19:35:01] [INFO] Starting auto-commit process for bc-express
[2025-08-27 19:35:01] [INFO] Starting auto-commit process for bc-express
[0;34mℹ️  Starting auto-commit process for bc-express[0m
[2025-08-27 19:35:01] [INFO] No changes detected, skipping commit
[2025-08-27 19:35:01] [INFO] No changes detected, skipping commit
[0;34mℹ️  No changes detected, skipping commit[0m
[2025-08-27 19:35:01] [INFO] Auto-commit process completed
[2025-08-27 19:35:01] [INFO] Auto-commit process completed
[0;34mℹ️  Auto-commit process completed[0m
[2025-08-27 19:40:00] [INFO] Starting auto-commit process for bc-express
[2025-08-27 19:40:00] [INFO] Starting auto-commit process for bc-express
[0;34mℹ️  Starting auto-commit process for bc-express[0m
[2025-08-27 19:40:00] [INFO] Changes detected, proceeding with auto-commit
[2025-08-27 19:40:00] [INFO] Changes detected, proceeding with auto-commit
[0;34mℹ️  Changes detected, proceeding with auto-commit[0m
[main 4e8afe7] docs(week06): update and add documentation
 5 files changed, 1086 insertions(+), 114 deletions(-)
 create mode 100644 semana-06/2-practica/README.md
[2025-08-27 19:40:00] [SUCCESS] Auto-commit successful: docs(week06): update and add documentation

Auto-committed by bc-express automation
[2025-08-27 19:40:00] [SUCCESS] Auto-commit successful: docs(week06): update and add documentation

Auto-committed by bc-express automation
[0;32m✅ Auto-commit successful: docs(week06): update and add documentation

Auto-committed by bc-express automation[0m
[2025-08-27 19:40:00] [INFO] Auto-commit process completed
[2025-08-27 19:40:00] [INFO] Auto-commit process completed
[0;34mℹ️  Auto-commit process completed[0m
[2025-08-27 19:45:00] [INFO] Starting auto-commit process for bc-express
[2025-08-27 19:45:00] [INFO] Starting auto-commit process for bc-express
[0;34mℹ️  Starting auto-commit process for bc-express[0m
[2025-08-27 19:45:00] [INFO] No changes detected, skipping commit
[2025-08-27 19:45:00] [INFO] No changes detected, skipping commit
[0;34mℹ️  No changes detected, skipping commit[0m
[2025-08-27 19:45:00] [INFO] Auto-commit process completed
[2025-08-27 19:45:00] [INFO] Auto-commit process completed
[0;34mℹ️  Auto-commit process completed[0m
[2025-08-27 19:50:00] [INFO] Starting auto-commit process for bc-express
[2025-08-27 19:50:00] [INFO] Starting auto-commit process for bc-express
[0;34mℹ️  Starting auto-commit process for bc-express[0m
[2025-08-27 19:50:00] [INFO] No changes detected, skipping commit
[2025-08-27 19:50:00] [INFO] No changes detected, skipping commit
[0;34mℹ️  No changes detected, skipping commit[0m
[2025-08-27 19:50:00] [INFO] Auto-commit process completed
[2025-08-27 19:50:00] [INFO] Auto-commit process completed
[0;34mℹ️  Auto-commit process completed[0m
[2025-08-27 19:55:00] [INFO] Starting auto-commit process for bc-express
[2025-08-27 19:55:00] [INFO] Starting auto-commit process for bc-express
[0;34mℹ️  Starting auto-commit process for bc-express[0m
[2025-08-27 19:55:00] [INFO] No changes detected, skipping commit
[2025-08-27 19:55:00] [INFO] No changes detected, skipping commit
[0;34mℹ️  No changes detected, skipping commit[0m
[2025-08-27 19:55:00] [INFO] Auto-commit process completed
[2025-08-27 19:55:00] [INFO] Auto-commit process completed
[0;34mℹ️  Auto-commit process completed[0m
[2025-08-27 20:00:01] [INFO] Starting auto-commit process for bc-express
[2025-08-27 20:00:01] [INFO] Starting auto-commit process for bc-express
[0;34mℹ️  Starting auto-commit process for bc-express[0m
[2025-08-27 20:00:01] [INFO] No changes detected, skipping commit
[2025-08-27 20:00:01] [INFO] No changes detected, skipping commit
[0;34mℹ️  No changes detected, skipping commit[0m
[2025-08-27 20:00:01] [INFO] Auto-commit process completed
[2025-08-27 20:00:01] [INFO] Auto-commit process completed
[0;34mℹ️  Auto-commit process completed[0m
[2025-08-27 20:05:00] [INFO] Starting auto-commit process for bc-express
[2025-08-27 20:05:00] [INFO] Starting auto-commit process for bc-express
[0;34mℹ️  Starting auto-commit process for bc-express[0m
[2025-08-27 20:05:00] [INFO] No changes detected, skipping commit
[2025-08-27 20:05:00] [INFO] No changes detected, skipping commit
[0;34mℹ️  No changes detected, skipping commit[0m
[2025-08-27 20:05:00] [INFO] Auto-commit process completed
[2025-08-27 20:05:00] [INFO] Auto-commit process completed
[0;34mℹ️  Auto-commit process completed[0m
[2025-08-27 20:10:00] [INFO] Starting auto-commit process for bc-express
[2025-08-27 20:10:00] [INFO] Starting auto-commit process for bc-express
[0;34mℹ️  Starting auto-commit process for bc-express[0m
[2025-08-27 20:10:00] [INFO] No changes detected, skipping commit
[2025-08-27 20:10:00] [INFO] No changes detected, skipping commit
[0;34mℹ️  No changes detected, skipping commit[0m
[2025-08-27 20:10:00] [INFO] Auto-commit process completed
[2025-08-27 20:10:00] [INFO] Auto-commit process completed
[0;34mℹ️  Auto-commit process completed[0m
[2025-08-27 20:15:00] [INFO] Starting auto-commit process for bc-express
[2025-08-27 20:15:00] [INFO] Starting auto-commit process for bc-express
[0;34mℹ️  Starting auto-commit process for bc-express[0m
[2025-08-27 20:15:00] [INFO] No changes detected, skipping commit
[2025-08-27 20:15:00] [INFO] No changes detected, skipping commit
[0;34mℹ️  No changes detected, skipping commit[0m
[2025-08-27 20:15:00] [INFO] Auto-commit process completed
[2025-08-27 20:15:00] [INFO] Auto-commit process completed
[0;34mℹ️  Auto-commit process completed[0m
[2025-08-27 20:20:01] [INFO] Starting auto-commit process for bc-express
[2025-08-27 20:20:01] [INFO] Starting auto-commit process for bc-express
[0;34mℹ️  Starting auto-commit process for bc-express[0m
[2025-08-27 20:20:01] [INFO] No changes detected, skipping commit
[2025-08-27 20:20:01] [INFO] No changes detected, skipping commit
[0;34mℹ️  No changes detected, skipping commit[0m
[2025-08-27 20:20:01] [INFO] Auto-commit process completed
[2025-08-27 20:20:01] [INFO] Auto-commit process completed
[0;34mℹ️  Auto-commit process completed[0m
[2025-08-27 20:25:00] [INFO] Starting auto-commit process for bc-express
[2025-08-27 20:25:00] [INFO] Starting auto-commit process for bc-express
[0;34mℹ️  Starting auto-commit process for bc-express[0m
[2025-08-27 20:25:00] [INFO] No changes detected, skipping commit
[2025-08-27 20:25:00] [INFO] No changes detected, skipping commit
[0;34mℹ️  No changes detected, skipping commit[0m
[2025-08-27 20:25:00] [INFO] Auto-commit process completed
[2025-08-27 20:25:00] [INFO] Auto-commit process completed
[0;34mℹ️  Auto-commit process completed[0m
[2025-08-27 20:30:00] [INFO] Starting auto-commit process for bc-express
[2025-08-27 20:30:00] [INFO] Starting auto-commit process for bc-express
[0;34mℹ️  Starting auto-commit process for bc-express[0m
[2025-08-27 20:30:00] [INFO] No changes detected, skipping commit
[2025-08-27 20:30:00] [INFO] No changes detected, skipping commit
[0;34mℹ️  No changes detected, skipping commit[0m
[2025-08-27 20:30:00] [INFO] Auto-commit process completed
[2025-08-27 20:30:00] [INFO] Auto-commit process completed
[0;34mℹ️  Auto-commit process completed[0m
[2025-08-27 20:35:00] [INFO] Starting auto-commit process for bc-express
[2025-08-27 20:35:00] [INFO] Starting auto-commit process for bc-express
[0;34mℹ️  Starting auto-commit process for bc-express[0m
[2025-08-27 20:35:00] [INFO] No changes detected, skipping commit
[2025-08-27 20:35:00] [INFO] No changes detected, skipping commit
[0;34mℹ️  No changes detected, skipping commit[0m
[2025-08-27 20:35:00] [INFO] Auto-commit process completed
[2025-08-27 20:35:00] [INFO] Auto-commit process completed
[0;34mℹ️  Auto-commit process completed[0m
[2025-08-27 20:40:01] [INFO] Starting auto-commit process for bc-express
[2025-08-27 20:40:01] [INFO] Starting auto-commit process for bc-express
[0;34mℹ️  Starting auto-commit process for bc-express[0m
[2025-08-27 20:40:01] [INFO] No changes detected, skipping commit
[2025-08-27 20:40:01] [INFO] No changes detected, skipping commit
[0;34mℹ️  No changes detected, skipping commit[0m
[2025-08-27 20:40:01] [INFO] Auto-commit process completed
[2025-08-27 20:40:01] [INFO] Auto-commit process completed
[0;34mℹ️  Auto-commit process completed[0m
[2025-08-27 20:45:00] [INFO] Starting auto-commit process for bc-express
[2025-08-27 20:45:00] [INFO] Starting auto-commit process for bc-express
[0;34mℹ️  Starting auto-commit process for bc-express[0m
[2025-08-27 20:45:00] [INFO] No changes detected, skipping commit
[2025-08-27 20:45:00] [INFO] No changes detected, skipping commit
[0;34mℹ️  No changes detected, skipping commit[0m
[2025-08-27 20:45:00] [INFO] Auto-commit process completed
[2025-08-27 20:45:00] [INFO] Auto-commit process completed
[0;34mℹ️  Auto-commit process completed[0m
[2025-08-27 20:50:00] [INFO] Starting auto-commit process for bc-express
[2025-08-27 20:50:00] [INFO] Starting auto-commit process for bc-express
[0;34mℹ️  Starting auto-commit process for bc-express[0m
[2025-08-27 20:50:00] [INFO] No changes detected, skipping commit
[2025-08-27 20:50:00] [INFO] No changes detected, skipping commit
[0;34mℹ️  No changes detected, skipping commit[0m
[2025-08-27 20:50:00] [INFO] Auto-commit process completed
[2025-08-27 20:50:00] [INFO] Auto-commit process completed
[0;34mℹ️  Auto-commit process completed[0m
[2025-08-27 20:55:00] [INFO] Starting auto-commit process for bc-express
[2025-08-27 20:55:00] [INFO] Starting auto-commit process for bc-express
[0;34mℹ️  Starting auto-commit process for bc-express[0m
[2025-08-27 20:55:00] [INFO] No changes detected, skipping commit
[2025-08-27 20:55:00] [INFO] No changes detected, skipping commit
[0;34mℹ️  No changes detected, skipping commit[0m
[2025-08-27 20:55:00] [INFO] Auto-commit process completed
[2025-08-27 20:55:00] [INFO] Auto-commit process completed
[0;34mℹ️  Auto-commit process completed[0m
[2025-08-27 21:00:01] [INFO] Starting auto-commit process for bc-express
[2025-08-27 21:00:01] [INFO] Starting auto-commit process for bc-express
[0;34mℹ️  Starting auto-commit process for bc-express[0m
[2025-08-27 21:00:01] [INFO] No changes detected, skipping commit
[2025-08-27 21:00:01] [INFO] No changes detected, skipping commit
[0;34mℹ️  No changes detected, skipping commit[0m
[2025-08-27 21:00:01] [INFO] Auto-commit process completed
[2025-08-27 21:00:01] [INFO] Auto-commit process completed
[0;34mℹ️  Auto-commit process completed[0m
[2025-08-27 21:05:00] [INFO] Starting auto-commit process for bc-express
[2025-08-27 21:05:00] [INFO] Starting auto-commit process for bc-express
[0;34mℹ️  Starting auto-commit process for bc-express[0m
[2025-08-27 21:05:00] [INFO] No changes detected, skipping commit
[2025-08-27 21:05:00] [INFO] No changes detected, skipping commit
[0;34mℹ️  No changes detected, skipping commit[0m
[2025-08-27 21:05:00] [INFO] Auto-commit process completed
[2025-08-27 21:05:00] [INFO] Auto-commit process completed
[0;34mℹ️  Auto-commit process completed[0m
[2025-08-27 21:10:00] [INFO] Starting auto-commit process for bc-express
[2025-08-27 21:10:00] [INFO] Starting auto-commit process for bc-express
[0;34mℹ️  Starting auto-commit process for bc-express[0m
[2025-08-27 21:10:00] [INFO] No changes detected, skipping commit
[2025-08-27 21:10:00] [INFO] No changes detected, skipping commit
[0;34mℹ️  No changes detected, skipping commit[0m
[2025-08-27 21:10:00] [INFO] Auto-commit process completed
[2025-08-27 21:10:00] [INFO] Auto-commit process completed
[0;34mℹ️  Auto-commit process completed[0m
[2025-08-27 21:15:01] [INFO] Starting auto-commit process for bc-express
[2025-08-27 21:15:01] [INFO] Starting auto-commit process for bc-express
[0;34mℹ️  Starting auto-commit process for bc-express[0m
[2025-08-27 21:15:01] [INFO] No changes detected, skipping commit
[2025-08-27 21:15:01] [INFO] No changes detected, skipping commit
[0;34mℹ️  No changes detected, skipping commit[0m
[2025-08-27 21:15:01] [INFO] Auto-commit process completed
[2025-08-27 21:15:01] [INFO] Auto-commit process completed
[0;34mℹ️  Auto-commit process completed[0m
[2025-08-27 21:20:00] [INFO] Starting auto-commit process for bc-express
[2025-08-27 21:20:00] [INFO] Starting auto-commit process for bc-express
[0;34mℹ️  Starting auto-commit process for bc-express[0m
[2025-08-27 21:20:00] [INFO] No changes detected, skipping commit
[2025-08-27 21:20:00] [INFO] No changes detected, skipping commit
[0;34mℹ️  No changes detected, skipping commit[0m
[2025-08-27 21:20:00] [INFO] Auto-commit process completed
[2025-08-27 21:20:00] [INFO] Auto-commit process completed
[0;34mℹ️  Auto-commit process completed[0m
[2025-08-27 21:25:00] [INFO] Starting auto-commit process for bc-express
[2025-08-27 21:25:00] [INFO] Starting auto-commit process for bc-express
[0;34mℹ️  Starting auto-commit process for bc-express[0m
[2025-08-27 21:25:00] [INFO] No changes detected, skipping commit
[2025-08-27 21:25:00] [INFO] No changes detected, skipping commit
[0;34mℹ️  No changes detected, skipping commit[0m
[2025-08-27 21:25:00] [INFO] Auto-commit process completed
[2025-08-27 21:25:00] [INFO] Auto-commit process completed
[0;34mℹ️  Auto-commit process completed[0m
[2025-08-27 21:30:00] [INFO] Starting auto-commit process for bc-express
[2025-08-27 21:30:00] [INFO] Starting auto-commit process for bc-express
[0;34mℹ️  Starting auto-commit process for bc-express[0m
[2025-08-27 21:30:00] [INFO] No changes detected, skipping commit
[2025-08-27 21:30:00] [INFO] No changes detected, skipping commit
[0;34mℹ️  No changes detected, skipping commit[0m
[2025-08-27 21:30:00] [INFO] Auto-commit process completed
[2025-08-27 21:30:00] [INFO] Auto-commit process completed
[0;34mℹ️  Auto-commit process completed[0m
[2025-08-27 21:35:01] [INFO] Starting auto-commit process for bc-express
[2025-08-27 21:35:01] [INFO] Starting auto-commit process for bc-express
[0;34mℹ️  Starting auto-commit process for bc-express[0m
[2025-08-27 21:35:01] [INFO] No changes detected, skipping commit
[2025-08-27 21:35:01] [INFO] No changes detected, skipping commit
[0;34mℹ️  No changes detected, skipping commit[0m
[2025-08-27 21:35:01] [INFO] Auto-commit process completed
[2025-08-27 21:35:01] [INFO] Auto-commit process completed
[0;34mℹ️  Auto-commit process completed[0m
[2025-08-28 12:20:00] [INFO] Starting auto-commit process for bc-express
[2025-08-28 12:20:00] [INFO] Starting auto-commit process for bc-express
[0;34mℹ️  Starting auto-commit process for bc-express[0m
[2025-08-28 12:20:00] [INFO] No changes detected, skipping commit
[2025-08-28 12:20:00] [INFO] No changes detected, skipping commit
[0;34mℹ️  No changes detected, skipping commit[0m
[2025-08-28 12:20:00] [INFO] Auto-commit process completed
[2025-08-28 12:20:00] [INFO] Auto-commit process completed
[0;34mℹ️  Auto-commit process completed[0m
[2025-08-28 12:25:00] [INFO] Starting auto-commit process for bc-express
[2025-08-28 12:25:00] [INFO] Starting auto-commit process for bc-express
[0;34mℹ️  Starting auto-commit process for bc-express[0m
[2025-08-28 12:25:00] [INFO] No changes detected, skipping commit
[2025-08-28 12:25:00] [INFO] No changes detected, skipping commit
[0;34mℹ️  No changes detected, skipping commit[0m
[2025-08-28 12:25:00] [INFO] Auto-commit process completed
[2025-08-28 12:25:00] [INFO] Auto-commit process completed
[0;34mℹ️  Auto-commit process completed[0m
[2025-08-28 12:30:00] [INFO] Starting auto-commit process for bc-express
[2025-08-28 12:30:00] [INFO] Starting auto-commit process for bc-express
[0;34mℹ️  Starting auto-commit process for bc-express[0m
[2025-08-28 12:30:00] [INFO] No changes detected, skipping commit
[2025-08-28 12:30:00] [INFO] No changes detected, skipping commit
[0;34mℹ️  No changes detected, skipping commit[0m
[2025-08-28 12:30:00] [INFO] Auto-commit process completed
[2025-08-28 12:30:00] [INFO] Auto-commit process completed
[0;34mℹ️  Auto-commit process completed[0m
[2025-08-28 12:35:01] [INFO] Starting auto-commit process for bc-express
[2025-08-28 12:35:01] [INFO] Starting auto-commit process for bc-express
[0;34mℹ️  Starting auto-commit process for bc-express[0m
[2025-08-28 12:35:01] [INFO] No changes detected, skipping commit
[2025-08-28 12:35:01] [INFO] No changes detected, skipping commit
[0;34mℹ️  No changes detected, skipping commit[0m
[2025-08-28 12:35:01] [INFO] Auto-commit process completed
[2025-08-28 12:35:01] [INFO] Auto-commit process completed
[0;34mℹ️  Auto-commit process completed[0m
[2025-08-28 12:40:00] [INFO] Starting auto-commit process for bc-express
[2025-08-28 12:40:00] [INFO] Starting auto-commit process for bc-express
[0;34mℹ️  Starting auto-commit process for bc-express[0m
[2025-08-28 12:40:00] [INFO] No changes detected, skipping commit
[2025-08-28 12:40:00] [INFO] No changes detected, skipping commit
[0;34mℹ️  No changes detected, skipping commit[0m
[2025-08-28 12:40:00] [INFO] Auto-commit process completed
[2025-08-28 12:40:00] [INFO] Auto-commit process completed
[0;34mℹ️  Auto-commit process completed[0m
[2025-08-28 12:45:00] [INFO] Starting auto-commit process for bc-express
[2025-08-28 12:45:00] [INFO] Starting auto-commit process for bc-express
[0;34mℹ️  Starting auto-commit process for bc-express[0m
[2025-08-28 12:45:00] [INFO] No changes detected, skipping commit
[2025-08-28 12:45:00] [INFO] No changes detected, skipping commit
[0;34mℹ️  No changes detected, skipping commit[0m
[2025-08-28 12:45:00] [INFO] Auto-commit process completed
[2025-08-28 12:45:00] [INFO] Auto-commit process completed
[0;34mℹ️  Auto-commit process completed[0m
[2025-08-28 12:50:01] [INFO] Starting auto-commit process for bc-express
[2025-08-28 12:50:01] [INFO] Starting auto-commit process for bc-express
[0;34mℹ️  Starting auto-commit process for bc-express[0m
[2025-08-28 12:50:01] [INFO] No changes detected, skipping commit
[2025-08-28 12:50:01] [INFO] No changes detected, skipping commit
[0;34mℹ️  No changes detected, skipping commit[0m
[2025-08-28 12:50:01] [INFO] Auto-commit process completed
[2025-08-28 12:50:01] [INFO] Auto-commit process completed
[0;34mℹ️  Auto-commit process completed[0m
[2025-08-28 12:55:00] [INFO] Starting auto-commit process for bc-express
[2025-08-28 12:55:00] [INFO] Starting auto-commit process for bc-express
[0;34mℹ️  Starting auto-commit process for bc-express[0m
[2025-08-28 12:55:00] [INFO] No changes detected, skipping commit
[2025-08-28 12:55:00] [INFO] No changes detected, skipping commit
[0;34mℹ️  No changes detected, skipping commit[0m
[2025-08-28 12:55:00] [INFO] Auto-commit process completed
[2025-08-28 12:55:00] [INFO] Auto-commit process completed
[0;34mℹ️  Auto-commit process completed[0m
[2025-08-28 15:15:00] [INFO] Starting auto-commit process for bc-express
[2025-08-28 15:15:00] [INFO] Starting auto-commit process for bc-express
[0;34mℹ️  Starting auto-commit process for bc-express[0m
[2025-08-28 15:15:00] [INFO] No changes detected, skipping commit
[2025-08-28 15:15:00] [INFO] No changes detected, skipping commit
[0;34mℹ️  No changes detected, skipping commit[0m
[2025-08-28 15:15:00] [INFO] Auto-commit process completed
[2025-08-28 15:15:00] [INFO] Auto-commit process completed
[0;34mℹ️  Auto-commit process completed[0m
[2025-08-28 15:20:00] [INFO] Starting auto-commit process for bc-express
[2025-08-28 15:20:00] [INFO] Starting auto-commit process for bc-express
[0;34mℹ️  Starting auto-commit process for bc-express[0m
[2025-08-28 15:20:01] [INFO] No changes detected, skipping commit
[2025-08-28 15:20:01] [INFO] No changes detected, skipping commit
[0;34mℹ️  No changes detected, skipping commit[0m
[2025-08-28 15:20:01] [INFO] Auto-commit process completed
[2025-08-28 15:20:01] [INFO] Auto-commit process completed
[0;34mℹ️  Auto-commit process completed[0m
[2025-08-28 15:25:00] [INFO] Starting auto-commit process for bc-express
[2025-08-28 15:25:00] [INFO] Starting auto-commit process for bc-express
[0;34mℹ️  Starting auto-commit process for bc-express[0m
[2025-08-28 15:25:00] [INFO] No changes detected, skipping commit
[2025-08-28 15:25:00] [INFO] No changes detected, skipping commit
[0;34mℹ️  No changes detected, skipping commit[0m
[2025-08-28 15:25:00] [INFO] Auto-commit process completed
[2025-08-28 15:25:00] [INFO] Auto-commit process completed
[0;34mℹ️  Auto-commit process completed[0m
[2025-08-28 15:30:00] [INFO] Starting auto-commit process for bc-express
[2025-08-28 15:30:00] [INFO] Starting auto-commit process for bc-express
[0;34mℹ️  Starting auto-commit process for bc-express[0m
[2025-08-28 15:30:00] [INFO] No changes detected, skipping commit
[2025-08-28 15:30:00] [INFO] No changes detected, skipping commit
[0;34mℹ️  No changes detected, skipping commit[0m
[2025-08-28 15:30:00] [INFO] Auto-commit process completed
[2025-08-28 15:30:00] [INFO] Auto-commit process completed
[0;34mℹ️  Auto-commit process completed[0m
[2025-08-28 15:35:00] [INFO] Starting auto-commit process for bc-express
[2025-08-28 15:35:00] [INFO] Starting auto-commit process for bc-express
[0;34mℹ️  Starting auto-commit process for bc-express[0m
[2025-08-28 15:35:00] [INFO] No changes detected, skipping commit
[2025-08-28 15:35:00] [INFO] No changes detected, skipping commit
[0;34mℹ️  No changes detected, skipping commit[0m
[2025-08-28 15:35:00] [INFO] Auto-commit process completed
[2025-08-28 15:35:00] [INFO] Auto-commit process completed
[0;34mℹ️  Auto-commit process completed[0m
[2025-08-28 15:40:01] [INFO] Starting auto-commit process for bc-express
[2025-08-28 15:40:01] [INFO] Starting auto-commit process for bc-express
[0;34mℹ️  Starting auto-commit process for bc-express[0m
[2025-08-28 15:40:01] [INFO] No changes detected, skipping commit
[2025-08-28 15:40:01] [INFO] No changes detected, skipping commit
[0;34mℹ️  No changes detected, skipping commit[0m
[2025-08-28 15:40:01] [INFO] Auto-commit process completed
[2025-08-28 15:40:01] [INFO] Auto-commit process completed
[0;34mℹ️  Auto-commit process completed[0m
[2025-08-28 15:45:00] [INFO] Starting auto-commit process for bc-express
[2025-08-28 15:45:00] [INFO] Starting auto-commit process for bc-express
[0;34mℹ️  Starting auto-commit process for bc-express[0m
[2025-08-28 15:45:00] [INFO] No changes detected, skipping commit
[2025-08-28 15:45:00] [INFO] No changes detected, skipping commit
[0;34mℹ️  No changes detected, skipping commit[0m
[2025-08-28 15:45:00] [INFO] Auto-commit process completed
[2025-08-28 15:45:00] [INFO] Auto-commit process completed
[0;34mℹ️  Auto-commit process completed[0m
[2025-08-28 15:50:00] [INFO] Starting auto-commit process for bc-express
[2025-08-28 15:50:00] [INFO] Starting auto-commit process for bc-express
[0;34mℹ️  Starting auto-commit process for bc-express[0m
[2025-08-28 15:50:00] [INFO] No changes detected, skipping commit
[2025-08-28 15:50:00] [INFO] No changes detected, skipping commit
[0;34mℹ️  No changes detected, skipping commit[0m
[2025-08-28 15:50:00] [INFO] Auto-commit process completed
[2025-08-28 15:50:00] [INFO] Auto-commit process completed
[0;34mℹ️  Auto-commit process completed[0m
[2025-08-28 15:55:01] [INFO] Starting auto-commit process for bc-express
[2025-08-28 15:55:01] [INFO] Starting auto-commit process for bc-express
[0;34mℹ️  Starting auto-commit process for bc-express[0m
[2025-08-28 15:55:01] [INFO] No changes detected, skipping commit
[2025-08-28 15:55:01] [INFO] No changes detected, skipping commit
[0;34mℹ️  No changes detected, skipping commit[0m
[2025-08-28 15:55:01] [INFO] Auto-commit process completed
[2025-08-28 15:55:01] [INFO] Auto-commit process completed
[0;34mℹ️  Auto-commit process completed[0m
[2025-08-28 16:00:00] [INFO] Starting auto-commit process for bc-express
[2025-08-28 16:00:00] [INFO] Starting auto-commit process for bc-express
[0;34mℹ️  Starting auto-commit process for bc-express[0m
[2025-08-28 16:00:00] [INFO] No changes detected, skipping commit
[2025-08-28 16:00:00] [INFO] No changes detected, skipping commit
[0;34mℹ️  No changes detected, skipping commit[0m
[2025-08-28 16:00:00] [INFO] Auto-commit process completed
[2025-08-28 16:00:00] [INFO] Auto-commit process completed
[0;34mℹ️  Auto-commit process completed[0m
[2025-08-28 16:05:00] [INFO] Starting auto-commit process for bc-express
[2025-08-28 16:05:00] [INFO] Starting auto-commit process for bc-express
[0;34mℹ️  Starting auto-commit process for bc-express[0m
[2025-08-28 16:05:01] [INFO] No changes detected, skipping commit
[2025-08-28 16:05:01] [INFO] No changes detected, skipping commit
[0;34mℹ️  No changes detected, skipping commit[0m
[2025-08-28 16:05:01] [INFO] Auto-commit process completed
[2025-08-28 16:05:01] [INFO] Auto-commit process completed
[0;34mℹ️  Auto-commit process completed[0m
[2025-08-28 16:10:00] [INFO] Starting auto-commit process for bc-express
[2025-08-28 16:10:00] [INFO] Starting auto-commit process for bc-express
[0;34mℹ️  Starting auto-commit process for bc-express[0m
[2025-08-28 16:10:00] [INFO] No changes detected, skipping commit
[2025-08-28 16:10:00] [INFO] No changes detected, skipping commit
[0;34mℹ️  No changes detected, skipping commit[0m
[2025-08-28 16:10:00] [INFO] Auto-commit process completed
[2025-08-28 16:10:00] [INFO] Auto-commit process completed
[0;34mℹ️  Auto-commit process completed[0m
[2025-08-28 16:15:00] [INFO] Starting auto-commit process for bc-express
[2025-08-28 16:15:00] [INFO] Starting auto-commit process for bc-express
[0;34mℹ️  Starting auto-commit process for bc-express[0m
[2025-08-28 16:15:00] [INFO] No changes detected, skipping commit
[2025-08-28 16:15:00] [INFO] No changes detected, skipping commit
[0;34mℹ️  No changes detected, skipping commit[0m
[2025-08-28 16:15:00] [INFO] Auto-commit process completed
[2025-08-28 16:15:00] [INFO] Auto-commit process completed
[0;34mℹ️  Auto-commit process completed[0m
[2025-08-28 16:20:00] [INFO] Starting auto-commit process for bc-express
[2025-08-28 16:20:00] [INFO] Starting auto-commit process for bc-express
[0;34mℹ️  Starting auto-commit process for bc-express[0m
[2025-08-28 16:20:00] [INFO] No changes detected, skipping commit
[2025-08-28 16:20:00] [INFO] No changes detected, skipping commit
[0;34mℹ️  No changes detected, skipping commit[0m
[2025-08-28 16:20:00] [INFO] Auto-commit process completed
[2025-08-28 16:20:00] [INFO] Auto-commit process completed
[0;34mℹ️  Auto-commit process completed[0m
[2025-08-28 16:25:01] [INFO] Starting auto-commit process for bc-express
[2025-08-28 16:25:01] [INFO] Starting auto-commit process for bc-express
[0;34mℹ️  Starting auto-commit process for bc-express[0m
[2025-08-28 16:25:01] [INFO] No changes detected, skipping commit
[2025-08-28 16:25:01] [INFO] No changes detected, skipping commit
[0;34mℹ️  No changes detected, skipping commit[0m
[2025-08-28 16:25:01] [INFO] Auto-commit process completed
[2025-08-28 16:25:01] [INFO] Auto-commit process completed
[0;34mℹ️  Auto-commit process completed[0m
[2025-08-28 16:30:00] [INFO] Starting auto-commit process for bc-express
[2025-08-28 16:30:00] [INFO] Starting auto-commit process for bc-express
[0;34mℹ️  Starting auto-commit process for bc-express[0m
[2025-08-28 16:30:00] [INFO] No changes detected, skipping commit
[2025-08-28 16:30:00] [INFO] No changes detected, skipping commit
[0;34mℹ️  No changes detected, skipping commit[0m
[2025-08-28 16:30:00] [INFO] Auto-commit process completed
[2025-08-28 16:30:00] [INFO] Auto-commit process completed
[0;34mℹ️  Auto-commit process completed[0m
[2025-08-28 16:35:00] [INFO] Starting auto-commit process for bc-express
[2025-08-28 16:35:00] [INFO] Starting auto-commit process for bc-express
[0;34mℹ️  Starting auto-commit process for bc-express[0m
[2025-08-28 16:35:00] [INFO] No changes detected, skipping commit
[2025-08-28 16:35:00] [INFO] No changes detected, skipping commit
[0;34mℹ️  No changes detected, skipping commit[0m
[2025-08-28 16:35:00] [INFO] Auto-commit process completed
[2025-08-28 16:35:00] [INFO] Auto-commit process completed
[0;34mℹ️  Auto-commit process completed[0m
[2025-08-28 16:40:01] [INFO] Starting auto-commit process for bc-express
[2025-08-28 16:40:01] [INFO] Starting auto-commit process for bc-express
[0;34mℹ️  Starting auto-commit process for bc-express[0m
[2025-08-28 16:40:01] [INFO] No changes detected, skipping commit
[2025-08-28 16:40:01] [INFO] No changes detected, skipping commit
[0;34mℹ️  No changes detected, skipping commit[0m
[2025-08-28 16:40:01] [INFO] Auto-commit process completed
[2025-08-28 16:40:01] [INFO] Auto-commit process completed
[0;34mℹ️  Auto-commit process completed[0m
[2025-08-28 16:45:00] [INFO] Starting auto-commit process for bc-express
[2025-08-28 16:45:00] [INFO] Starting auto-commit process for bc-express
[0;34mℹ️  Starting auto-commit process for bc-express[0m
[2025-08-28 16:45:00] [INFO] No changes detected, skipping commit
[2025-08-28 16:45:00] [INFO] No changes detected, skipping commit
[0;34mℹ️  No changes detected, skipping commit[0m
[2025-08-28 16:45:00] [INFO] Auto-commit process completed
[2025-08-28 16:45:00] [INFO] Auto-commit process completed
[0;34mℹ️  Auto-commit process completed[0m
[2025-08-28 16:50:00] [INFO] Starting auto-commit process for bc-express
[2025-08-28 16:50:00] [INFO] Starting auto-commit process for bc-express
[0;34mℹ️  Starting auto-commit process for bc-express[0m
[2025-08-28 16:50:00] [INFO] No changes detected, skipping commit
[2025-08-28 16:50:00] [INFO] No changes detected, skipping commit
[0;34mℹ️  No changes detected, skipping commit[0m
[2025-08-28 16:50:00] [INFO] Auto-commit process completed
[2025-08-28 16:50:00] [INFO] Auto-commit process completed
[0;34mℹ️  Auto-commit process completed[0m
[2025-08-28 16:55:00] [INFO] Starting auto-commit process for bc-express
[2025-08-28 16:55:00] [INFO] Starting auto-commit process for bc-express
[0;34mℹ️  Starting auto-commit process for bc-express[0m
[2025-08-28 16:55:00] [INFO] No changes detected, skipping commit
[2025-08-28 16:55:00] [INFO] No changes detected, skipping commit
[0;34mℹ️  No changes detected, skipping commit[0m
[2025-08-28 16:55:00] [INFO] Auto-commit process completed
[2025-08-28 16:55:00] [INFO] Auto-commit process completed
[0;34mℹ️  Auto-commit process completed[0m
[2025-08-28 17:00:01] [INFO] Starting auto-commit process for bc-express
[2025-08-28 17:00:01] [INFO] Starting auto-commit process for bc-express
[0;34mℹ️  Starting auto-commit process for bc-express[0m
[2025-08-28 17:00:01] [INFO] No changes detected, skipping commit
[2025-08-28 17:00:01] [INFO] No changes detected, skipping commit
[0;34mℹ️  No changes detected, skipping commit[0m
[2025-08-28 17:00:01] [INFO] Auto-commit process completed
[2025-08-28 17:00:01] [INFO] Auto-commit process completed
[0;34mℹ️  Auto-commit process completed[0m
[2025-08-28 17:05:00] [INFO] Starting auto-commit process for bc-express
[2025-08-28 17:05:00] [INFO] Starting auto-commit process for bc-express
[0;34mℹ️  Starting auto-commit process for bc-express[0m
[2025-08-28 17:05:00] [INFO] No changes detected, skipping commit
[2025-08-28 17:05:00] [INFO] No changes detected, skipping commit
[0;34mℹ️  No changes detected, skipping commit[0m
[2025-08-28 17:05:00] [INFO] Auto-commit process completed
[2025-08-28 17:05:00] [INFO] Auto-commit process completed
[0;34mℹ️  Auto-commit process completed[0m
[2025-08-28 17:10:00] [INFO] Starting auto-commit process for bc-express
[2025-08-28 17:10:00] [INFO] Starting auto-commit process for bc-express
[0;34mℹ️  Starting auto-commit process for bc-express[0m
[2025-08-28 17:10:00] [INFO] No changes detected, skipping commit
[2025-08-28 17:10:00] [INFO] No changes detected, skipping commit
[0;34mℹ️  No changes detected, skipping commit[0m
[2025-08-28 17:10:00] [INFO] Auto-commit process completed
[2025-08-28 17:10:00] [INFO] Auto-commit process completed
[0;34mℹ️  Auto-commit process completed[0m
[2025-08-28 17:15:01] [INFO] Starting auto-commit process for bc-express
[2025-08-28 17:15:01] [INFO] Starting auto-commit process for bc-express
[0;34mℹ️  Starting auto-commit process for bc-express[0m
[2025-08-28 17:15:01] [INFO] No changes detected, skipping commit
[2025-08-28 17:15:01] [INFO] No changes detected, skipping commit
[0;34mℹ️  No changes detected, skipping commit[0m
[2025-08-28 17:15:01] [INFO] Auto-commit process completed
[2025-08-28 17:15:01] [INFO] Auto-commit process completed
[0;34mℹ️  Auto-commit process completed[0m
[2025-08-28 17:20:00] [INFO] Starting auto-commit process for bc-express
[2025-08-28 17:20:00] [INFO] Starting auto-commit process for bc-express
[0;34mℹ️  Starting auto-commit process for bc-express[0m
[2025-08-28 17:20:00] [INFO] No changes detected, skipping commit
[2025-08-28 17:20:00] [INFO] No changes detected, skipping commit
[0;34mℹ️  No changes detected, skipping commit[0m
[2025-08-28 17:20:00] [INFO] Auto-commit process completed
[2025-08-28 17:20:00] [INFO] Auto-commit process completed
[0;34mℹ️  Auto-commit process completed[0m
[2025-08-28 17:25:00] [INFO] Starting auto-commit process for bc-express
[2025-08-28 17:25:00] [INFO] Starting auto-commit process for bc-express
[0;34mℹ️  Starting auto-commit process for bc-express[0m
[2025-08-28 17:25:00] [INFO] No changes detected, skipping commit
[2025-08-28 17:25:00] [INFO] No changes detected, skipping commit
[0;34mℹ️  No changes detected, skipping commit[0m
[2025-08-28 17:25:00] [INFO] Auto-commit process completed
[2025-08-28 17:25:00] [INFO] Auto-commit process completed
[0;34mℹ️  Auto-commit process completed[0m
[2025-08-28 17:30:00] [INFO] Starting auto-commit process for bc-express
[2025-08-28 17:30:00] [INFO] Starting auto-commit process for bc-express
[0;34mℹ️  Starting auto-commit process for bc-express[0m
[2025-08-28 17:30:00] [INFO] No changes detected, skipping commit
[2025-08-28 17:30:00] [INFO] No changes detected, skipping commit
[0;34mℹ️  No changes detected, skipping commit[0m
[2025-08-28 17:30:00] [INFO] Auto-commit process completed
[2025-08-28 17:30:00] [INFO] Auto-commit process completed
[0;34mℹ️  Auto-commit process completed[0m
[2025-08-28 17:35:01] [INFO] Starting auto-commit process for bc-express
[2025-08-28 17:35:01] [INFO] Starting auto-commit process for bc-express
[0;34mℹ️  Starting auto-commit process for bc-express[0m
[2025-08-28 17:35:01] [INFO] No changes detected, skipping commit
[2025-08-28 17:35:01] [INFO] No changes detected, skipping commit
[0;34mℹ️  No changes detected, skipping commit[0m
[2025-08-28 17:35:01] [INFO] Auto-commit process completed
[2025-08-28 17:35:01] [INFO] Auto-commit process completed
[0;34mℹ️  Auto-commit process completed[0m
[2025-08-28 17:40:06] [INFO] Starting auto-commit process for bc-express
[2025-08-28 17:40:06] [INFO] Starting auto-commit process for bc-express
[0;34mℹ️  Starting auto-commit process for bc-express[0m
[2025-08-28 17:40:06] [INFO] No changes detected, skipping commit
[2025-08-28 17:40:06] [INFO] No changes detected, skipping commit
[0;34mℹ️  No changes detected, skipping commit[0m
[2025-08-28 17:40:06] [INFO] Auto-commit process completed
[2025-08-28 17:40:06] [INFO] Auto-commit process completed
[0;34mℹ️  Auto-commit process completed[0m
[2025-08-28 18:40:00] [INFO] Starting auto-commit process for bc-express
[2025-08-28 18:40:00] [INFO] Starting auto-commit process for bc-express
[0;34mℹ️  Starting auto-commit process for bc-express[0m
[2025-08-28 18:40:00] [INFO] No changes detected, skipping commit
[2025-08-28 18:40:00] [INFO] No changes detected, skipping commit
[0;34mℹ️  No changes detected, skipping commit[0m
[2025-08-28 18:40:00] [INFO] Auto-commit process completed
[2025-08-28 18:40:00] [INFO] Auto-commit process completed
[0;34mℹ️  Auto-commit process completed[0m
[2025-08-28 18:45:00] [INFO] Starting auto-commit process for bc-express
[2025-08-28 18:45:00] [INFO] Starting auto-commit process for bc-express
[0;34mℹ️  Starting auto-commit process for bc-express[0m
[2025-08-28 18:45:00] [INFO] No changes detected, skipping commit
[2025-08-28 18:45:00] [INFO] No changes detected, skipping commit
[0;34mℹ️  No changes detected, skipping commit[0m
[2025-08-28 18:45:00] [INFO] Auto-commit process completed
[2025-08-28 18:45:00] [INFO] Auto-commit process completed
[0;34mℹ️  Auto-commit process completed[0m
[2025-08-28 18:50:00] [INFO] Starting auto-commit process for bc-express
[2025-08-28 18:50:00] [INFO] Starting auto-commit process for bc-express
[0;34mℹ️  Starting auto-commit process for bc-express[0m
[2025-08-28 18:50:00] [INFO] No changes detected, skipping commit
[2025-08-28 18:50:00] [INFO] No changes detected, skipping commit
[0;34mℹ️  No changes detected, skipping commit[0m
[2025-08-28 18:50:00] [INFO] Auto-commit process completed
[2025-08-28 18:50:00] [INFO] Auto-commit process completed
[0;34mℹ️  Auto-commit process completed[0m
[2025-08-28 18:55:01] [INFO] Starting auto-commit process for bc-express
[2025-08-28 18:55:01] [INFO] Starting auto-commit process for bc-express
[0;34mℹ️  Starting auto-commit process for bc-express[0m
[2025-08-28 18:55:01] [INFO] No changes detected, skipping commit
[2025-08-28 18:55:01] [INFO] No changes detected, skipping commit
[0;34mℹ️  No changes detected, skipping commit[0m
[2025-08-28 18:55:01] [INFO] Auto-commit process completed
[2025-08-28 18:55:01] [INFO] Auto-commit process completed
[0;34mℹ️  Auto-commit process completed[0m
[2025-08-28 19:00:01] [INFO] Starting auto-commit process for bc-express
[2025-08-28 19:00:01] [INFO] Starting auto-commit process for bc-express
[0;34mℹ️  Starting auto-commit process for bc-express[0m
[2025-08-28 19:00:01] [INFO] No changes detected, skipping commit
[2025-08-28 19:00:01] [INFO] No changes detected, skipping commit
[0;34mℹ️  No changes detected, skipping commit[0m
[2025-08-28 19:00:01] [INFO] Auto-commit process completed
[2025-08-28 19:00:01] [INFO] Auto-commit process completed
[0;34mℹ️  Auto-commit process completed[0m
[2025-08-28 19:05:00] [INFO] Starting auto-commit process for bc-express
[2025-08-28 19:05:00] [INFO] Starting auto-commit process for bc-express
[0;34mℹ️  Starting auto-commit process for bc-express[0m
[2025-08-28 19:05:00] [INFO] No changes detected, skipping commit
[2025-08-28 19:05:00] [INFO] No changes detected, skipping commit
[0;34mℹ️  No changes detected, skipping commit[0m
[2025-08-28 19:05:00] [INFO] Auto-commit process completed
[2025-08-28 19:05:00] [INFO] Auto-commit process completed
[0;34mℹ️  Auto-commit process completed[0m
[2025-08-28 19:10:00] [INFO] Starting auto-commit process for bc-express
[2025-08-28 19:10:00] [INFO] Starting auto-commit process for bc-express
[0;34mℹ️  Starting auto-commit process for bc-express[0m
[2025-08-28 19:10:00] [INFO] No changes detected, skipping commit
[2025-08-28 19:10:00] [INFO] No changes detected, skipping commit
[0;34mℹ️  No changes detected, skipping commit[0m
[2025-08-28 19:10:00] [INFO] Auto-commit process completed
[2025-08-28 19:10:00] [INFO] Auto-commit process completed
[0;34mℹ️  Auto-commit process completed[0m
[2025-08-28 19:15:01] [INFO] Starting auto-commit process for bc-express
[2025-08-28 19:15:01] [INFO] Starting auto-commit process for bc-express
[0;34mℹ️  Starting auto-commit process for bc-express[0m
[2025-08-28 19:15:01] [INFO] No changes detected, skipping commit
[2025-08-28 19:15:01] [INFO] No changes detected, skipping commit
[0;34mℹ️  No changes detected, skipping commit[0m
[2025-08-28 19:15:01] [INFO] Auto-commit process completed
[2025-08-28 19:15:01] [INFO] Auto-commit process completed
[0;34mℹ️  Auto-commit process completed[0m
[2025-08-28 19:20:00] [INFO] Starting auto-commit process for bc-express
[2025-08-28 19:20:00] [INFO] Starting auto-commit process for bc-express
[0;34mℹ️  Starting auto-commit process for bc-express[0m
[2025-08-28 19:20:00] [INFO] No changes detected, skipping commit
[2025-08-28 19:20:00] [INFO] No changes detected, skipping commit
[0;34mℹ️  No changes detected, skipping commit[0m
[2025-08-28 19:20:00] [INFO] Auto-commit process completed
[2025-08-28 19:20:00] [INFO] Auto-commit process completed
[0;34mℹ️  Auto-commit process completed[0m
[2025-08-28 19:25:00] [INFO] Starting auto-commit process for bc-express
[2025-08-28 19:25:00] [INFO] Starting auto-commit process for bc-express
[0;34mℹ️  Starting auto-commit process for bc-express[0m
[2025-08-28 19:25:00] [INFO] No changes detected, skipping commit
[2025-08-28 19:25:00] [INFO] No changes detected, skipping commit
[0;34mℹ️  No changes detected, skipping commit[0m
[2025-08-28 19:25:00] [INFO] Auto-commit process completed
[2025-08-28 19:25:00] [INFO] Auto-commit process completed
[0;34mℹ️  Auto-commit process completed[0m
[2025-08-28 19:30:00] [INFO] Starting auto-commit process for bc-express
[2025-08-28 19:30:00] [INFO] Starting auto-commit process for bc-express
[0;34mℹ️  Starting auto-commit process for bc-express[0m
[2025-08-28 19:30:00] [INFO] No changes detected, skipping commit
[2025-08-28 19:30:00] [INFO] No changes detected, skipping commit
[0;34mℹ️  No changes detected, skipping commit[0m
[2025-08-28 19:30:00] [INFO] Auto-commit process completed
[2025-08-28 19:30:00] [INFO] Auto-commit process completed
[0;34mℹ️  Auto-commit process completed[0m
[2025-08-28 19:35:01] [INFO] Starting auto-commit process for bc-express
[2025-08-28 19:35:01] [INFO] Starting auto-commit process for bc-express
[0;34mℹ️  Starting auto-commit process for bc-express[0m
[2025-08-28 19:35:01] [INFO] No changes detected, skipping commit
[2025-08-28 19:35:01] [INFO] No changes detected, skipping commit
[0;34mℹ️  No changes detected, skipping commit[0m
[2025-08-28 19:35:01] [INFO] Auto-commit process completed
[2025-08-28 19:35:01] [INFO] Auto-commit process completed
[0;34mℹ️  Auto-commit process completed[0m
[2025-08-28 19:40:00] [INFO] Starting auto-commit process for bc-express
[2025-08-28 19:40:00] [INFO] Starting auto-commit process for bc-express
[0;34mℹ️  Starting auto-commit process for bc-express[0m
[2025-08-28 19:40:00] [INFO] No changes detected, skipping commit
[2025-08-28 19:40:00] [INFO] No changes detected, skipping commit
[0;34mℹ️  No changes detected, skipping commit[0m
[2025-08-28 19:40:00] [INFO] Auto-commit process completed
[2025-08-28 19:40:00] [INFO] Auto-commit process completed
[0;34mℹ️  Auto-commit process completed[0m
[2025-08-28 19:45:00] [INFO] Starting auto-commit process for bc-express
[2025-08-28 19:45:00] [INFO] Starting auto-commit process for bc-express
[0;34mℹ️  Starting auto-commit process for bc-express[0m
[2025-08-28 19:45:00] [INFO] No changes detected, skipping commit
[2025-08-28 19:45:00] [INFO] No changes detected, skipping commit
[0;34mℹ️  No changes detected, skipping commit[0m
[2025-08-28 19:45:00] [INFO] Auto-commit process completed
[2025-08-28 19:45:00] [INFO] Auto-commit process completed
[0;34mℹ️  Auto-commit process completed[0m
[2025-08-28 19:50:00] [INFO] Starting auto-commit process for bc-express
[2025-08-28 19:50:00] [INFO] Starting auto-commit process for bc-express
[0;34mℹ️  Starting auto-commit process for bc-express[0m
[2025-08-28 19:50:00] [INFO] No changes detected, skipping commit
[2025-08-28 19:50:00] [INFO] No changes detected, skipping commit
[0;34mℹ️  No changes detected, skipping commit[0m
[2025-08-28 19:50:00] [INFO] Auto-commit process completed
[2025-08-28 19:50:00] [INFO] Auto-commit process completed
[0;34mℹ️  Auto-commit process completed[0m
[2025-08-28 19:55:00] [INFO] Starting auto-commit process for bc-express
[2025-08-28 19:55:00] [INFO] Starting auto-commit process for bc-express
[0;34mℹ️  Starting auto-commit process for bc-express[0m
[2025-08-28 19:55:00] [INFO] No changes detected, skipping commit
[2025-08-28 19:55:00] [INFO] No changes detected, skipping commit
[0;34mℹ️  No changes detected, skipping commit[0m
[2025-08-28 19:55:00] [INFO] Auto-commit process completed
[2025-08-28 19:55:00] [INFO] Auto-commit process completed
[0;34mℹ️  Auto-commit process completed[0m
[2025-08-28 20:00:01] [INFO] Starting auto-commit process for bc-express
[2025-08-28 20:00:01] [INFO] Starting auto-commit process for bc-express
[0;34mℹ️  Starting auto-commit process for bc-express[0m
[2025-08-28 20:00:01] [INFO] No changes detected, skipping commit
[2025-08-28 20:00:01] [INFO] No changes detected, skipping commit
[0;34mℹ️  No changes detected, skipping commit[0m
[2025-08-28 20:00:01] [INFO] Auto-commit process completed
[2025-08-28 20:00:01] [INFO] Auto-commit process completed
[0;34mℹ️  Auto-commit process completed[0m
[2025-08-28 20:05:00] [INFO] Starting auto-commit process for bc-express
[2025-08-28 20:05:00] [INFO] Starting auto-commit process for bc-express
[0;34mℹ️  Starting auto-commit process for bc-express[0m
[2025-08-28 20:05:00] [INFO] No changes detected, skipping commit
[2025-08-28 20:05:00] [INFO] No changes detected, skipping commit
[0;34mℹ️  No changes detected, skipping commit[0m
[2025-08-28 20:05:00] [INFO] Auto-commit process completed
[2025-08-28 20:05:00] [INFO] Auto-commit process completed
[0;34mℹ️  Auto-commit process completed[0m
[2025-08-28 20:10:00] [INFO] Starting auto-commit process for bc-express
[2025-08-28 20:10:00] [INFO] Starting auto-commit process for bc-express
[0;34mℹ️  Starting auto-commit process for bc-express[0m
[2025-08-28 20:10:00] [INFO] No changes detected, skipping commit
[2025-08-28 20:10:00] [INFO] No changes detected, skipping commit
[0;34mℹ️  No changes detected, skipping commit[0m
[2025-08-28 20:10:00] [INFO] Auto-commit process completed
[2025-08-28 20:10:00] [INFO] Auto-commit process completed
[0;34mℹ️  Auto-commit process completed[0m
[2025-08-28 20:15:00] [INFO] Starting auto-commit process for bc-express
[2025-08-28 20:15:00] [INFO] Starting auto-commit process for bc-express
[0;34mℹ️  Starting auto-commit process for bc-express[0m
[2025-08-28 20:15:00] [INFO] No changes detected, skipping commit
[2025-08-28 20:15:00] [INFO] No changes detected, skipping commit
[0;34mℹ️  No changes detected, skipping commit[0m
[2025-08-28 20:15:00] [INFO] Auto-commit process completed
[2025-08-28 20:15:00] [INFO] Auto-commit process completed
[0;34mℹ️  Auto-commit process completed[0m
[2025-08-28 20:20:01] [INFO] Starting auto-commit process for bc-express
[2025-08-28 20:20:01] [INFO] Starting auto-commit process for bc-express
[0;34mℹ️  Starting auto-commit process for bc-express[0m
[2025-08-28 20:20:01] [INFO] No changes detected, skipping commit
[2025-08-28 20:20:01] [INFO] No changes detected, skipping commit
[0;34mℹ️  No changes detected, skipping commit[0m
[2025-08-28 20:20:01] [INFO] Auto-commit process completed
[2025-08-28 20:20:01] [INFO] Auto-commit process completed
[0;34mℹ️  Auto-commit process completed[0m
[2025-08-28 20:25:00] [INFO] Starting auto-commit process for bc-express
[2025-08-28 20:25:00] [INFO] Starting auto-commit process for bc-express
[0;34mℹ️  Starting auto-commit process for bc-express[0m
[2025-08-28 20:25:00] [INFO] No changes detected, skipping commit
[2025-08-28 20:25:00] [INFO] No changes detected, skipping commit
[0;34mℹ️  No changes detected, skipping commit[0m
[2025-08-28 20:25:00] [INFO] Auto-commit process completed
[2025-08-28 20:25:00] [INFO] Auto-commit process completed
[0;34mℹ️  Auto-commit process completed[0m
[2025-08-28 20:30:00] [INFO] Starting auto-commit process for bc-express
[2025-08-28 20:30:00] [INFO] Starting auto-commit process for bc-express
[0;34mℹ️  Starting auto-commit process for bc-express[0m
[2025-08-28 20:30:00] [INFO] No changes detected, skipping commit
[2025-08-28 20:30:00] [INFO] No changes detected, skipping commit
[0;34mℹ️  No changes detected, skipping commit[0m
[2025-08-28 20:30:00] [INFO] Auto-commit process completed
[2025-08-28 20:30:00] [INFO] Auto-commit process completed
[0;34mℹ️  Auto-commit process completed[0m
[2025-08-28 20:35:00] [INFO] Starting auto-commit process for bc-express
[2025-08-28 20:35:00] [INFO] Starting auto-commit process for bc-express
[0;34mℹ️  Starting auto-commit process for bc-express[0m
[2025-08-28 20:35:00] [INFO] No changes detected, skipping commit
[2025-08-28 20:35:00] [INFO] No changes detected, skipping commit
[0;34mℹ️  No changes detected, skipping commit[0m
[2025-08-28 20:35:00] [INFO] Auto-commit process completed
[2025-08-28 20:35:00] [INFO] Auto-commit process completed
[0;34mℹ️  Auto-commit process completed[0m
[2025-08-28 20:40:00] [INFO] Starting auto-commit process for bc-express
[2025-08-28 20:40:00] [INFO] Starting auto-commit process for bc-express
[0;34mℹ️  Starting auto-commit process for bc-express[0m
[2025-08-28 20:40:00] [INFO] No changes detected, skipping commit
[2025-08-28 20:40:00] [INFO] No changes detected, skipping commit
[0;34mℹ️  No changes detected, skipping commit[0m
[2025-08-28 20:40:00] [INFO] Auto-commit process completed
[2025-08-28 20:40:00] [INFO] Auto-commit process completed
[0;34mℹ️  Auto-commit process completed[0m
[2025-08-28 20:45:01] [INFO] Starting auto-commit process for bc-express
[2025-08-28 20:45:01] [INFO] Starting auto-commit process for bc-express
[0;34mℹ️  Starting auto-commit process for bc-express[0m
[2025-08-28 20:45:01] [INFO] No changes detected, skipping commit
[2025-08-28 20:45:01] [INFO] No changes detected, skipping commit
[0;34mℹ️  No changes detected, skipping commit[0m
[2025-08-28 20:45:01] [INFO] Auto-commit process completed
[2025-08-28 20:45:01] [INFO] Auto-commit process completed
[0;34mℹ️  Auto-commit process completed[0m
[2025-08-28 20:50:00] [INFO] Starting auto-commit process for bc-express
[2025-08-28 20:50:00] [INFO] Starting auto-commit process for bc-express
[0;34mℹ️  Starting auto-commit process for bc-express[0m
[2025-08-28 20:50:00] [INFO] No changes detected, skipping commit
[2025-08-28 20:50:00] [INFO] No changes detected, skipping commit
[0;34mℹ️  No changes detected, skipping commit[0m
[2025-08-28 20:50:00] [INFO] Auto-commit process completed
[2025-08-28 20:50:00] [INFO] Auto-commit process completed
[0;34mℹ️  Auto-commit process completed[0m
[2025-08-28 20:55:00] [INFO] Starting auto-commit process for bc-express
[2025-08-28 20:55:00] [INFO] Starting auto-commit process for bc-express
[0;34mℹ️  Starting auto-commit process for bc-express[0m
[2025-08-28 20:55:00] [INFO] No changes detected, skipping commit
[2025-08-28 20:55:00] [INFO] No changes detected, skipping commit
[0;34mℹ️  No changes detected, skipping commit[0m
[2025-08-28 20:55:00] [INFO] Auto-commit process completed
[2025-08-28 20:55:00] [INFO] Auto-commit process completed
[0;34mℹ️  Auto-commit process completed[0m
[2025-08-28 21:00:00] [INFO] Starting auto-commit process for bc-express
[2025-08-28 21:00:00] [INFO] Starting auto-commit process for bc-express
[0;34mℹ️  Starting auto-commit process for bc-express[0m
[2025-08-28 21:00:00] [INFO] No changes detected, skipping commit
[2025-08-28 21:00:00] [INFO] No changes detected, skipping commit
[0;34mℹ️  No changes detected, skipping commit[0m
[2025-08-28 21:00:00] [INFO] Auto-commit process completed
[2025-08-28 21:00:00] [INFO] Auto-commit process completed
[0;34mℹ️  Auto-commit process completed[0m
[2025-08-28 21:05:01] [INFO] Starting auto-commit process for bc-express
[2025-08-28 21:05:01] [INFO] Starting auto-commit process for bc-express
[0;34mℹ️  Starting auto-commit process for bc-express[0m
[2025-08-28 21:05:01] [INFO] No changes detected, skipping commit
[2025-08-28 21:05:01] [INFO] No changes detected, skipping commit
[0;34mℹ️  No changes detected, skipping commit[0m
[2025-08-28 21:05:01] [INFO] Auto-commit process completed
[2025-08-28 21:05:01] [INFO] Auto-commit process completed
[0;34mℹ️  Auto-commit process completed[0m
[2025-08-28 21:10:00] [INFO] Starting auto-commit process for bc-express
[2025-08-28 21:10:00] [INFO] Starting auto-commit process for bc-express
[0;34mℹ️  Starting auto-commit process for bc-express[0m
[2025-08-28 21:10:00] [INFO] No changes detected, skipping commit
[2025-08-28 21:10:00] [INFO] No changes detected, skipping commit
[0;34mℹ️  No changes detected, skipping commit[0m
[2025-08-28 21:10:00] [INFO] Auto-commit process completed
[2025-08-28 21:10:00] [INFO] Auto-commit process completed
[0;34mℹ️  Auto-commit process completed[0m
[2025-08-29 18:25:00] [INFO] Starting auto-commit process for bc-express
[2025-08-29 18:25:00] [INFO] Starting auto-commit process for bc-express
[0;34mℹ️  Starting auto-commit process for bc-express[0m
[2025-08-29 18:25:00] [INFO] No changes detected, skipping commit
[2025-08-29 18:25:00] [INFO] No changes detected, skipping commit
[0;34mℹ️  No changes detected, skipping commit[0m
[2025-08-29 18:25:00] [INFO] Auto-commit process completed
[2025-08-29 18:25:00] [INFO] Auto-commit process completed
[0;34mℹ️  Auto-commit process completed[0m
[2025-08-29 18:30:01] [INFO] Starting auto-commit process for bc-express
[2025-08-29 18:30:01] [INFO] Starting auto-commit process for bc-express
[0;34mℹ️  Starting auto-commit process for bc-express[0m
[2025-08-29 18:30:01] [INFO] No changes detected, skipping commit
[2025-08-29 18:30:01] [INFO] No changes detected, skipping commit
[0;34mℹ️  No changes detected, skipping commit[0m
[2025-08-29 18:30:01] [INFO] Auto-commit process completed
[2025-08-29 18:30:01] [INFO] Auto-commit process completed
[0;34mℹ️  Auto-commit process completed[0m
[2025-08-29 18:35:00] [INFO] Starting auto-commit process for bc-express
[2025-08-29 18:35:00] [INFO] Starting auto-commit process for bc-express
[0;34mℹ️  Starting auto-commit process for bc-express[0m
[2025-08-29 18:35:00] [INFO] No changes detected, skipping commit
[2025-08-29 18:35:00] [INFO] No changes detected, skipping commit
[0;34mℹ️  No changes detected, skipping commit[0m
[2025-08-29 18:35:00] [INFO] Auto-commit process completed
[2025-08-29 18:35:00] [INFO] Auto-commit process completed
[0;34mℹ️  Auto-commit process completed[0m
[2025-08-29 18:40:01] [INFO] Starting auto-commit process for bc-express
[2025-08-29 18:40:01] [INFO] Starting auto-commit process for bc-express
[0;34mℹ️  Starting auto-commit process for bc-express[0m
[2025-08-29 18:40:01] [INFO] No changes detected, skipping commit
[2025-08-29 18:40:01] [INFO] No changes detected, skipping commit
[0;34mℹ️  No changes detected, skipping commit[0m
[2025-08-29 18:40:01] [INFO] Auto-commit process completed
[2025-08-29 18:40:01] [INFO] Auto-commit process completed
[0;34mℹ️  Auto-commit process completed[0m
[2025-08-29 18:45:01] [INFO] Starting auto-commit process for bc-express
[2025-08-29 18:45:01] [INFO] Starting auto-commit process for bc-express
[0;34mℹ️  Starting auto-commit process for bc-express[0m
[2025-08-29 18:45:01] [INFO] No changes detected, skipping commit
[2025-08-29 18:45:01] [INFO] No changes detected, skipping commit
[0;34mℹ️  No changes detected, skipping commit[0m
[2025-08-29 18:45:01] [INFO] Auto-commit process completed
[2025-08-29 18:45:01] [INFO] Auto-commit process completed
[0;34mℹ️  Auto-commit process completed[0m
[2025-08-29 18:50:01] [INFO] Starting auto-commit process for bc-express
[2025-08-29 18:50:01] [INFO] Starting auto-commit process for bc-express
[0;34mℹ️  Starting auto-commit process for bc-express[0m
[2025-08-29 18:50:01] [INFO] No changes detected, skipping commit
[2025-08-29 18:50:01] [INFO] No changes detected, skipping commit
[0;34mℹ️  No changes detected, skipping commit[0m
[2025-08-29 18:50:01] [INFO] Auto-commit process completed
[2025-08-29 18:50:01] [INFO] Auto-commit process completed
[0;34mℹ️  Auto-commit process completed[0m
[2025-08-29 18:55:00] [INFO] Starting auto-commit process for bc-express
[2025-08-29 18:55:00] [INFO] Starting auto-commit process for bc-express
[0;34mℹ️  Starting auto-commit process for bc-express[0m
[2025-08-29 18:55:00] [INFO] No changes detected, skipping commit
[2025-08-29 18:55:00] [INFO] No changes detected, skipping commit
[0;34mℹ️  No changes detected, skipping commit[0m
[2025-08-29 18:55:00] [INFO] Auto-commit process completed
[2025-08-29 18:55:00] [INFO] Auto-commit process completed
[0;34mℹ️  Auto-commit process completed[0m
[2025-08-29 19:00:00] [INFO] Starting auto-commit process for bc-express
[2025-08-29 19:00:00] [INFO] Starting auto-commit process for bc-express
[0;34mℹ️  Starting auto-commit process for bc-express[0m
[2025-08-29 19:00:00] [INFO] No changes detected, skipping commit
[2025-08-29 19:00:00] [INFO] No changes detected, skipping commit
[0;34mℹ️  No changes detected, skipping commit[0m
[2025-08-29 19:00:00] [INFO] Auto-commit process completed
[2025-08-29 19:00:00] [INFO] Auto-commit process completed
[0;34mℹ️  Auto-commit process completed[0m
[2025-08-29 19:05:00] [INFO] Starting auto-commit process for bc-express
[2025-08-29 19:05:00] [INFO] Starting auto-commit process for bc-express
[0;34mℹ️  Starting auto-commit process for bc-express[0m
[2025-08-29 19:05:00] [INFO] No changes detected, skipping commit
[2025-08-29 19:05:00] [INFO] No changes detected, skipping commit
[0;34mℹ️  No changes detected, skipping commit[0m
[2025-08-29 19:05:00] [INFO] Auto-commit process completed
[2025-08-29 19:05:00] [INFO] Auto-commit process completed
[0;34mℹ️  Auto-commit process completed[0m
[2025-08-29 19:10:01] [INFO] Starting auto-commit process for bc-express
[2025-08-29 19:10:01] [INFO] Starting auto-commit process for bc-express
[0;34mℹ️  Starting auto-commit process for bc-express[0m
[2025-08-29 19:10:01] [INFO] No changes detected, skipping commit
[2025-08-29 19:10:01] [INFO] No changes detected, skipping commit
[0;34mℹ️  No changes detected, skipping commit[0m
[2025-08-29 19:10:01] [INFO] Auto-commit process completed
[2025-08-29 19:10:01] [INFO] Auto-commit process completed
[0;34mℹ️  Auto-commit process completed[0m
[2025-08-29 19:15:00] [INFO] Starting auto-commit process for bc-express
[2025-08-29 19:15:00] [INFO] Starting auto-commit process for bc-express
[0;34mℹ️  Starting auto-commit process for bc-express[0m
[2025-08-29 19:15:00] [INFO] No changes detected, skipping commit
[2025-08-29 19:15:00] [INFO] No changes detected, skipping commit
[0;34mℹ️  No changes detected, skipping commit[0m
[2025-08-29 19:15:00] [INFO] Auto-commit process completed
[2025-08-29 19:15:00] [INFO] Auto-commit process completed
[0;34mℹ️  Auto-commit process completed[0m
[2025-08-29 19:20:00] [INFO] Starting auto-commit process for bc-express
[2025-08-29 19:20:00] [INFO] Starting auto-commit process for bc-express
[0;34mℹ️  Starting auto-commit process for bc-express[0m
[2025-08-29 19:20:00] [INFO] No changes detected, skipping commit
[2025-08-29 19:20:00] [INFO] No changes detected, skipping commit
[0;34mℹ️  No changes detected, skipping commit[0m
[2025-08-29 19:20:00] [INFO] Auto-commit process completed
[2025-08-29 19:20:00] [INFO] Auto-commit process completed
[0;34mℹ️  Auto-commit process completed[0m
[2025-08-29 19:25:00] [INFO] Starting auto-commit process for bc-express
[2025-08-29 19:25:00] [INFO] Starting auto-commit process for bc-express
[0;34mℹ️  Starting auto-commit process for bc-express[0m
[2025-08-29 19:25:00] [INFO] No changes detected, skipping commit
[2025-08-29 19:25:00] [INFO] No changes detected, skipping commit
[0;34mℹ️  No changes detected, skipping commit[0m
[2025-08-29 19:25:00] [INFO] Auto-commit process completed
[2025-08-29 19:25:00] [INFO] Auto-commit process completed
[0;34mℹ️  Auto-commit process completed[0m
[2025-08-29 19:30:01] [INFO] Starting auto-commit process for bc-express
[2025-08-29 19:30:01] [INFO] Starting auto-commit process for bc-express
[0;34mℹ️  Starting auto-commit process for bc-express[0m
[2025-08-29 19:30:01] [INFO] No changes detected, skipping commit
[2025-08-29 19:30:01] [INFO] No changes detected, skipping commit
[0;34mℹ️  No changes detected, skipping commit[0m
[2025-08-29 19:30:01] [INFO] Auto-commit process completed
[2025-08-29 19:30:01] [INFO] Auto-commit process completed
[0;34mℹ️  Auto-commit process completed[0m
[2025-08-29 19:35:00] [INFO] Starting auto-commit process for bc-express
[2025-08-29 19:35:00] [INFO] Starting auto-commit process for bc-express
[0;34mℹ️  Starting auto-commit process for bc-express[0m
[2025-08-29 19:35:00] [INFO] No changes detected, skipping commit
[2025-08-29 19:35:00] [INFO] No changes detected, skipping commit
[0;34mℹ️  No changes detected, skipping commit[0m
[2025-08-29 19:35:00] [INFO] Auto-commit process completed
[2025-08-29 19:35:00] [INFO] Auto-commit process completed
[0;34mℹ️  Auto-commit process completed[0m
[2025-08-29 19:40:00] [INFO] Starting auto-commit process for bc-express
[2025-08-29 19:40:00] [INFO] Starting auto-commit process for bc-express
[0;34mℹ️  Starting auto-commit process for bc-express[0m
[2025-08-29 19:40:00] [INFO] No changes detected, skipping commit
[2025-08-29 19:40:00] [INFO] No changes detected, skipping commit
[0;34mℹ️  No changes detected, skipping commit[0m
[2025-08-29 19:40:00] [INFO] Auto-commit process completed
[2025-08-29 19:40:00] [INFO] Auto-commit process completed
[0;34mℹ️  Auto-commit process completed[0m
[2025-08-29 19:45:00] [INFO] Starting auto-commit process for bc-express
[2025-08-29 19:45:00] [INFO] Starting auto-commit process for bc-express
[0;34mℹ️  Starting auto-commit process for bc-express[0m
[2025-08-29 19:45:00] [INFO] No changes detected, skipping commit
[2025-08-29 19:45:00] [INFO] No changes detected, skipping commit
[0;34mℹ️  No changes detected, skipping commit[0m
[2025-08-29 19:45:00] [INFO] Auto-commit process completed
[2025-08-29 19:45:00] [INFO] Auto-commit process completed
[0;34mℹ️  Auto-commit process completed[0m
[2025-08-29 19:50:01] [INFO] Starting auto-commit process for bc-express
[2025-08-29 19:50:01] [INFO] Starting auto-commit process for bc-express
[0;34mℹ️  Starting auto-commit process for bc-express[0m
[2025-08-29 19:50:01] [INFO] No changes detected, skipping commit
[2025-08-29 19:50:01] [INFO] No changes detected, skipping commit
[0;34mℹ️  No changes detected, skipping commit[0m
[2025-08-29 19:50:01] [INFO] Auto-commit process completed
[2025-08-29 19:50:01] [INFO] Auto-commit process completed
[0;34mℹ️  Auto-commit process completed[0m
[2025-08-29 19:55:00] [INFO] Starting auto-commit process for bc-express
[2025-08-29 19:55:00] [INFO] Starting auto-commit process for bc-express
[0;34mℹ️  Starting auto-commit process for bc-express[0m
[2025-08-29 19:55:00] [INFO] No changes detected, skipping commit
[2025-08-29 19:55:00] [INFO] No changes detected, skipping commit
[0;34mℹ️  No changes detected, skipping commit[0m
[2025-08-29 19:55:00] [INFO] Auto-commit process completed
[2025-08-29 19:55:00] [INFO] Auto-commit process completed
[0;34mℹ️  Auto-commit process completed[0m
[2025-08-29 20:00:00] [INFO] Starting auto-commit process for bc-express
[2025-08-29 20:00:00] [INFO] Starting auto-commit process for bc-express
[0;34mℹ️  Starting auto-commit process for bc-express[0m
[2025-08-29 20:00:00] [INFO] No changes detected, skipping commit
[2025-08-29 20:00:00] [INFO] No changes detected, skipping commit
[0;34mℹ️  No changes detected, skipping commit[0m
[2025-08-29 20:00:00] [INFO] Auto-commit process completed
[2025-08-29 20:00:00] [INFO] Auto-commit process completed
[0;34mℹ️  Auto-commit process completed[0m
[2025-08-29 20:05:01] [INFO] Starting auto-commit process for bc-express
[2025-08-29 20:05:01] [INFO] Starting auto-commit process for bc-express
[0;34mℹ️  Starting auto-commit process for bc-express[0m
[2025-08-29 20:05:01] [INFO] No changes detected, skipping commit
[2025-08-29 20:05:01] [INFO] No changes detected, skipping commit
[0;34mℹ️  No changes detected, skipping commit[0m
[2025-08-29 20:05:01] [INFO] Auto-commit process completed
[2025-08-29 20:05:01] [INFO] Auto-commit process completed
[0;34mℹ️  Auto-commit process completed[0m
[2025-08-29 20:10:00] [INFO] Starting auto-commit process for bc-express
[2025-08-29 20:10:00] [INFO] Starting auto-commit process for bc-express
[0;34mℹ️  Starting auto-commit process for bc-express[0m
[2025-08-29 20:10:00] [INFO] No changes detected, skipping commit
[2025-08-29 20:10:00] [INFO] No changes detected, skipping commit
[0;34mℹ️  No changes detected, skipping commit[0m
[2025-08-29 20:10:00] [INFO] Auto-commit process completed
[2025-08-29 20:10:00] [INFO] Auto-commit process completed
[0;34mℹ️  Auto-commit process completed[0m
[2025-08-29 20:15:00] [INFO] Starting auto-commit process for bc-express
[2025-08-29 20:15:00] [INFO] Starting auto-commit process for bc-express
[0;34mℹ️  Starting auto-commit process for bc-express[0m
[2025-08-29 20:15:00] [INFO] No changes detected, skipping commit
[2025-08-29 20:15:00] [INFO] No changes detected, skipping commit
[0;34mℹ️  No changes detected, skipping commit[0m
[2025-08-29 20:15:00] [INFO] Auto-commit process completed
[2025-08-29 20:15:00] [INFO] Auto-commit process completed
[0;34mℹ️  Auto-commit process completed[0m
[2025-08-29 20:20:00] [INFO] Starting auto-commit process for bc-express
[2025-08-29 20:20:00] [INFO] Starting auto-commit process for bc-express
[0;34mℹ️  Starting auto-commit process for bc-express[0m
[2025-08-29 20:20:00] [INFO] No changes detected, skipping commit
[2025-08-29 20:20:00] [INFO] No changes detected, skipping commit
[0;34mℹ️  No changes detected, skipping commit[0m
[2025-08-29 20:20:00] [INFO] Auto-commit process completed
[2025-08-29 20:20:00] [INFO] Auto-commit process completed
[0;34mℹ️  Auto-commit process completed[0m
[2025-08-29 20:25:01] [INFO] Starting auto-commit process for bc-express
[2025-08-29 20:25:01] [INFO] Starting auto-commit process for bc-express
[0;34mℹ️  Starting auto-commit process for bc-express[0m
[2025-08-29 20:25:01] [INFO] No changes detected, skipping commit
[2025-08-29 20:25:01] [INFO] No changes detected, skipping commit
[0;34mℹ️  No changes detected, skipping commit[0m
[2025-08-29 20:25:01] [INFO] Auto-commit process completed
[2025-08-29 20:25:01] [INFO] Auto-commit process completed
[0;34mℹ️  Auto-commit process completed[0m
[2025-08-29 20:30:00] [INFO] Starting auto-commit process for bc-express
[2025-08-29 20:30:00] [INFO] Starting auto-commit process for bc-express
[0;34mℹ️  Starting auto-commit process for bc-express[0m
[2025-08-29 20:30:00] [INFO] No changes detected, skipping commit
[2025-08-29 20:30:00] [INFO] No changes detected, skipping commit
[0;34mℹ️  No changes detected, skipping commit[0m
[2025-08-29 20:30:00] [INFO] Auto-commit process completed
[2025-08-29 20:30:00] [INFO] Auto-commit process completed
[0;34mℹ️  Auto-commit process completed[0m
[2025-08-29 20:35:00] [INFO] Starting auto-commit process for bc-express
[2025-08-29 20:35:00] [INFO] Starting auto-commit process for bc-express
[0;34mℹ️  Starting auto-commit process for bc-express[0m
[2025-08-29 20:35:00] [INFO] No changes detected, skipping commit
[2025-08-29 20:35:00] [INFO] No changes detected, skipping commit
[0;34mℹ️  No changes detected, skipping commit[0m
[2025-08-29 20:35:00] [INFO] Auto-commit process completed
[2025-08-29 20:35:00] [INFO] Auto-commit process completed
[0;34mℹ️  Auto-commit process completed[0m
[2025-08-29 20:40:00] [INFO] Starting auto-commit process for bc-express
[2025-08-29 20:40:00] [INFO] Starting auto-commit process for bc-express
[0;34mℹ️  Starting auto-commit process for bc-express[0m
[2025-08-29 20:40:01] [INFO] No changes detected, skipping commit
[2025-08-29 20:40:01] [INFO] No changes detected, skipping commit
[0;34mℹ️  No changes detected, skipping commit[0m
[2025-08-29 20:40:01] [INFO] Auto-commit process completed
[2025-08-29 20:40:01] [INFO] Auto-commit process completed
[0;34mℹ️  Auto-commit process completed[0m
[2025-08-29 20:45:00] [INFO] Starting auto-commit process for bc-express
[2025-08-29 20:45:00] [INFO] Starting auto-commit process for bc-express
[0;34mℹ️  Starting auto-commit process for bc-express[0m
[2025-08-29 20:45:00] [INFO] No changes detected, skipping commit
[2025-08-29 20:45:00] [INFO] No changes detected, skipping commit
[0;34mℹ️  No changes detected, skipping commit[0m
[2025-08-29 20:45:00] [INFO] Auto-commit process completed
[2025-08-29 20:45:00] [INFO] Auto-commit process completed
[0;34mℹ️  Auto-commit process completed[0m
[2025-08-29 20:50:00] [INFO] Starting auto-commit process for bc-express
[2025-08-29 20:50:00] [INFO] Starting auto-commit process for bc-express
[0;34mℹ️  Starting auto-commit process for bc-express[0m
[2025-08-29 20:50:00] [INFO] No changes detected, skipping commit
[2025-08-29 20:50:00] [INFO] No changes detected, skipping commit
[0;34mℹ️  No changes detected, skipping commit[0m
[2025-08-29 20:50:00] [INFO] Auto-commit process completed
[2025-08-29 20:50:00] [INFO] Auto-commit process completed
[0;34mℹ️  Auto-commit process completed[0m
[2025-08-29 20:55:00] [INFO] Starting auto-commit process for bc-express
[2025-08-29 20:55:00] [INFO] Starting auto-commit process for bc-express
[0;34mℹ️  Starting auto-commit process for bc-express[0m
[2025-08-29 20:55:01] [INFO] No changes detected, skipping commit
[2025-08-29 20:55:01] [INFO] No changes detected, skipping commit
[0;34mℹ️  No changes detected, skipping commit[0m
[2025-08-29 20:55:01] [INFO] Auto-commit process completed
[2025-08-29 20:55:01] [INFO] Auto-commit process completed
[0;34mℹ️  Auto-commit process completed[0m
[2025-08-29 21:00:00] [INFO] Starting auto-commit process for bc-express
[2025-08-29 21:00:00] [INFO] Starting auto-commit process for bc-express
[0;34mℹ️  Starting auto-commit process for bc-express[0m
[2025-08-29 21:00:00] [INFO] No changes detected, skipping commit
[2025-08-29 21:00:00] [INFO] No changes detected, skipping commit
[0;34mℹ️  No changes detected, skipping commit[0m
[2025-08-29 21:00:00] [INFO] Auto-commit process completed
[2025-08-29 21:00:00] [INFO] Auto-commit process completed
[0;34mℹ️  Auto-commit process completed[0m
[2025-08-29 21:05:00] [INFO] Starting auto-commit process for bc-express
[2025-08-29 21:05:00] [INFO] Starting auto-commit process for bc-express
[0;34mℹ️  Starting auto-commit process for bc-express[0m
[2025-08-29 21:05:00] [INFO] No changes detected, skipping commit
[2025-08-29 21:05:00] [INFO] No changes detected, skipping commit
[0;34mℹ️  No changes detected, skipping commit[0m
[2025-08-29 21:05:00] [INFO] Auto-commit process completed
[2025-08-29 21:05:00] [INFO] Auto-commit process completed
[0;34mℹ️  Auto-commit process completed[0m
[2025-08-29 21:10:00] [INFO] Starting auto-commit process for bc-express
[2025-08-29 21:10:00] [INFO] Starting auto-commit process for bc-express
[0;34mℹ️  Starting auto-commit process for bc-express[0m
[2025-08-29 21:10:00] [INFO] No changes detected, skipping commit
[2025-08-29 21:10:00] [INFO] No changes detected, skipping commit
[0;34mℹ️  No changes detected, skipping commit[0m
[2025-08-29 21:10:00] [INFO] Auto-commit process completed
[2025-08-29 21:10:00] [INFO] Auto-commit process completed
[0;34mℹ️  Auto-commit process completed[0m
[2025-08-29 21:15:01] [INFO] Starting auto-commit process for bc-express
[2025-08-29 21:15:01] [INFO] Starting auto-commit process for bc-express
[0;34mℹ️  Starting auto-commit process for bc-express[0m
[2025-08-29 21:15:01] [INFO] No changes detected, skipping commit
[2025-08-29 21:15:01] [INFO] No changes detected, skipping commit
[0;34mℹ️  No changes detected, skipping commit[0m
[2025-08-29 21:15:01] [INFO] Auto-commit process completed
[2025-08-29 21:15:01] [INFO] Auto-commit process completed
[0;34mℹ️  Auto-commit process completed[0m
[2025-08-29 21:20:00] [INFO] Starting auto-commit process for bc-express
[2025-08-29 21:20:00] [INFO] Starting auto-commit process for bc-express
[0;34mℹ️  Starting auto-commit process for bc-express[0m
[2025-08-29 21:20:00] [INFO] No changes detected, skipping commit
[2025-08-29 21:20:00] [INFO] No changes detected, skipping commit
[0;34mℹ️  No changes detected, skipping commit[0m
[2025-08-29 21:20:00] [INFO] Auto-commit process completed
[2025-08-29 21:20:00] [INFO] Auto-commit process completed
[0;34mℹ️  Auto-commit process completed[0m
[2025-08-29 21:25:00] [INFO] Starting auto-commit process for bc-express
[2025-08-29 21:25:00] [INFO] Starting auto-commit process for bc-express
[0;34mℹ️  Starting auto-commit process for bc-express[0m
[2025-08-29 21:25:00] [INFO] No changes detected, skipping commit
[2025-08-29 21:25:00] [INFO] No changes detected, skipping commit
[0;34mℹ️  No changes detected, skipping commit[0m
[2025-08-29 21:25:00] [INFO] Auto-commit process completed
[2025-08-29 21:25:00] [INFO] Auto-commit process completed
[0;34mℹ️  Auto-commit process completed[0m
[2025-08-29 21:30:01] [INFO] Starting auto-commit process for bc-express
[2025-08-29 21:30:01] [INFO] Starting auto-commit process for bc-express
[0;34mℹ️  Starting auto-commit process for bc-express[0m
[2025-08-29 21:30:01] [INFO] No changes detected, skipping commit
[2025-08-29 21:30:01] [INFO] No changes detected, skipping commit
[0;34mℹ️  No changes detected, skipping commit[0m
[2025-08-29 21:30:01] [INFO] Auto-commit process completed
[2025-08-29 21:30:01] [INFO] Auto-commit process completed
[0;34mℹ️  Auto-commit process completed[0m
[2025-08-31 23:25:00] [INFO] Starting auto-commit process for bc-express
[2025-08-31 23:25:00] [INFO] Starting auto-commit process for bc-express
[0;34mℹ️  Starting auto-commit process for bc-express[0m
[2025-08-31 23:25:00] [INFO] No changes detected, skipping commit
[2025-08-31 23:25:00] [INFO] No changes detected, skipping commit
[0;34mℹ️  No changes detected, skipping commit[0m
[2025-08-31 23:25:00] [INFO] Auto-commit process completed
[2025-08-31 23:25:00] [INFO] Auto-commit process completed
[0;34mℹ️  Auto-commit process completed[0m
[2025-08-31 23:30:01] [INFO] Starting auto-commit process for bc-express
[2025-08-31 23:30:01] [INFO] Starting auto-commit process for bc-express
[0;34mℹ️  Starting auto-commit process for bc-express[0m
[2025-08-31 23:30:01] [INFO] No changes detected, skipping commit
[2025-08-31 23:30:01] [INFO] No changes detected, skipping commit
[0;34mℹ️  No changes detected, skipping commit[0m
[2025-08-31 23:30:01] [INFO] Auto-commit process completed
[2025-08-31 23:30:01] [INFO] Auto-commit process completed
[0;34mℹ️  Auto-commit process completed[0m
[2025-08-31 23:35:00] [INFO] Starting auto-commit process for bc-express
[2025-08-31 23:35:00] [INFO] Starting auto-commit process for bc-express
[0;34mℹ️  Starting auto-commit process for bc-express[0m
[2025-08-31 23:35:00] [INFO] No changes detected, skipping commit
[2025-08-31 23:35:00] [INFO] No changes detected, skipping commit
[0;34mℹ️  No changes detected, skipping commit[0m
[2025-08-31 23:35:00] [INFO] Auto-commit process completed
[2025-08-31 23:35:00] [INFO] Auto-commit process completed
[0;34mℹ️  Auto-commit process completed[0m
[2025-08-31 23:40:00] [INFO] Starting auto-commit process for bc-express
[2025-08-31 23:40:00] [INFO] Starting auto-commit process for bc-express
[0;34mℹ️  Starting auto-commit process for bc-express[0m
[2025-08-31 23:40:00] [INFO] No changes detected, skipping commit
[2025-08-31 23:40:00] [INFO] No changes detected, skipping commit
[0;34mℹ️  No changes detected, skipping commit[0m
[2025-08-31 23:40:00] [INFO] Auto-commit process completed
[2025-08-31 23:40:00] [INFO] Auto-commit process completed
[0;34mℹ️  Auto-commit process completed[0m
[2025-08-31 23:45:00] [INFO] Starting auto-commit process for bc-express
[2025-08-31 23:45:00] [INFO] Starting auto-commit process for bc-express
[0;34mℹ️  Starting auto-commit process for bc-express[0m
[2025-08-31 23:45:00] [INFO] No changes detected, skipping commit
[2025-08-31 23:45:00] [INFO] No changes detected, skipping commit
[0;34mℹ️  No changes detected, skipping commit[0m
[2025-08-31 23:45:00] [INFO] Auto-commit process completed
[2025-08-31 23:45:00] [INFO] Auto-commit process completed
[0;34mℹ️  Auto-commit process completed[0m
[2025-08-31 23:50:00] [INFO] Starting auto-commit process for bc-express
[2025-08-31 23:50:00] [INFO] Starting auto-commit process for bc-express
[0;34mℹ️  Starting auto-commit process for bc-express[0m
[2025-08-31 23:50:00] [INFO] No changes detected, skipping commit
[2025-08-31 23:50:00] [INFO] No changes detected, skipping commit
[0;34mℹ️  No changes detected, skipping commit[0m
[2025-08-31 23:50:00] [INFO] Auto-commit process completed
[2025-08-31 23:50:00] [INFO] Auto-commit process completed
[0;34mℹ️  Auto-commit process completed[0m
[2025-08-31 23:55:01] [INFO] Starting auto-commit process for bc-express
[2025-08-31 23:55:01] [INFO] Starting auto-commit process for bc-express
[0;34mℹ️  Starting auto-commit process for bc-express[0m
[2025-08-31 23:55:01] [INFO] No changes detected, skipping commit
[2025-08-31 23:55:01] [INFO] No changes detected, skipping commit
[0;34mℹ️  No changes detected, skipping commit[0m
[2025-08-31 23:55:01] [INFO] Auto-commit process completed
[2025-08-31 23:55:01] [INFO] Auto-commit process completed
[0;34mℹ️  Auto-commit process completed[0m
[2025-09-01 00:00:00] [INFO] Starting auto-commit process for bc-express
[2025-09-01 00:00:00] [INFO] Starting auto-commit process for bc-express
[0;34mℹ️  Starting auto-commit process for bc-express[0m
[2025-09-01 00:00:00] [INFO] No changes detected, skipping commit
[2025-09-01 00:00:00] [INFO] No changes detected, skipping commit
[0;34mℹ️  No changes detected, skipping commit[0m
[2025-09-01 00:00:00] [INFO] Auto-commit process completed
[2025-09-01 00:00:00] [INFO] Auto-commit process completed
[0;34mℹ️  Auto-commit process completed[0m
[2025-09-01 00:05:00] [INFO] Starting auto-commit process for bc-express
[2025-09-01 00:05:00] [INFO] Starting auto-commit process for bc-express
[0;34mℹ️  Starting auto-commit process for bc-express[0m
[2025-09-01 00:05:00] [INFO] No changes detected, skipping commit
[2025-09-01 00:05:00] [INFO] No changes detected, skipping commit
[0;34mℹ️  No changes detected, skipping commit[0m
[2025-09-01 00:05:00] [INFO] Auto-commit process completed
[2025-09-01 00:05:00] [INFO] Auto-commit process completed
[0;34mℹ️  Auto-commit process completed[0m
[2025-09-01 00:10:00] [INFO] Starting auto-commit process for bc-express
[2025-09-01 00:10:00] [INFO] Starting auto-commit process for bc-express
[0;34mℹ️  Starting auto-commit process for bc-express[0m
[2025-09-01 00:10:00] [INFO] No changes detected, skipping commit
[2025-09-01 00:10:00] [INFO] No changes detected, skipping commit
[0;34mℹ️  No changes detected, skipping commit[0m
[2025-09-01 00:10:00] [INFO] Auto-commit process completed
[2025-09-01 00:10:00] [INFO] Auto-commit process completed
[0;34mℹ️  Auto-commit process completed[0m
[2025-09-01 21:20:00] [INFO] Starting auto-commit process for bc-express
[2025-09-01 21:20:00] [INFO] Starting auto-commit process for bc-express
[0;34mℹ️  Starting auto-commit process for bc-express[0m
[2025-09-01 21:20:00] [INFO] No changes detected, skipping commit
[2025-09-01 21:20:00] [INFO] No changes detected, skipping commit
[0;34mℹ️  No changes detected, skipping commit[0m
[2025-09-01 21:20:00] [INFO] Auto-commit process completed
[2025-09-01 21:20:00] [INFO] Auto-commit process completed
[0;34mℹ️  Auto-commit process completed[0m
[2025-09-01 21:25:01] [INFO] Starting auto-commit process for bc-express
[2025-09-01 21:25:01] [INFO] Starting auto-commit process for bc-express
[0;34mℹ️  Starting auto-commit process for bc-express[0m
[2025-09-01 21:25:01] [INFO] No changes detected, skipping commit
[2025-09-01 21:25:01] [INFO] No changes detected, skipping commit
[0;34mℹ️  No changes detected, skipping commit[0m
[2025-09-01 21:25:01] [INFO] Auto-commit process completed
[2025-09-01 21:25:01] [INFO] Auto-commit process completed
[0;34mℹ️  Auto-commit process completed[0m
[2025-09-01 21:30:00] [INFO] Starting auto-commit process for bc-express
[2025-09-01 21:30:00] [INFO] Starting auto-commit process for bc-express
[0;34mℹ️  Starting auto-commit process for bc-express[0m
[2025-09-01 21:30:00] [INFO] No changes detected, skipping commit
[2025-09-01 21:30:00] [INFO] No changes detected, skipping commit
[0;34mℹ️  No changes detected, skipping commit[0m
[2025-09-01 21:30:00] [INFO] Auto-commit process completed
[2025-09-01 21:30:00] [INFO] Auto-commit process completed
[0;34mℹ️  Auto-commit process completed[0m
[2025-09-01 21:35:00] [INFO] Starting auto-commit process for bc-express
[2025-09-01 21:35:00] [INFO] Starting auto-commit process for bc-express
[0;34mℹ️  Starting auto-commit process for bc-express[0m
[2025-09-01 21:35:00] [INFO] No changes detected, skipping commit
[2025-09-01 21:35:00] [INFO] No changes detected, skipping commit
[0;34mℹ️  No changes detected, skipping commit[0m
[2025-09-01 21:35:00] [INFO] Auto-commit process completed
[2025-09-01 21:35:00] [INFO] Auto-commit process completed
[0;34mℹ️  Auto-commit process completed[0m
[2025-09-01 21:40:01] [INFO] Starting auto-commit process for bc-express
[2025-09-01 21:40:01] [INFO] Starting auto-commit process for bc-express
[0;34mℹ️  Starting auto-commit process for bc-express[0m
[2025-09-01 21:40:01] [INFO] No changes detected, skipping commit
[2025-09-01 21:40:01] [INFO] No changes detected, skipping commit
[0;34mℹ️  No changes detected, skipping commit[0m
[2025-09-01 21:40:01] [INFO] Auto-commit process completed
[2025-09-01 21:40:01] [INFO] Auto-commit process completed
[0;34mℹ️  Auto-commit process completed[0m
[2025-09-01 21:45:00] [INFO] Starting auto-commit process for bc-express
[2025-09-01 21:45:00] [INFO] Starting auto-commit process for bc-express
[0;34mℹ️  Starting auto-commit process for bc-express[0m
[2025-09-01 21:45:00] [INFO] No changes detected, skipping commit
[2025-09-01 21:45:00] [INFO] No changes detected, skipping commit
[0;34mℹ️  No changes detected, skipping commit[0m
[2025-09-01 21:45:00] [INFO] Auto-commit process completed
[2025-09-01 21:45:00] [INFO] Auto-commit process completed
[0;34mℹ️  Auto-commit process completed[0m
[2025-09-01 21:50:00] [INFO] Starting auto-commit process for bc-express
[2025-09-01 21:50:00] [INFO] Starting auto-commit process for bc-express
[0;34mℹ️  Starting auto-commit process for bc-express[0m
[2025-09-01 21:50:00] [INFO] No changes detected, skipping commit
[2025-09-01 21:50:00] [INFO] No changes detected, skipping commit
[0;34mℹ️  No changes detected, skipping commit[0m
[2025-09-01 21:50:00] [INFO] Auto-commit process completed
[2025-09-01 21:50:00] [INFO] Auto-commit process completed
[0;34mℹ️  Auto-commit process completed[0m
[2025-09-01 21:55:01] [INFO] Starting auto-commit process for bc-express
[2025-09-01 21:55:01] [INFO] Starting auto-commit process for bc-express
[0;34mℹ️  Starting auto-commit process for bc-express[0m
[2025-09-01 21:55:01] [INFO] No changes detected, skipping commit
[2025-09-01 21:55:01] [INFO] No changes detected, skipping commit
[0;34mℹ️  No changes detected, skipping commit[0m
[2025-09-01 21:55:01] [INFO] Auto-commit process completed
[2025-09-01 21:55:01] [INFO] Auto-commit process completed
[0;34mℹ️  Auto-commit process completed[0m
[2025-09-01 22:00:01] [INFO] Starting auto-commit process for bc-express
[2025-09-01 22:00:01] [INFO] Starting auto-commit process for bc-express
[0;34mℹ️  Starting auto-commit process for bc-express[0m
[2025-09-01 22:00:01] [INFO] No changes detected, skipping commit
[2025-09-01 22:00:01] [INFO] No changes detected, skipping commit
[0;34mℹ️  No changes detected, skipping commit[0m
[2025-09-01 22:00:01] [INFO] Auto-commit process completed
[2025-09-01 22:00:01] [INFO] Auto-commit process completed
[0;34mℹ️  Auto-commit process completed[0m
[2025-09-01 22:05:00] [INFO] Starting auto-commit process for bc-express
[2025-09-01 22:05:00] [INFO] Starting auto-commit process for bc-express
[0;34mℹ️  Starting auto-commit process for bc-express[0m
[2025-09-01 22:05:00] [INFO] No changes detected, skipping commit
[2025-09-01 22:05:00] [INFO] No changes detected, skipping commit
[0;34mℹ️  No changes detected, skipping commit[0m
[2025-09-01 22:05:00] [INFO] Auto-commit process completed
[2025-09-01 22:05:00] [INFO] Auto-commit process completed
[0;34mℹ️  Auto-commit process completed[0m
[2025-09-01 22:10:01] [INFO] Starting auto-commit process for bc-express
[2025-09-01 22:10:01] [INFO] Starting auto-commit process for bc-express
[0;34mℹ️  Starting auto-commit process for bc-express[0m
[2025-09-01 22:10:01] [INFO] No changes detected, skipping commit
[2025-09-01 22:10:01] [INFO] No changes detected, skipping commit
[0;34mℹ️  No changes detected, skipping commit[0m
[2025-09-01 22:10:01] [INFO] Auto-commit process completed
[2025-09-01 22:10:01] [INFO] Auto-commit process completed
[0;34mℹ️  Auto-commit process completed[0m
[2025-09-01 22:15:00] [INFO] Starting auto-commit process for bc-express
[2025-09-01 22:15:00] [INFO] Starting auto-commit process for bc-express
[0;34mℹ️  Starting auto-commit process for bc-express[0m
[2025-09-01 22:15:00] [INFO] No changes detected, skipping commit
[2025-09-01 22:15:00] [INFO] No changes detected, skipping commit
[0;34mℹ️  No changes detected, skipping commit[0m
[2025-09-01 22:15:00] [INFO] Auto-commit process completed
[2025-09-01 22:15:00] [INFO] Auto-commit process completed
[0;34mℹ️  Auto-commit process completed[0m
[2025-09-01 22:20:01] [INFO] Starting auto-commit process for bc-express
[2025-09-01 22:20:01] [INFO] Starting auto-commit process for bc-express
[0;34mℹ️  Starting auto-commit process for bc-express[0m
[2025-09-01 22:20:01] [INFO] No changes detected, skipping commit
[2025-09-01 22:20:01] [INFO] No changes detected, skipping commit
[0;34mℹ️  No changes detected, skipping commit[0m
[2025-09-01 22:20:01] [INFO] Auto-commit process completed
[2025-09-01 22:20:01] [INFO] Auto-commit process completed
[0;34mℹ️  Auto-commit process completed[0m
[2025-09-01 22:25:00] [INFO] Starting auto-commit process for bc-express
[2025-09-01 22:25:00] [INFO] Starting auto-commit process for bc-express
[0;34mℹ️  Starting auto-commit process for bc-express[0m
[2025-09-01 22:25:00] [INFO] No changes detected, skipping commit
[2025-09-01 22:25:00] [INFO] No changes detected, skipping commit
[0;34mℹ️  No changes detected, skipping commit[0m
[2025-09-01 22:25:00] [INFO] Auto-commit process completed
[2025-09-01 22:25:00] [INFO] Auto-commit process completed
[0;34mℹ️  Auto-commit process completed[0m
[2025-09-01 22:30:01] [INFO] Starting auto-commit process for bc-express
[2025-09-01 22:30:01] [INFO] Starting auto-commit process for bc-express
[0;34mℹ️  Starting auto-commit process for bc-express[0m
[2025-09-01 22:30:01] [INFO] No changes detected, skipping commit
[2025-09-01 22:30:01] [INFO] No changes detected, skipping commit
[0;34mℹ️  No changes detected, skipping commit[0m
[2025-09-01 22:30:01] [INFO] Auto-commit process completed
[2025-09-01 22:30:01] [INFO] Auto-commit process completed
[0;34mℹ️  Auto-commit process completed[0m
[2025-09-01 22:35:00] [INFO] Starting auto-commit process for bc-express
[2025-09-01 22:35:00] [INFO] Starting auto-commit process for bc-express
[0;34mℹ️  Starting auto-commit process for bc-express[0m
[2025-09-01 22:35:00] [INFO] No changes detected, skipping commit
[2025-09-01 22:35:00] [INFO] No changes detected, skipping commit
[0;34mℹ️  No changes detected, skipping commit[0m
[2025-09-01 22:35:00] [INFO] Auto-commit process completed
[2025-09-01 22:35:00] [INFO] Auto-commit process completed
[0;34mℹ️  Auto-commit process completed[0m
[2025-09-01 22:40:01] [INFO] Starting auto-commit process for bc-express
[2025-09-01 22:40:01] [INFO] Starting auto-commit process for bc-express
[0;34mℹ️  Starting auto-commit process for bc-express[0m
[2025-09-01 22:40:01] [INFO] No changes detected, skipping commit
[2025-09-01 22:40:01] [INFO] No changes detected, skipping commit
[0;34mℹ️  No changes detected, skipping commit[0m
[2025-09-01 22:40:01] [INFO] Auto-commit process completed
[2025-09-01 22:40:01] [INFO] Auto-commit process completed
[0;34mℹ️  Auto-commit process completed[0m
[2025-09-01 22:45:00] [INFO] Starting auto-commit process for bc-express
[2025-09-01 22:45:00] [INFO] Starting auto-commit process for bc-express
[0;34mℹ️  Starting auto-commit process for bc-express[0m
[2025-09-01 22:45:00] [INFO] No changes detected, skipping commit
[2025-09-01 22:45:00] [INFO] No changes detected, skipping commit
[0;34mℹ️  No changes detected, skipping commit[0m
[2025-09-01 22:45:00] [INFO] Auto-commit process completed
[2025-09-01 22:45:00] [INFO] Auto-commit process completed
[0;34mℹ️  Auto-commit process completed[0m
[2025-09-01 22:50:01] [INFO] Starting auto-commit process for bc-express
[2025-09-01 22:50:01] [INFO] Starting auto-commit process for bc-express
[0;34mℹ️  Starting auto-commit process for bc-express[0m
[2025-09-01 22:50:01] [INFO] No changes detected, skipping commit
[2025-09-01 22:50:01] [INFO] No changes detected, skipping commit
[0;34mℹ️  No changes detected, skipping commit[0m
[2025-09-01 22:50:01] [INFO] Auto-commit process completed
[2025-09-01 22:50:01] [INFO] Auto-commit process completed
[0;34mℹ️  Auto-commit process completed[0m
[2025-09-01 22:55:00] [INFO] Starting auto-commit process for bc-express
[2025-09-01 22:55:00] [INFO] Starting auto-commit process for bc-express
[0;34mℹ️  Starting auto-commit process for bc-express[0m
[2025-09-01 22:55:00] [INFO] No changes detected, skipping commit
[2025-09-01 22:55:00] [INFO] No changes detected, skipping commit
[0;34mℹ️  No changes detected, skipping commit[0m
[2025-09-01 22:55:00] [INFO] Auto-commit process completed
[2025-09-01 22:55:00] [INFO] Auto-commit process completed
[0;34mℹ️  Auto-commit process completed[0m
[2025-09-01 23:00:01] [INFO] Starting auto-commit process for bc-express
[2025-09-01 23:00:01] [INFO] Starting auto-commit process for bc-express
[0;34mℹ️  Starting auto-commit process for bc-express[0m
[2025-09-01 23:00:01] [INFO] No changes detected, skipping commit
[2025-09-01 23:00:01] [INFO] No changes detected, skipping commit
[0;34mℹ️  No changes detected, skipping commit[0m
[2025-09-01 23:00:01] [INFO] Auto-commit process completed
[2025-09-01 23:00:01] [INFO] Auto-commit process completed
[0;34mℹ️  Auto-commit process completed[0m
[2025-09-01 23:05:00] [INFO] Starting auto-commit process for bc-express
[2025-09-01 23:05:00] [INFO] Starting auto-commit process for bc-express
[0;34mℹ️  Starting auto-commit process for bc-express[0m
[2025-09-01 23:05:00] [INFO] No changes detected, skipping commit
[2025-09-01 23:05:00] [INFO] No changes detected, skipping commit
[0;34mℹ️  No changes detected, skipping commit[0m
[2025-09-01 23:05:00] [INFO] Auto-commit process completed
[2025-09-01 23:05:00] [INFO] Auto-commit process completed
[0;34mℹ️  Auto-commit process completed[0m
[2025-09-01 23:10:00] [INFO] Starting auto-commit process for bc-express
[2025-09-01 23:10:00] [INFO] Starting auto-commit process for bc-express
[0;34mℹ️  Starting auto-commit process for bc-express[0m
[2025-09-01 23:10:01] [INFO] No changes detected, skipping commit
[2025-09-01 23:10:01] [INFO] No changes detected, skipping commit
[0;34mℹ️  No changes detected, skipping commit[0m
[2025-09-01 23:10:01] [INFO] Auto-commit process completed
[2025-09-01 23:10:01] [INFO] Auto-commit process completed
[0;34mℹ️  Auto-commit process completed[0m
[2025-09-01 23:15:00] [INFO] Starting auto-commit process for bc-express
[2025-09-01 23:15:00] [INFO] Starting auto-commit process for bc-express
[0;34mℹ️  Starting auto-commit process for bc-express[0m
[2025-09-01 23:15:00] [INFO] No changes detected, skipping commit
[2025-09-01 23:15:00] [INFO] No changes detected, skipping commit
[0;34mℹ️  No changes detected, skipping commit[0m
[2025-09-01 23:15:00] [INFO] Auto-commit process completed
[2025-09-01 23:15:00] [INFO] Auto-commit process completed
[0;34mℹ️  Auto-commit process completed[0m
[2025-09-01 23:20:00] [INFO] Starting auto-commit process for bc-express
[2025-09-01 23:20:00] [INFO] Starting auto-commit process for bc-express
[0;34mℹ️  Starting auto-commit process for bc-express[0m
[2025-09-01 23:20:00] [INFO] No changes detected, skipping commit
[2025-09-01 23:20:00] [INFO] No changes detected, skipping commit
[0;34mℹ️  No changes detected, skipping commit[0m
[2025-09-01 23:20:00] [INFO] Auto-commit process completed
[2025-09-01 23:20:00] [INFO] Auto-commit process completed
[0;34mℹ️  Auto-commit process completed[0m
[2025-09-01 23:25:00] [INFO] Starting auto-commit process for bc-express
[2025-09-01 23:25:00] [INFO] Starting auto-commit process for bc-express
[0;34mℹ️  Starting auto-commit process for bc-express[0m
[2025-09-01 23:25:00] [INFO] No changes detected, skipping commit
[2025-09-01 23:25:00] [INFO] No changes detected, skipping commit
[0;34mℹ️  No changes detected, skipping commit[0m
[2025-09-01 23:25:00] [INFO] Auto-commit process completed
[2025-09-01 23:25:00] [INFO] Auto-commit process completed
[0;34mℹ️  Auto-commit process completed[0m
[2025-09-01 23:30:01] [INFO] Starting auto-commit process for bc-express
[2025-09-01 23:30:01] [INFO] Starting auto-commit process for bc-express
[0;34mℹ️  Starting auto-commit process for bc-express[0m
[2025-09-01 23:30:01] [INFO] No changes detected, skipping commit
[2025-09-01 23:30:01] [INFO] No changes detected, skipping commit
[0;34mℹ️  No changes detected, skipping commit[0m
[2025-09-01 23:30:01] [INFO] Auto-commit process completed
[2025-09-01 23:30:01] [INFO] Auto-commit process completed
[0;34mℹ️  Auto-commit process completed[0m
[2025-09-01 23:35:00] [INFO] Starting auto-commit process for bc-express
[2025-09-01 23:35:00] [INFO] Starting auto-commit process for bc-express
[0;34mℹ️  Starting auto-commit process for bc-express[0m
[2025-09-01 23:35:00] [INFO] No changes detected, skipping commit
[2025-09-01 23:35:00] [INFO] No changes detected, skipping commit
[0;34mℹ️  No changes detected, skipping commit[0m
[2025-09-01 23:35:00] [INFO] Auto-commit process completed
[2025-09-01 23:35:00] [INFO] Auto-commit process completed
[0;34mℹ️  Auto-commit process completed[0m
[2025-09-01 23:40:00] [INFO] Starting auto-commit process for bc-express
[2025-09-01 23:40:00] [INFO] Starting auto-commit process for bc-express
[0;34mℹ️  Starting auto-commit process for bc-express[0m
[2025-09-01 23:40:00] [INFO] No changes detected, skipping commit
[2025-09-01 23:40:00] [INFO] No changes detected, skipping commit
[0;34mℹ️  No changes detected, skipping commit[0m
[2025-09-01 23:40:00] [INFO] Auto-commit process completed
[2025-09-01 23:40:00] [INFO] Auto-commit process completed
[0;34mℹ️  Auto-commit process completed[0m
[2025-09-01 23:45:01] [INFO] Starting auto-commit process for bc-express
[2025-09-01 23:45:01] [INFO] Starting auto-commit process for bc-express
[0;34mℹ️  Starting auto-commit process for bc-express[0m
[2025-09-01 23:45:02] [INFO] No changes detected, skipping commit
[2025-09-01 23:45:02] [INFO] No changes detected, skipping commit
[0;34mℹ️  No changes detected, skipping commit[0m
[2025-09-01 23:45:02] [INFO] Auto-commit process completed
[2025-09-01 23:45:02] [INFO] Auto-commit process completed
[0;34mℹ️  Auto-commit process completed[0m
[2025-09-01 23:50:00] [INFO] Starting auto-commit process for bc-express
[2025-09-01 23:50:00] [INFO] Starting auto-commit process for bc-express
[0;34mℹ️  Starting auto-commit process for bc-express[0m
[2025-09-01 23:50:01] [INFO] No changes detected, skipping commit
[2025-09-01 23:50:01] [INFO] No changes detected, skipping commit
[0;34mℹ️  No changes detected, skipping commit[0m
[2025-09-01 23:50:01] [INFO] Auto-commit process completed
[2025-09-01 23:50:01] [INFO] Auto-commit process completed
[0;34mℹ️  Auto-commit process completed[0m
[2025-09-01 23:55:01] [INFO] Starting auto-commit process for bc-express
[2025-09-01 23:55:01] [INFO] Starting auto-commit process for bc-express
[0;34mℹ️  Starting auto-commit process for bc-express[0m
[2025-09-01 23:55:01] [INFO] No changes detected, skipping commit
[2025-09-01 23:55:01] [INFO] No changes detected, skipping commit
[0;34mℹ️  No changes detected, skipping commit[0m
[2025-09-01 23:55:01] [INFO] Auto-commit process completed
[2025-09-01 23:55:01] [INFO] Auto-commit process completed
[0;34mℹ️  Auto-commit process completed[0m
[2025-09-02 00:00:00] [INFO] Starting auto-commit process for bc-express
[2025-09-02 00:00:00] [INFO] Starting auto-commit process for bc-express
[0;34mℹ️  Starting auto-commit process for bc-express[0m
[2025-09-02 00:00:00] [INFO] No changes detected, skipping commit
[2025-09-02 00:00:00] [INFO] No changes detected, skipping commit
[0;34mℹ️  No changes detected, skipping commit[0m
[2025-09-02 00:00:00] [INFO] Auto-commit process completed
[2025-09-02 00:00:00] [INFO] Auto-commit process completed
[0;34mℹ️  Auto-commit process completed[0m
[2025-09-02 00:05:00] [INFO] Starting auto-commit process for bc-express
[2025-09-02 00:05:00] [INFO] Starting auto-commit process for bc-express
[0;34mℹ️  Starting auto-commit process for bc-express[0m
[2025-09-02 00:05:00] [INFO] No changes detected, skipping commit
[2025-09-02 00:05:00] [INFO] No changes detected, skipping commit
[0;34mℹ️  No changes detected, skipping commit[0m
[2025-09-02 00:05:00] [INFO] Auto-commit process completed
[2025-09-02 00:05:00] [INFO] Auto-commit process completed
[0;34mℹ️  Auto-commit process completed[0m
[2025-09-02 08:30:00] [INFO] Starting auto-commit process for bc-express
[2025-09-02 08:30:00] [INFO] Starting auto-commit process for bc-express
[0;34mℹ️  Starting auto-commit process for bc-express[0m
[2025-09-02 08:30:01] [INFO] No changes detected, skipping commit
[2025-09-02 08:30:01] [INFO] No changes detected, skipping commit
[0;34mℹ️  No changes detected, skipping commit[0m
[2025-09-02 08:30:01] [INFO] Auto-commit process completed
[2025-09-02 08:30:01] [INFO] Auto-commit process completed
[0;34mℹ️  Auto-commit process completed[0m
[2025-09-02 08:35:00] [INFO] Starting auto-commit process for bc-express
[2025-09-02 08:35:00] [INFO] Starting auto-commit process for bc-express
[0;34mℹ️  Starting auto-commit process for bc-express[0m
[2025-09-02 08:35:00] [INFO] No changes detected, skipping commit
[2025-09-02 08:35:00] [INFO] No changes detected, skipping commit
[0;34mℹ️  No changes detected, skipping commit[0m
[2025-09-02 08:35:00] [INFO] Auto-commit process completed
[2025-09-02 08:35:00] [INFO] Auto-commit process completed
[0;34mℹ️  Auto-commit process completed[0m
[2025-09-02 08:40:00] [INFO] Starting auto-commit process for bc-express
[2025-09-02 08:40:00] [INFO] Starting auto-commit process for bc-express
[0;34mℹ️  Starting auto-commit process for bc-express[0m
[2025-09-02 08:40:00] [INFO] No changes detected, skipping commit
[2025-09-02 08:40:00] [INFO] No changes detected, skipping commit
[0;34mℹ️  No changes detected, skipping commit[0m
[2025-09-02 08:40:00] [INFO] Auto-commit process completed
[2025-09-02 08:40:00] [INFO] Auto-commit process completed
[0;34mℹ️  Auto-commit process completed[0m
[2025-09-02 08:45:00] [INFO] Starting auto-commit process for bc-express
[2025-09-02 08:45:00] [INFO] Starting auto-commit process for bc-express
[0;34mℹ️  Starting auto-commit process for bc-express[0m
[2025-09-02 08:45:00] [INFO] No changes detected, skipping commit
[2025-09-02 08:45:00] [INFO] No changes detected, skipping commit
[0;34mℹ️  No changes detected, skipping commit[0m
[2025-09-02 08:45:00] [INFO] Auto-commit process completed
[2025-09-02 08:45:00] [INFO] Auto-commit process completed
[0;34mℹ️  Auto-commit process completed[0m
[2025-09-02 08:50:01] [INFO] Starting auto-commit process for bc-express
[2025-09-02 08:50:01] [INFO] Starting auto-commit process for bc-express
[0;34mℹ️  Starting auto-commit process for bc-express[0m
[2025-09-02 08:50:01] [INFO] No changes detected, skipping commit
[2025-09-02 08:50:01] [INFO] No changes detected, skipping commit
[0;34mℹ️  No changes detected, skipping commit[0m
[2025-09-02 08:50:01] [INFO] Auto-commit process completed
[2025-09-02 08:50:01] [INFO] Auto-commit process completed
[0;34mℹ️  Auto-commit process completed[0m
[2025-09-02 08:55:00] [INFO] Starting auto-commit process for bc-express
[2025-09-02 08:55:00] [INFO] Starting auto-commit process for bc-express
[0;34mℹ️  Starting auto-commit process for bc-express[0m
[2025-09-02 08:55:00] [INFO] No changes detected, skipping commit
[2025-09-02 08:55:00] [INFO] No changes detected, skipping commit
[0;34mℹ️  No changes detected, skipping commit[0m
[2025-09-02 08:55:00] [INFO] Auto-commit process completed
[2025-09-02 08:55:00] [INFO] Auto-commit process completed
[0;34mℹ️  Auto-commit process completed[0m
[2025-09-02 09:00:00] [INFO] Starting auto-commit process for bc-express
[2025-09-02 09:00:00] [INFO] Starting auto-commit process for bc-express
[0;34mℹ️  Starting auto-commit process for bc-express[0m
[2025-09-02 09:00:00] [INFO] No changes detected, skipping commit
[2025-09-02 09:00:00] [INFO] No changes detected, skipping commit
[0;34mℹ️  No changes detected, skipping commit[0m
[2025-09-02 09:00:00] [INFO] Auto-commit process completed
[2025-09-02 09:00:00] [INFO] Auto-commit process completed
[0;34mℹ️  Auto-commit process completed[0m
[2025-09-02 09:05:00] [INFO] Starting auto-commit process for bc-express
[2025-09-02 09:05:00] [INFO] Starting auto-commit process for bc-express
[0;34mℹ️  Starting auto-commit process for bc-express[0m
[2025-09-02 09:05:00] [INFO] No changes detected, skipping commit
[2025-09-02 09:05:00] [INFO] No changes detected, skipping commit
[0;34mℹ️  No changes detected, skipping commit[0m
[2025-09-02 09:05:00] [INFO] Auto-commit process completed
[2025-09-02 09:05:00] [INFO] Auto-commit process completed
[0;34mℹ️  Auto-commit process completed[0m
[2025-09-02 09:10:00] [INFO] Starting auto-commit process for bc-express
[2025-09-02 09:10:00] [INFO] Starting auto-commit process for bc-express
[0;34mℹ️  Starting auto-commit process for bc-express[0m
[2025-09-02 09:10:00] [INFO] No changes detected, skipping commit
[2025-09-02 09:10:00] [INFO] No changes detected, skipping commit
[0;34mℹ️  No changes detected, skipping commit[0m
[2025-09-02 09:10:00] [INFO] Auto-commit process completed
[2025-09-02 09:10:00] [INFO] Auto-commit process completed
[0;34mℹ️  Auto-commit process completed[0m
[2025-09-02 09:15:01] [INFO] Starting auto-commit process for bc-express
[2025-09-02 09:15:01] [INFO] Starting auto-commit process for bc-express
[0;34mℹ️  Starting auto-commit process for bc-express[0m
[2025-09-02 09:15:01] [INFO] No changes detected, skipping commit
[2025-09-02 09:15:01] [INFO] No changes detected, skipping commit
[0;34mℹ️  No changes detected, skipping commit[0m
[2025-09-02 09:15:01] [INFO] Auto-commit process completed
[2025-09-02 09:15:01] [INFO] Auto-commit process completed
[0;34mℹ️  Auto-commit process completed[0m
[2025-09-02 09:20:00] [INFO] Starting auto-commit process for bc-express
[2025-09-02 09:20:00] [INFO] Starting auto-commit process for bc-express
[0;34mℹ️  Starting auto-commit process for bc-express[0m
[2025-09-02 09:20:00] [INFO] No changes detected, skipping commit
[2025-09-02 09:20:00] [INFO] No changes detected, skipping commit
[0;34mℹ️  No changes detected, skipping commit[0m
[2025-09-02 09:20:00] [INFO] Auto-commit process completed
[2025-09-02 09:20:00] [INFO] Auto-commit process completed
[0;34mℹ️  Auto-commit process completed[0m
[2025-09-02 09:25:00] [INFO] Starting auto-commit process for bc-express
[2025-09-02 09:25:00] [INFO] Starting auto-commit process for bc-express
[0;34mℹ️  Starting auto-commit process for bc-express[0m
[2025-09-02 09:25:00] [INFO] No changes detected, skipping commit
[2025-09-02 09:25:00] [INFO] No changes detected, skipping commit
[0;34mℹ️  No changes detected, skipping commit[0m
[2025-09-02 09:25:00] [INFO] Auto-commit process completed
[2025-09-02 09:25:00] [INFO] Auto-commit process completed
[0;34mℹ️  Auto-commit process completed[0m
[2025-09-02 09:30:00] [INFO] Starting auto-commit process for bc-express
[2025-09-02 09:30:00] [INFO] Starting auto-commit process for bc-express
[0;34mℹ️  Starting auto-commit process for bc-express[0m
[2025-09-02 09:30:00] [INFO] No changes detected, skipping commit
[2025-09-02 09:30:00] [INFO] No changes detected, skipping commit
[0;34mℹ️  No changes detected, skipping commit[0m
[2025-09-02 09:30:00] [INFO] Auto-commit process completed
[2025-09-02 09:30:00] [INFO] Auto-commit process completed
[0;34mℹ️  Auto-commit process completed[0m
[2025-09-02 09:35:00] [INFO] Starting auto-commit process for bc-express
[2025-09-02 09:35:00] [INFO] Starting auto-commit process for bc-express
[0;34mℹ️  Starting auto-commit process for bc-express[0m
[2025-09-02 09:35:00] [INFO] No changes detected, skipping commit
[2025-09-02 09:35:00] [INFO] No changes detected, skipping commit
[0;34mℹ️  No changes detected, skipping commit[0m
[2025-09-02 09:35:00] [INFO] Auto-commit process completed
[2025-09-02 09:35:00] [INFO] Auto-commit process completed
[0;34mℹ️  Auto-commit process completed[0m
[2025-09-02 09:40:01] [INFO] Starting auto-commit process for bc-express
[2025-09-02 09:40:01] [INFO] Starting auto-commit process for bc-express
[0;34mℹ️  Starting auto-commit process for bc-express[0m
[2025-09-02 09:40:01] [INFO] No changes detected, skipping commit
[2025-09-02 09:40:01] [INFO] No changes detected, skipping commit
[0;34mℹ️  No changes detected, skipping commit[0m
[2025-09-02 09:40:01] [INFO] Auto-commit process completed
[2025-09-02 09:40:01] [INFO] Auto-commit process completed
[0;34mℹ️  Auto-commit process completed[0m
[2025-09-02 09:45:00] [INFO] Starting auto-commit process for bc-express
[2025-09-02 09:45:00] [INFO] Starting auto-commit process for bc-express
[0;34mℹ️  Starting auto-commit process for bc-express[0m
[2025-09-02 09:45:00] [INFO] No changes detected, skipping commit
[2025-09-02 09:45:00] [INFO] No changes detected, skipping commit
[0;34mℹ️  No changes detected, skipping commit[0m
[2025-09-02 09:45:00] [INFO] Auto-commit process completed
[2025-09-02 09:45:00] [INFO] Auto-commit process completed
[0;34mℹ️  Auto-commit process completed[0m
[2025-09-02 09:50:00] [INFO] Starting auto-commit process for bc-express
[2025-09-02 09:50:00] [INFO] Starting auto-commit process for bc-express
[0;34mℹ️  Starting auto-commit process for bc-express[0m
[2025-09-02 09:50:00] [INFO] No changes detected, skipping commit
[2025-09-02 09:50:00] [INFO] No changes detected, skipping commit
[0;34mℹ️  No changes detected, skipping commit[0m
[2025-09-02 09:50:00] [INFO] Auto-commit process completed
[2025-09-02 09:50:00] [INFO] Auto-commit process completed
[0;34mℹ️  Auto-commit process completed[0m
[2025-09-02 09:55:00] [INFO] Starting auto-commit process for bc-express
[2025-09-02 09:55:00] [INFO] Starting auto-commit process for bc-express
[0;34mℹ️  Starting auto-commit process for bc-express[0m
[2025-09-02 09:55:00] [INFO] No changes detected, skipping commit
[2025-09-02 09:55:00] [INFO] No changes detected, skipping commit
[0;34mℹ️  No changes detected, skipping commit[0m
[2025-09-02 09:55:00] [INFO] Auto-commit process completed
[2025-09-02 09:55:00] [INFO] Auto-commit process completed
[0;34mℹ️  Auto-commit process completed[0m
[2025-09-02 10:00:00] [INFO] Starting auto-commit process for bc-express
[2025-09-02 10:00:00] [INFO] Starting auto-commit process for bc-express
[0;34mℹ️  Starting auto-commit process for bc-express[0m
[2025-09-02 10:00:00] [INFO] No changes detected, skipping commit
[2025-09-02 10:00:00] [INFO] No changes detected, skipping commit
[0;34mℹ️  No changes detected, skipping commit[0m
[2025-09-02 10:00:00] [INFO] Auto-commit process completed
[2025-09-02 10:00:00] [INFO] Auto-commit process completed
[0;34mℹ️  Auto-commit process completed[0m
[2025-09-02 10:05:01] [INFO] Starting auto-commit process for bc-express
[2025-09-02 10:05:01] [INFO] Starting auto-commit process for bc-express
[0;34mℹ️  Starting auto-commit process for bc-express[0m
[2025-09-02 10:05:01] [INFO] No changes detected, skipping commit
[2025-09-02 10:05:01] [INFO] No changes detected, skipping commit
[0;34mℹ️  No changes detected, skipping commit[0m
[2025-09-02 10:05:01] [INFO] Auto-commit process completed
[2025-09-02 10:05:01] [INFO] Auto-commit process completed
[0;34mℹ️  Auto-commit process completed[0m
[2025-09-02 10:10:00] [INFO] Starting auto-commit process for bc-express
[2025-09-02 10:10:00] [INFO] Starting auto-commit process for bc-express
[0;34mℹ️  Starting auto-commit process for bc-express[0m
[2025-09-02 10:10:00] [INFO] No changes detected, skipping commit
[2025-09-02 10:10:00] [INFO] No changes detected, skipping commit
[0;34mℹ️  No changes detected, skipping commit[0m
[2025-09-02 10:10:00] [INFO] Auto-commit process completed
[2025-09-02 10:10:00] [INFO] Auto-commit process completed
[0;34mℹ️  Auto-commit process completed[0m
[2025-09-02 10:15:00] [INFO] Starting auto-commit process for bc-express
[2025-09-02 10:15:00] [INFO] Starting auto-commit process for bc-express
[0;34mℹ️  Starting auto-commit process for bc-express[0m
[2025-09-02 10:15:00] [INFO] No changes detected, skipping commit
[2025-09-02 10:15:00] [INFO] No changes detected, skipping commit
[0;34mℹ️  No changes detected, skipping commit[0m
[2025-09-02 10:15:00] [INFO] Auto-commit process completed
[2025-09-02 10:15:00] [INFO] Auto-commit process completed
[0;34mℹ️  Auto-commit process completed[0m
[2025-09-02 10:20:00] [INFO] Starting auto-commit process for bc-express
[2025-09-02 10:20:00] [INFO] Starting auto-commit process for bc-express
[0;34mℹ️  Starting auto-commit process for bc-express[0m
[2025-09-02 10:20:00] [INFO] No changes detected, skipping commit
[2025-09-02 10:20:00] [INFO] No changes detected, skipping commit
[0;34mℹ️  No changes detected, skipping commit[0m
[2025-09-02 10:20:00] [INFO] Auto-commit process completed
[2025-09-02 10:20:00] [INFO] Auto-commit process completed
[0;34mℹ️  Auto-commit process completed[0m
[2025-09-02 10:25:00] [INFO] Starting auto-commit process for bc-express
[2025-09-02 10:25:00] [INFO] Starting auto-commit process for bc-express
[0;34mℹ️  Starting auto-commit process for bc-express[0m
[2025-09-02 10:25:01] [INFO] No changes detected, skipping commit
[2025-09-02 10:25:01] [INFO] No changes detected, skipping commit
[0;34mℹ️  No changes detected, skipping commit[0m
[2025-09-02 10:25:01] [INFO] Auto-commit process completed
[2025-09-02 10:25:01] [INFO] Auto-commit process completed
[0;34mℹ️  Auto-commit process completed[0m
[2025-09-02 10:30:00] [INFO] Starting auto-commit process for bc-express
[2025-09-02 10:30:00] [INFO] Starting auto-commit process for bc-express
[0;34mℹ️  Starting auto-commit process for bc-express[0m
[2025-09-02 10:30:00] [INFO] No changes detected, skipping commit
[2025-09-02 10:30:00] [INFO] No changes detected, skipping commit
[0;34mℹ️  No changes detected, skipping commit[0m
[2025-09-02 10:30:00] [INFO] Auto-commit process completed
[2025-09-02 10:30:00] [INFO] Auto-commit process completed
[0;34mℹ️  Auto-commit process completed[0m
[2025-09-02 10:35:00] [INFO] Starting auto-commit process for bc-express
[2025-09-02 10:35:00] [INFO] Starting auto-commit process for bc-express
[0;34mℹ️  Starting auto-commit process for bc-express[0m
[2025-09-02 10:35:00] [INFO] No changes detected, skipping commit
[2025-09-02 10:35:00] [INFO] No changes detected, skipping commit
[0;34mℹ️  No changes detected, skipping commit[0m
[2025-09-02 10:35:00] [INFO] Auto-commit process completed
[2025-09-02 10:35:00] [INFO] Auto-commit process completed
[0;34mℹ️  Auto-commit process completed[0m
[2025-09-02 10:40:00] [INFO] Starting auto-commit process for bc-express
[2025-09-02 10:40:00] [INFO] Starting auto-commit process for bc-express
[0;34mℹ️  Starting auto-commit process for bc-express[0m
[2025-09-02 10:40:00] [INFO] No changes detected, skipping commit
[2025-09-02 10:40:00] [INFO] No changes detected, skipping commit
[0;34mℹ️  No changes detected, skipping commit[0m
[2025-09-02 10:40:00] [INFO] Auto-commit process completed
[2025-09-02 10:40:00] [INFO] Auto-commit process completed
[0;34mℹ️  Auto-commit process completed[0m
[2025-09-02 10:45:00] [INFO] Starting auto-commit process for bc-express
[2025-09-02 10:45:00] [INFO] Starting auto-commit process for bc-express
[0;34mℹ️  Starting auto-commit process for bc-express[0m
[2025-09-02 10:45:00] [INFO] No changes detected, skipping commit
[2025-09-02 10:45:00] [INFO] No changes detected, skipping commit
[0;34mℹ️  No changes detected, skipping commit[0m
[2025-09-02 10:45:00] [INFO] Auto-commit process completed
[2025-09-02 10:45:00] [INFO] Auto-commit process completed
[0;34mℹ️  Auto-commit process completed[0m
[2025-09-02 10:50:01] [INFO] Starting auto-commit process for bc-express
[2025-09-02 10:50:01] [INFO] Starting auto-commit process for bc-express
[0;34mℹ️  Starting auto-commit process for bc-express[0m
[2025-09-02 10:50:01] [INFO] No changes detected, skipping commit
[2025-09-02 10:50:01] [INFO] No changes detected, skipping commit
[0;34mℹ️  No changes detected, skipping commit[0m
[2025-09-02 10:50:01] [INFO] Auto-commit process completed
[2025-09-02 10:50:01] [INFO] Auto-commit process completed
[0;34mℹ️  Auto-commit process completed[0m
[2025-09-02 10:55:00] [INFO] Starting auto-commit process for bc-express
[2025-09-02 10:55:00] [INFO] Starting auto-commit process for bc-express
[0;34mℹ️  Starting auto-commit process for bc-express[0m
[2025-09-02 10:55:00] [INFO] No changes detected, skipping commit
[2025-09-02 10:55:00] [INFO] No changes detected, skipping commit
[0;34mℹ️  No changes detected, skipping commit[0m
[2025-09-02 10:55:00] [INFO] Auto-commit process completed
[2025-09-02 10:55:00] [INFO] Auto-commit process completed
[0;34mℹ️  Auto-commit process completed[0m
[2025-09-02 11:00:00] [INFO] Starting auto-commit process for bc-express
[2025-09-02 11:00:00] [INFO] Starting auto-commit process for bc-express
[0;34mℹ️  Starting auto-commit process for bc-express[0m
[2025-09-02 11:00:00] [INFO] No changes detected, skipping commit
[2025-09-02 11:00:00] [INFO] No changes detected, skipping commit
[0;34mℹ️  No changes detected, skipping commit[0m
[2025-09-02 11:00:00] [INFO] Auto-commit process completed
[2025-09-02 11:00:00] [INFO] Auto-commit process completed
[0;34mℹ️  Auto-commit process completed[0m
[2025-09-02 11:05:00] [INFO] Starting auto-commit process for bc-express
[2025-09-02 11:05:00] [INFO] Starting auto-commit process for bc-express
[0;34mℹ️  Starting auto-commit process for bc-express[0m
[2025-09-02 11:05:00] [INFO] No changes detected, skipping commit
[2025-09-02 11:05:00] [INFO] No changes detected, skipping commit
[0;34mℹ️  No changes detected, skipping commit[0m
[2025-09-02 11:05:00] [INFO] Auto-commit process completed
[2025-09-02 11:05:00] [INFO] Auto-commit process completed
[0;34mℹ️  Auto-commit process completed[0m
[2025-09-02 11:10:00] [INFO] Starting auto-commit process for bc-express
[2025-09-02 11:10:00] [INFO] Starting auto-commit process for bc-express
[0;34mℹ️  Starting auto-commit process for bc-express[0m
[2025-09-02 11:10:00] [INFO] No changes detected, skipping commit
[2025-09-02 11:10:00] [INFO] No changes detected, skipping commit
[0;34mℹ️  No changes detected, skipping commit[0m
[2025-09-02 11:10:00] [INFO] Auto-commit process completed
[2025-09-02 11:10:00] [INFO] Auto-commit process completed
[0;34mℹ️  Auto-commit process completed[0m
[2025-09-02 11:15:00] [INFO] Starting auto-commit process for bc-express
[2025-09-02 11:15:00] [INFO] Starting auto-commit process for bc-express
[0;34mℹ️  Starting auto-commit process for bc-express[0m
[2025-09-02 11:15:00] [INFO] No changes detected, skipping commit
[2025-09-02 11:15:00] [INFO] No changes detected, skipping commit
[0;34mℹ️  No changes detected, skipping commit[0m
[2025-09-02 11:15:00] [INFO] Auto-commit process completed
[2025-09-02 11:15:00] [INFO] Auto-commit process completed
[0;34mℹ️  Auto-commit process completed[0m
[2025-09-02 11:20:00] [INFO] Starting auto-commit process for bc-express
[2025-09-02 11:20:00] [INFO] Starting auto-commit process for bc-express
[0;34mℹ️  Starting auto-commit process for bc-express[0m
[2025-09-02 11:20:00] [INFO] No changes detected, skipping commit
[2025-09-02 11:20:00] [INFO] No changes detected, skipping commit
[0;34mℹ️  No changes detected, skipping commit[0m
[2025-09-02 11:20:00] [INFO] Auto-commit process completed
[2025-09-02 11:20:00] [INFO] Auto-commit process completed
[0;34mℹ️  Auto-commit process completed[0m
[2025-09-02 11:25:00] [INFO] Starting auto-commit process for bc-express
[2025-09-02 11:25:00] [INFO] Starting auto-commit process for bc-express
[0;34mℹ️  Starting auto-commit process for bc-express[0m
[2025-09-02 11:25:00] [INFO] No changes detected, skipping commit
[2025-09-02 11:25:00] [INFO] No changes detected, skipping commit
[0;34mℹ️  No changes detected, skipping commit[0m
[2025-09-02 11:25:00] [INFO] Auto-commit process completed
[2025-09-02 11:25:00] [INFO] Auto-commit process completed
[0;34mℹ️  Auto-commit process completed[0m
[2025-09-02 11:30:00] [INFO] Starting auto-commit process for bc-express
[2025-09-02 11:30:00] [INFO] Starting auto-commit process for bc-express
[0;34mℹ️  Starting auto-commit process for bc-express[0m
[2025-09-02 11:30:00] [INFO] No changes detected, skipping commit
[2025-09-02 11:30:00] [INFO] No changes detected, skipping commit
[0;34mℹ️  No changes detected, skipping commit[0m
[2025-09-02 11:30:00] [INFO] Auto-commit process completed
[2025-09-02 11:30:00] [INFO] Auto-commit process completed
[0;34mℹ️  Auto-commit process completed[0m
[2025-09-02 11:35:01] [INFO] Starting auto-commit process for bc-express
[2025-09-02 11:35:01] [INFO] Starting auto-commit process for bc-express
[0;34mℹ️  Starting auto-commit process for bc-express[0m
[2025-09-02 11:35:01] [INFO] No changes detected, skipping commit
[2025-09-02 11:35:01] [INFO] No changes detected, skipping commit
[0;34mℹ️  No changes detected, skipping commit[0m
[2025-09-02 11:35:01] [INFO] Auto-commit process completed
[2025-09-02 11:35:01] [INFO] Auto-commit process completed
[0;34mℹ️  Auto-commit process completed[0m
[2025-09-02 11:40:00] [INFO] Starting auto-commit process for bc-express
[2025-09-02 11:40:00] [INFO] Starting auto-commit process for bc-express
[0;34mℹ️  Starting auto-commit process for bc-express[0m
[2025-09-02 11:40:00] [INFO] No changes detected, skipping commit
[2025-09-02 11:40:00] [INFO] No changes detected, skipping commit
[0;34mℹ️  No changes detected, skipping commit[0m
[2025-09-02 11:40:00] [INFO] Auto-commit process completed
[2025-09-02 11:40:00] [INFO] Auto-commit process completed
[0;34mℹ️  Auto-commit process completed[0m
[2025-09-02 11:45:00] [INFO] Starting auto-commit process for bc-express
[2025-09-02 11:45:00] [INFO] Starting auto-commit process for bc-express
[0;34mℹ️  Starting auto-commit process for bc-express[0m
[2025-09-02 11:45:00] [INFO] No changes detected, skipping commit
[2025-09-02 11:45:00] [INFO] No changes detected, skipping commit
[0;34mℹ️  No changes detected, skipping commit[0m
[2025-09-02 11:45:00] [INFO] Auto-commit process completed
[2025-09-02 11:45:00] [INFO] Auto-commit process completed
[0;34mℹ️  Auto-commit process completed[0m
[2025-09-02 11:50:00] [INFO] Starting auto-commit process for bc-express
[2025-09-02 11:50:00] [INFO] Starting auto-commit process for bc-express
[0;34mℹ️  Starting auto-commit process for bc-express[0m
[2025-09-02 11:50:00] [INFO] No changes detected, skipping commit
[2025-09-02 11:50:00] [INFO] No changes detected, skipping commit
[0;34mℹ️  No changes detected, skipping commit[0m
[2025-09-02 11:50:00] [INFO] Auto-commit process completed
[2025-09-02 11:50:00] [INFO] Auto-commit process completed
[0;34mℹ️  Auto-commit process completed[0m
[2025-09-02 11:55:00] [INFO] Starting auto-commit process for bc-express
[2025-09-02 11:55:00] [INFO] Starting auto-commit process for bc-express
[0;34mℹ️  Starting auto-commit process for bc-express[0m
[2025-09-02 11:55:00] [INFO] No changes detected, skipping commit
[2025-09-02 11:55:00] [INFO] No changes detected, skipping commit
[0;34mℹ️  No changes detected, skipping commit[0m
[2025-09-02 11:55:00] [INFO] Auto-commit process completed
[2025-09-02 11:55:00] [INFO] Auto-commit process completed
[0;34mℹ️  Auto-commit process completed[0m
[2025-09-02 12:00:01] [INFO] Starting auto-commit process for bc-express
[2025-09-02 12:00:01] [INFO] Starting auto-commit process for bc-express
[0;34mℹ️  Starting auto-commit process for bc-express[0m
[2025-09-02 12:00:01] [INFO] No changes detected, skipping commit
[2025-09-02 12:00:01] [INFO] No changes detected, skipping commit
[0;34mℹ️  No changes detected, skipping commit[0m
[2025-09-02 12:00:01] [INFO] Auto-commit process completed
[2025-09-02 12:00:01] [INFO] Auto-commit process completed
[0;34mℹ️  Auto-commit process completed[0m
[2025-09-02 12:05:00] [INFO] Starting auto-commit process for bc-express
[2025-09-02 12:05:00] [INFO] Starting auto-commit process for bc-express
[0;34mℹ️  Starting auto-commit process for bc-express[0m
[2025-09-02 12:05:00] [INFO] No changes detected, skipping commit
[2025-09-02 12:05:00] [INFO] No changes detected, skipping commit
[0;34mℹ️  No changes detected, skipping commit[0m
[2025-09-02 12:05:00] [INFO] Auto-commit process completed
[2025-09-02 12:05:00] [INFO] Auto-commit process completed
[0;34mℹ️  Auto-commit process completed[0m
[2025-09-02 12:10:00] [INFO] Starting auto-commit process for bc-express
[2025-09-02 12:10:00] [INFO] Starting auto-commit process for bc-express
[0;34mℹ️  Starting auto-commit process for bc-express[0m
[2025-09-02 12:10:00] [INFO] No changes detected, skipping commit
[2025-09-02 12:10:00] [INFO] No changes detected, skipping commit
[0;34mℹ️  No changes detected, skipping commit[0m
[2025-09-02 12:10:00] [INFO] Auto-commit process completed
[2025-09-02 12:10:00] [INFO] Auto-commit process completed
[0;34mℹ️  Auto-commit process completed[0m
[2025-09-02 12:15:01] [INFO] Starting auto-commit process for bc-express
[2025-09-02 12:15:01] [INFO] Starting auto-commit process for bc-express
[0;34mℹ️  Starting auto-commit process for bc-express[0m
[2025-09-02 12:15:01] [INFO] No changes detected, skipping commit
[2025-09-02 12:15:01] [INFO] No changes detected, skipping commit
[0;34mℹ️  No changes detected, skipping commit[0m
[2025-09-02 12:15:01] [INFO] Auto-commit process completed
[2025-09-02 12:15:01] [INFO] Auto-commit process completed
[0;34mℹ️  Auto-commit process completed[0m
[2025-09-02 16:30:00] [INFO] Starting auto-commit process for bc-express
[2025-09-02 16:30:00] [INFO] Starting auto-commit process for bc-express
[0;34mℹ️  Starting auto-commit process for bc-express[0m
[2025-09-02 16:30:00] [INFO] No changes detected, skipping commit
[2025-09-02 16:30:00] [INFO] No changes detected, skipping commit
[0;34mℹ️  No changes detected, skipping commit[0m
[2025-09-02 16:30:00] [INFO] Auto-commit process completed
[2025-09-02 16:30:00] [INFO] Auto-commit process completed
[0;34mℹ️  Auto-commit process completed[0m
[2025-09-02 16:35:00] [INFO] Starting auto-commit process for bc-express
[2025-09-02 16:35:00] [INFO] Starting auto-commit process for bc-express
[0;34mℹ️  Starting auto-commit process for bc-express[0m
[2025-09-02 16:35:00] [INFO] No changes detected, skipping commit
[2025-09-02 16:35:00] [INFO] No changes detected, skipping commit
[0;34mℹ️  No changes detected, skipping commit[0m
[2025-09-02 16:35:00] [INFO] Auto-commit process completed
[2025-09-02 16:35:00] [INFO] Auto-commit process completed
[0;34mℹ️  Auto-commit process completed[0m
[2025-09-02 16:40:00] [INFO] Starting auto-commit process for bc-express
[2025-09-02 16:40:00] [INFO] Starting auto-commit process for bc-express
[0;34mℹ️  Starting auto-commit process for bc-express[0m
[2025-09-02 16:40:00] [INFO] No changes detected, skipping commit
[2025-09-02 16:40:00] [INFO] No changes detected, skipping commit
[0;34mℹ️  No changes detected, skipping commit[0m
[2025-09-02 16:40:00] [INFO] Auto-commit process completed
[2025-09-02 16:40:00] [INFO] Auto-commit process completed
[0;34mℹ️  Auto-commit process completed[0m
[2025-09-02 16:45:00] [INFO] Starting auto-commit process for bc-express
[2025-09-02 16:45:00] [INFO] Starting auto-commit process for bc-express
[0;34mℹ️  Starting auto-commit process for bc-express[0m
[2025-09-02 16:45:00] [INFO] No changes detected, skipping commit
[2025-09-02 16:45:00] [INFO] No changes detected, skipping commit
[0;34mℹ️  No changes detected, skipping commit[0m
[2025-09-02 16:45:00] [INFO] Auto-commit process completed
[2025-09-02 16:45:00] [INFO] Auto-commit process completed
[0;34mℹ️  Auto-commit process completed[0m
[2025-09-02 16:50:00] [INFO] Starting auto-commit process for bc-express
[2025-09-02 16:50:00] [INFO] Starting auto-commit process for bc-express
[0;34mℹ️  Starting auto-commit process for bc-express[0m
[2025-09-02 16:50:00] [INFO] No changes detected, skipping commit
[2025-09-02 16:50:00] [INFO] No changes detected, skipping commit
[0;34mℹ️  No changes detected, skipping commit[0m
[2025-09-02 16:50:00] [INFO] Auto-commit process completed
[2025-09-02 16:50:00] [INFO] Auto-commit process completed
[0;34mℹ️  Auto-commit process completed[0m
[2025-09-02 16:55:01] [INFO] Starting auto-commit process for bc-express
[2025-09-02 16:55:01] [INFO] Starting auto-commit process for bc-express
[0;34mℹ️  Starting auto-commit process for bc-express[0m
[2025-09-02 16:55:01] [INFO] No changes detected, skipping commit
[2025-09-02 16:55:01] [INFO] No changes detected, skipping commit
[0;34mℹ️  No changes detected, skipping commit[0m
[2025-09-02 16:55:01] [INFO] Auto-commit process completed
[2025-09-02 16:55:01] [INFO] Auto-commit process completed
[0;34mℹ️  Auto-commit process completed[0m
[2025-09-02 17:00:00] [INFO] Starting auto-commit process for bc-express
[2025-09-02 17:00:00] [INFO] Starting auto-commit process for bc-express
[0;34mℹ️  Starting auto-commit process for bc-express[0m
[2025-09-02 17:00:00] [INFO] No changes detected, skipping commit
[2025-09-02 17:00:00] [INFO] No changes detected, skipping commit
[0;34mℹ️  No changes detected, skipping commit[0m
[2025-09-02 17:00:00] [INFO] Auto-commit process completed
[2025-09-02 17:00:00] [INFO] Auto-commit process completed
[0;34mℹ️  Auto-commit process completed[0m
[2025-09-02 17:05:00] [INFO] Starting auto-commit process for bc-express
[2025-09-02 17:05:00] [INFO] Starting auto-commit process for bc-express
[0;34mℹ️  Starting auto-commit process for bc-express[0m
[2025-09-02 17:05:00] [INFO] No changes detected, skipping commit
[2025-09-02 17:05:00] [INFO] No changes detected, skipping commit
[0;34mℹ️  No changes detected, skipping commit[0m
[2025-09-02 17:05:00] [INFO] Auto-commit process completed
[2025-09-02 17:05:00] [INFO] Auto-commit process completed
[0;34mℹ️  Auto-commit process completed[0m
[2025-09-02 17:10:00] [INFO] Starting auto-commit process for bc-express
[2025-09-02 17:10:00] [INFO] Starting auto-commit process for bc-express
[0;34mℹ️  Starting auto-commit process for bc-express[0m
[2025-09-02 17:10:00] [INFO] No changes detected, skipping commit
[2025-09-02 17:10:00] [INFO] No changes detected, skipping commit
[0;34mℹ️  No changes detected, skipping commit[0m
[2025-09-02 17:10:00] [INFO] Auto-commit process completed
[2025-09-02 17:10:00] [INFO] Auto-commit process completed
[0;34mℹ️  Auto-commit process completed[0m
[2025-09-02 17:15:00] [INFO] Starting auto-commit process for bc-express
[2025-09-02 17:15:00] [INFO] Starting auto-commit process for bc-express
[0;34mℹ️  Starting auto-commit process for bc-express[0m
[2025-09-02 17:15:00] [INFO] No changes detected, skipping commit
[2025-09-02 17:15:00] [INFO] No changes detected, skipping commit
[0;34mℹ️  No changes detected, skipping commit[0m
[2025-09-02 17:15:00] [INFO] Auto-commit process completed
[2025-09-02 17:15:00] [INFO] Auto-commit process completed
[0;34mℹ️  Auto-commit process completed[0m
[2025-09-02 17:20:01] [INFO] Starting auto-commit process for bc-express
[2025-09-02 17:20:01] [INFO] Starting auto-commit process for bc-express
[0;34mℹ️  Starting auto-commit process for bc-express[0m
[2025-09-02 17:20:01] [INFO] No changes detected, skipping commit
[2025-09-02 17:20:01] [INFO] No changes detected, skipping commit
[0;34mℹ️  No changes detected, skipping commit[0m
[2025-09-02 17:20:01] [INFO] Auto-commit process completed
[2025-09-02 17:20:01] [INFO] Auto-commit process completed
[0;34mℹ️  Auto-commit process completed[0m
[2025-09-02 17:25:00] [INFO] Starting auto-commit process for bc-express
[2025-09-02 17:25:00] [INFO] Starting auto-commit process for bc-express
[0;34mℹ️  Starting auto-commit process for bc-express[0m
[2025-09-02 17:25:00] [INFO] No changes detected, skipping commit
[2025-09-02 17:25:00] [INFO] No changes detected, skipping commit
[0;34mℹ️  No changes detected, skipping commit[0m
[2025-09-02 17:25:00] [INFO] Auto-commit process completed
[2025-09-02 17:25:00] [INFO] Auto-commit process completed
[0;34mℹ️  Auto-commit process completed[0m
[2025-09-02 17:30:00] [INFO] Starting auto-commit process for bc-express
[2025-09-02 17:30:00] [INFO] Starting auto-commit process for bc-express
[0;34mℹ️  Starting auto-commit process for bc-express[0m
[2025-09-02 17:30:00] [INFO] No changes detected, skipping commit
[2025-09-02 17:30:00] [INFO] No changes detected, skipping commit
[0;34mℹ️  No changes detected, skipping commit[0m
[2025-09-02 17:30:00] [INFO] Auto-commit process completed
[2025-09-02 17:30:00] [INFO] Auto-commit process completed
[0;34mℹ️  Auto-commit process completed[0m
[2025-09-02 17:35:00] [INFO] Starting auto-commit process for bc-express
[2025-09-02 17:35:00] [INFO] Starting auto-commit process for bc-express
[0;34mℹ️  Starting auto-commit process for bc-express[0m
[2025-09-02 17:35:00] [INFO] No changes detected, skipping commit
[2025-09-02 17:35:00] [INFO] No changes detected, skipping commit
[0;34mℹ️  No changes detected, skipping commit[0m
[2025-09-02 17:35:00] [INFO] Auto-commit process completed
[2025-09-02 17:35:00] [INFO] Auto-commit process completed
[0;34mℹ️  Auto-commit process completed[0m
[2025-09-02 17:40:00] [INFO] Starting auto-commit process for bc-express
[2025-09-02 17:40:00] [INFO] Starting auto-commit process for bc-express
[0;34mℹ️  Starting auto-commit process for bc-express[0m
[2025-09-02 17:40:01] [INFO] No changes detected, skipping commit
[2025-09-02 17:40:01] [INFO] No changes detected, skipping commit
[0;34mℹ️  No changes detected, skipping commit[0m
[2025-09-02 17:40:01] [INFO] Auto-commit process completed
[2025-09-02 17:40:01] [INFO] Auto-commit process completed
[0;34mℹ️  Auto-commit process completed[0m
[2025-09-02 17:45:00] [INFO] Starting auto-commit process for bc-express
[2025-09-02 17:45:00] [INFO] Starting auto-commit process for bc-express
[0;34mℹ️  Starting auto-commit process for bc-express[0m
[2025-09-02 17:45:00] [INFO] No changes detected, skipping commit
[2025-09-02 17:45:00] [INFO] No changes detected, skipping commit
[0;34mℹ️  No changes detected, skipping commit[0m
[2025-09-02 17:45:00] [INFO] Auto-commit process completed
[2025-09-02 17:45:00] [INFO] Auto-commit process completed
[0;34mℹ️  Auto-commit process completed[0m
[2025-09-02 17:50:00] [INFO] Starting auto-commit process for bc-express
[2025-09-02 17:50:00] [INFO] Starting auto-commit process for bc-express
[0;34mℹ️  Starting auto-commit process for bc-express[0m
[2025-09-02 17:50:00] [INFO] No changes detected, skipping commit
[2025-09-02 17:50:00] [INFO] No changes detected, skipping commit
[0;34mℹ️  No changes detected, skipping commit[0m
[2025-09-02 17:50:00] [INFO] Auto-commit process completed
[2025-09-02 17:50:00] [INFO] Auto-commit process completed
[0;34mℹ️  Auto-commit process completed[0m
[2025-09-03 04:40:01] [INFO] Starting auto-commit process for bc-express
[2025-09-03 04:40:01] [INFO] Starting auto-commit process for bc-express
[0;34mℹ️  Starting auto-commit process for bc-express[0m
[2025-09-03 04:40:01] [INFO] No changes detected, skipping commit
[2025-09-03 04:40:01] [INFO] No changes detected, skipping commit
[0;34mℹ️  No changes detected, skipping commit[0m
[2025-09-03 04:40:01] [INFO] Auto-commit process completed
[2025-09-03 04:40:01] [INFO] Auto-commit process completed
[0;34mℹ️  Auto-commit process completed[0m
[2025-09-03 04:45:00] [INFO] Starting auto-commit process for bc-express
[2025-09-03 04:45:00] [INFO] Starting auto-commit process for bc-express
[0;34mℹ️  Starting auto-commit process for bc-express[0m
[2025-09-03 04:45:00] [INFO] No changes detected, skipping commit
[2025-09-03 04:45:00] [INFO] No changes detected, skipping commit
[0;34mℹ️  No changes detected, skipping commit[0m
[2025-09-03 04:45:00] [INFO] Auto-commit process completed
[2025-09-03 04:45:00] [INFO] Auto-commit process completed
[0;34mℹ️  Auto-commit process completed[0m
[2025-09-03 04:50:00] [INFO] Starting auto-commit process for bc-express
[2025-09-03 04:50:00] [INFO] Starting auto-commit process for bc-express
[0;34mℹ️  Starting auto-commit process for bc-express[0m
[2025-09-03 04:50:00] [INFO] No changes detected, skipping commit
[2025-09-03 04:50:00] [INFO] No changes detected, skipping commit
[0;34mℹ️  No changes detected, skipping commit[0m
[2025-09-03 04:50:00] [INFO] Auto-commit process completed
[2025-09-03 04:50:00] [INFO] Auto-commit process completed
[0;34mℹ️  Auto-commit process completed[0m
[2025-09-03 04:55:00] [INFO] Starting auto-commit process for bc-express
[2025-09-03 04:55:00] [INFO] Starting auto-commit process for bc-express
[0;34mℹ️  Starting auto-commit process for bc-express[0m
[2025-09-03 04:55:00] [INFO] No changes detected, skipping commit
[2025-09-03 04:55:00] [INFO] No changes detected, skipping commit
[0;34mℹ️  No changes detected, skipping commit[0m
[2025-09-03 04:55:00] [INFO] Auto-commit process completed
[2025-09-03 04:55:00] [INFO] Auto-commit process completed
[0;34mℹ️  Auto-commit process completed[0m
[2025-09-03 05:00:01] [INFO] Starting auto-commit process for bc-express
[2025-09-03 05:00:01] [INFO] Starting auto-commit process for bc-express
[0;34mℹ️  Starting auto-commit process for bc-express[0m
[2025-09-03 05:00:01] [INFO] No changes detected, skipping commit
[2025-09-03 05:00:01] [INFO] No changes detected, skipping commit
[0;34mℹ️  No changes detected, skipping commit[0m
[2025-09-03 05:00:01] [INFO] Auto-commit process completed
[2025-09-03 05:00:01] [INFO] Auto-commit process completed
[0;34mℹ️  Auto-commit process completed[0m
[2025-09-03 05:05:00] [INFO] Starting auto-commit process for bc-express
[2025-09-03 05:05:00] [INFO] Starting auto-commit process for bc-express
[0;34mℹ️  Starting auto-commit process for bc-express[0m
[2025-09-03 05:05:00] [INFO] No changes detected, skipping commit
[2025-09-03 05:05:00] [INFO] No changes detected, skipping commit
[0;34mℹ️  No changes detected, skipping commit[0m
[2025-09-03 05:05:00] [INFO] Auto-commit process completed
[2025-09-03 05:05:00] [INFO] Auto-commit process completed
[0;34mℹ️  Auto-commit process completed[0m
[2025-09-03 05:10:00] [INFO] Starting auto-commit process for bc-express
[2025-09-03 05:10:00] [INFO] Starting auto-commit process for bc-express
[0;34mℹ️  Starting auto-commit process for bc-express[0m
[2025-09-03 05:10:00] [INFO] No changes detected, skipping commit
[2025-09-03 05:10:00] [INFO] No changes detected, skipping commit
[0;34mℹ️  No changes detected, skipping commit[0m
[2025-09-03 05:10:00] [INFO] Auto-commit process completed
[2025-09-03 05:10:00] [INFO] Auto-commit process completed
[0;34mℹ️  Auto-commit process completed[0m
[2025-09-03 05:15:00] [INFO] Starting auto-commit process for bc-express
[2025-09-03 05:15:00] [INFO] Starting auto-commit process for bc-express
[0;34mℹ️  Starting auto-commit process for bc-express[0m
[2025-09-03 05:15:00] [INFO] No changes detected, skipping commit
[2025-09-03 05:15:00] [INFO] No changes detected, skipping commit
[0;34mℹ️  No changes detected, skipping commit[0m
[2025-09-03 05:15:00] [INFO] Auto-commit process completed
[2025-09-03 05:15:00] [INFO] Auto-commit process completed
[0;34mℹ️  Auto-commit process completed[0m
[2025-09-03 05:20:01] [INFO] Starting auto-commit process for bc-express
[2025-09-03 05:20:01] [INFO] Starting auto-commit process for bc-express
[0;34mℹ️  Starting auto-commit process for bc-express[0m
[2025-09-03 05:20:01] [INFO] No changes detected, skipping commit
[2025-09-03 05:20:01] [INFO] No changes detected, skipping commit
[0;34mℹ️  No changes detected, skipping commit[0m
[2025-09-03 05:20:01] [INFO] Auto-commit process completed
[2025-09-03 05:20:01] [INFO] Auto-commit process completed
[0;34mℹ️  Auto-commit process completed[0m
[2025-09-03 05:25:00] [INFO] Starting auto-commit process for bc-express
[2025-09-03 05:25:00] [INFO] Starting auto-commit process for bc-express
[0;34mℹ️  Starting auto-commit process for bc-express[0m
[2025-09-03 05:25:00] [INFO] No changes detected, skipping commit
[2025-09-03 05:25:00] [INFO] No changes detected, skipping commit
[0;34mℹ️  No changes detected, skipping commit[0m
[2025-09-03 05:25:00] [INFO] Auto-commit process completed
[2025-09-03 05:25:00] [INFO] Auto-commit process completed
[0;34mℹ️  Auto-commit process completed[0m
[2025-09-03 08:35:00] [INFO] Starting auto-commit process for bc-express
[2025-09-03 08:35:00] [INFO] Starting auto-commit process for bc-express
[0;34mℹ️  Starting auto-commit process for bc-express[0m
[2025-09-03 08:35:00] [INFO] No changes detected, skipping commit
[2025-09-03 08:35:00] [INFO] No changes detected, skipping commit
[0;34mℹ️  No changes detected, skipping commit[0m
[2025-09-03 08:35:00] [INFO] Auto-commit process completed
[2025-09-03 08:35:00] [INFO] Auto-commit process completed
[0;34mℹ️  Auto-commit process completed[0m
[2025-09-03 08:40:00] [INFO] Starting auto-commit process for bc-express
[2025-09-03 08:40:00] [INFO] Starting auto-commit process for bc-express
[0;34mℹ️  Starting auto-commit process for bc-express[0m
[2025-09-03 08:40:00] [INFO] No changes detected, skipping commit
[2025-09-03 08:40:00] [INFO] No changes detected, skipping commit
[0;34mℹ️  No changes detected, skipping commit[0m
[2025-09-03 08:40:00] [INFO] Auto-commit process completed
[2025-09-03 08:40:00] [INFO] Auto-commit process completed
[0;34mℹ️  Auto-commit process completed[0m
[2025-09-03 08:45:01] [INFO] Starting auto-commit process for bc-express
[2025-09-03 08:45:01] [INFO] Starting auto-commit process for bc-express
[0;34mℹ️  Starting auto-commit process for bc-express[0m
[2025-09-03 08:45:01] [INFO] No changes detected, skipping commit
[2025-09-03 08:45:01] [INFO] No changes detected, skipping commit
[0;34mℹ️  No changes detected, skipping commit[0m
[2025-09-03 08:45:01] [INFO] Auto-commit process completed
[2025-09-03 08:45:01] [INFO] Auto-commit process completed
[0;34mℹ️  Auto-commit process completed[0m
[2025-09-03 08:50:00] [INFO] Starting auto-commit process for bc-express
[2025-09-03 08:50:00] [INFO] Starting auto-commit process for bc-express
[0;34mℹ️  Starting auto-commit process for bc-express[0m
[2025-09-03 08:50:00] [INFO] No changes detected, skipping commit
[2025-09-03 08:50:00] [INFO] No changes detected, skipping commit
[0;34mℹ️  No changes detected, skipping commit[0m
[2025-09-03 08:50:00] [INFO] Auto-commit process completed
[2025-09-03 08:50:00] [INFO] Auto-commit process completed
[0;34mℹ️  Auto-commit process completed[0m
[2025-09-03 08:55:00] [INFO] Starting auto-commit process for bc-express
[2025-09-03 08:55:00] [INFO] Starting auto-commit process for bc-express
[0;34mℹ️  Starting auto-commit process for bc-express[0m
[2025-09-03 08:55:00] [INFO] No changes detected, skipping commit
[2025-09-03 08:55:00] [INFO] No changes detected, skipping commit
[0;34mℹ️  No changes detected, skipping commit[0m
[2025-09-03 08:55:00] [INFO] Auto-commit process completed
[2025-09-03 08:55:00] [INFO] Auto-commit process completed
[0;34mℹ️  Auto-commit process completed[0m
[2025-09-03 09:00:00] [INFO] Starting auto-commit process for bc-express
[2025-09-03 09:00:00] [INFO] Starting auto-commit process for bc-express
[0;34mℹ️  Starting auto-commit process for bc-express[0m
[2025-09-03 09:00:00] [INFO] No changes detected, skipping commit
[2025-09-03 09:00:00] [INFO] No changes detected, skipping commit
[0;34mℹ️  No changes detected, skipping commit[0m
[2025-09-03 09:00:00] [INFO] Auto-commit process completed
[2025-09-03 09:00:00] [INFO] Auto-commit process completed
[0;34mℹ️  Auto-commit process completed[0m
[2025-09-03 09:05:00] [INFO] Starting auto-commit process for bc-express
[2025-09-03 09:05:00] [INFO] Starting auto-commit process for bc-express
[0;34mℹ️  Starting auto-commit process for bc-express[0m
[2025-09-03 09:05:01] [INFO] No changes detected, skipping commit
[2025-09-03 09:05:01] [INFO] No changes detected, skipping commit
[0;34mℹ️  No changes detected, skipping commit[0m
[2025-09-03 09:05:01] [INFO] Auto-commit process completed
[2025-09-03 09:05:01] [INFO] Auto-commit process completed
[0;34mℹ️  Auto-commit process completed[0m
[2025-09-03 09:10:00] [INFO] Starting auto-commit process for bc-express
[2025-09-03 09:10:00] [INFO] Starting auto-commit process for bc-express
[0;34mℹ️  Starting auto-commit process for bc-express[0m
[2025-09-03 09:10:00] [INFO] No changes detected, skipping commit
[2025-09-03 09:10:00] [INFO] No changes detected, skipping commit
[0;34mℹ️  No changes detected, skipping commit[0m
[2025-09-03 09:10:00] [INFO] Auto-commit process completed
[2025-09-03 09:10:00] [INFO] Auto-commit process completed
[0;34mℹ️  Auto-commit process completed[0m
[2025-09-03 09:15:00] [INFO] Starting auto-commit process for bc-express
[2025-09-03 09:15:00] [INFO] Starting auto-commit process for bc-express
[0;34mℹ️  Starting auto-commit process for bc-express[0m
[2025-09-03 09:15:00] [INFO] No changes detected, skipping commit
[2025-09-03 09:15:00] [INFO] No changes detected, skipping commit
[0;34mℹ️  No changes detected, skipping commit[0m
[2025-09-03 09:15:00] [INFO] Auto-commit process completed
[2025-09-03 09:15:00] [INFO] Auto-commit process completed
[0;34mℹ️  Auto-commit process completed[0m
[2025-09-03 09:20:00] [INFO] Starting auto-commit process for bc-express
[2025-09-03 09:20:00] [INFO] Starting auto-commit process for bc-express
[0;34mℹ️  Starting auto-commit process for bc-express[0m
[2025-09-03 09:20:00] [INFO] No changes detected, skipping commit
[2025-09-03 09:20:00] [INFO] No changes detected, skipping commit
[0;34mℹ️  No changes detected, skipping commit[0m
[2025-09-03 09:20:00] [INFO] Auto-commit process completed
[2025-09-03 09:20:00] [INFO] Auto-commit process completed
[0;34mℹ️  Auto-commit process completed[0m
[2025-09-03 09:25:00] [INFO] Starting auto-commit process for bc-express
[2025-09-03 09:25:00] [INFO] Starting auto-commit process for bc-express
[0;34mℹ️  Starting auto-commit process for bc-express[0m
[2025-09-03 09:25:00] [INFO] No changes detected, skipping commit
[2025-09-03 09:25:00] [INFO] No changes detected, skipping commit
[0;34mℹ️  No changes detected, skipping commit[0m
[2025-09-03 09:25:00] [INFO] Auto-commit process completed
[2025-09-03 09:25:00] [INFO] Auto-commit process completed
[0;34mℹ️  Auto-commit process completed[0m
[2025-09-03 09:30:01] [INFO] Starting auto-commit process for bc-express
[2025-09-03 09:30:01] [INFO] Starting auto-commit process for bc-express
[0;34mℹ️  Starting auto-commit process for bc-express[0m
[2025-09-03 09:30:01] [INFO] No changes detected, skipping commit
[2025-09-03 09:30:01] [INFO] No changes detected, skipping commit
[0;34mℹ️  No changes detected, skipping commit[0m
[2025-09-03 09:30:01] [INFO] Auto-commit process completed
[2025-09-03 09:30:01] [INFO] Auto-commit process completed
[0;34mℹ️  Auto-commit process completed[0m
[2025-09-03 09:35:00] [INFO] Starting auto-commit process for bc-express
[2025-09-03 09:35:00] [INFO] Starting auto-commit process for bc-express
[0;34mℹ️  Starting auto-commit process for bc-express[0m
[2025-09-03 09:35:00] [INFO] No changes detected, skipping commit
[2025-09-03 09:35:00] [INFO] No changes detected, skipping commit
[0;34mℹ️  No changes detected, skipping commit[0m
[2025-09-03 09:35:00] [INFO] Auto-commit process completed
[2025-09-03 09:35:00] [INFO] Auto-commit process completed
[0;34mℹ️  Auto-commit process completed[0m
[2025-09-03 09:40:00] [INFO] Starting auto-commit process for bc-express
[2025-09-03 09:40:00] [INFO] Starting auto-commit process for bc-express
[0;34mℹ️  Starting auto-commit process for bc-express[0m
[2025-09-03 09:40:00] [INFO] No changes detected, skipping commit
[2025-09-03 09:40:00] [INFO] No changes detected, skipping commit
[0;34mℹ️  No changes detected, skipping commit[0m
[2025-09-03 09:40:00] [INFO] Auto-commit process completed
[2025-09-03 09:40:00] [INFO] Auto-commit process completed
[0;34mℹ️  Auto-commit process completed[0m
[2025-09-03 09:45:00] [INFO] Starting auto-commit process for bc-express
[2025-09-03 09:45:00] [INFO] Starting auto-commit process for bc-express
[0;34mℹ️  Starting auto-commit process for bc-express[0m
[2025-09-03 09:45:00] [INFO] No changes detected, skipping commit
[2025-09-03 09:45:00] [INFO] No changes detected, skipping commit
[0;34mℹ️  No changes detected, skipping commit[0m
[2025-09-03 09:45:00] [INFO] Auto-commit process completed
[2025-09-03 09:45:00] [INFO] Auto-commit process completed
[0;34mℹ️  Auto-commit process completed[0m
[2025-09-03 09:50:01] [INFO] Starting auto-commit process for bc-express
[2025-09-03 09:50:01] [INFO] Starting auto-commit process for bc-express
[0;34mℹ️  Starting auto-commit process for bc-express[0m
[2025-09-03 09:50:01] [INFO] No changes detected, skipping commit
[2025-09-03 09:50:01] [INFO] No changes detected, skipping commit
[0;34mℹ️  No changes detected, skipping commit[0m
[2025-09-03 09:50:01] [INFO] Auto-commit process completed
[2025-09-03 09:50:01] [INFO] Auto-commit process completed
[0;34mℹ️  Auto-commit process completed[0m
[2025-09-03 10:25:00] [INFO] Starting auto-commit process for bc-express
[2025-09-03 10:25:00] [INFO] Starting auto-commit process for bc-express
[0;34mℹ️  Starting auto-commit process for bc-express[0m
[2025-09-03 10:25:00] [INFO] No changes detected, skipping commit
[2025-09-03 10:25:00] [INFO] No changes detected, skipping commit
[0;34mℹ️  No changes detected, skipping commit[0m
[2025-09-03 10:25:00] [INFO] Auto-commit process completed
[2025-09-03 10:25:00] [INFO] Auto-commit process completed
[0;34mℹ️  Auto-commit process completed[0m
[2025-09-03 10:30:00] [INFO] Starting auto-commit process for bc-express
[2025-09-03 10:30:00] [INFO] Starting auto-commit process for bc-express
[0;34mℹ️  Starting auto-commit process for bc-express[0m
[2025-09-03 10:30:00] [INFO] No changes detected, skipping commit
[2025-09-03 10:30:00] [INFO] No changes detected, skipping commit
[0;34mℹ️  No changes detected, skipping commit[0m
[2025-09-03 10:30:00] [INFO] Auto-commit process completed
[2025-09-03 10:30:00] [INFO] Auto-commit process completed
[0;34mℹ️  Auto-commit process completed[0m
[2025-09-04 12:35:00] [INFO] Starting auto-commit process for bc-express
[2025-09-04 12:35:00] [INFO] Starting auto-commit process for bc-express
[0;34mℹ️  Starting auto-commit process for bc-express[0m
[2025-09-04 12:35:00] [INFO] No changes detected, skipping commit
[2025-09-04 12:35:00] [INFO] No changes detected, skipping commit
[0;34mℹ️  No changes detected, skipping commit[0m
[2025-09-04 12:35:00] [INFO] Auto-commit process completed
[2025-09-04 12:35:00] [INFO] Auto-commit process completed
[0;34mℹ️  Auto-commit process completed[0m
[2025-09-04 12:40:01] [INFO] Starting auto-commit process for bc-express
[2025-09-04 12:40:01] [INFO] Starting auto-commit process for bc-express
[0;34mℹ️  Starting auto-commit process for bc-express[0m
[2025-09-04 12:40:01] [INFO] No changes detected, skipping commit
[2025-09-04 12:40:01] [INFO] No changes detected, skipping commit
[0;34mℹ️  No changes detected, skipping commit[0m
[2025-09-04 12:40:01] [INFO] Auto-commit process completed
[2025-09-04 12:40:01] [INFO] Auto-commit process completed
[0;34mℹ️  Auto-commit process completed[0m
[2025-09-04 12:45:00] [INFO] Starting auto-commit process for bc-express
[2025-09-04 12:45:00] [INFO] Starting auto-commit process for bc-express
[0;34mℹ️  Starting auto-commit process for bc-express[0m
[2025-09-04 12:45:00] [INFO] No changes detected, skipping commit
[2025-09-04 12:45:00] [INFO] No changes detected, skipping commit
[0;34mℹ️  No changes detected, skipping commit[0m
[2025-09-04 12:45:00] [INFO] Auto-commit process completed
[2025-09-04 12:45:00] [INFO] Auto-commit process completed
[0;34mℹ️  Auto-commit process completed[0m
[2025-09-04 12:50:00] [INFO] Starting auto-commit process for bc-express
[2025-09-04 12:50:00] [INFO] Starting auto-commit process for bc-express
[0;34mℹ️  Starting auto-commit process for bc-express[0m
[2025-09-04 12:50:00] [INFO] No changes detected, skipping commit
[2025-09-04 12:50:00] [INFO] No changes detected, skipping commit
[0;34mℹ️  No changes detected, skipping commit[0m
[2025-09-04 12:50:00] [INFO] Auto-commit process completed
[2025-09-04 12:50:00] [INFO] Auto-commit process completed
[0;34mℹ️  Auto-commit process completed[0m
[2025-09-04 12:55:00] [INFO] Starting auto-commit process for bc-express
[2025-09-04 12:55:00] [INFO] Starting auto-commit process for bc-express
[0;34mℹ️  Starting auto-commit process for bc-express[0m
[2025-09-04 12:55:00] [INFO] No changes detected, skipping commit
[2025-09-04 12:55:00] [INFO] No changes detected, skipping commit
[0;34mℹ️  No changes detected, skipping commit[0m
[2025-09-04 12:55:00] [INFO] Auto-commit process completed
[2025-09-04 12:55:00] [INFO] Auto-commit process completed
[0;34mℹ️  Auto-commit process completed[0m
[2025-09-04 13:00:00] [INFO] Starting auto-commit process for bc-express
[2025-09-04 13:00:00] [INFO] Starting auto-commit process for bc-express
[0;34mℹ️  Starting auto-commit process for bc-express[0m
[2025-09-04 13:00:01] [INFO] No changes detected, skipping commit
[2025-09-04 13:00:01] [INFO] No changes detected, skipping commit
[0;34mℹ️  No changes detected, skipping commit[0m
[2025-09-04 13:00:01] [INFO] Auto-commit process completed
[2025-09-04 13:00:01] [INFO] Auto-commit process completed
[0;34mℹ️  Auto-commit process completed[0m
[2025-09-04 13:05:00] [INFO] Starting auto-commit process for bc-express
[2025-09-04 13:05:00] [INFO] Starting auto-commit process for bc-express
[0;34mℹ️  Starting auto-commit process for bc-express[0m
[2025-09-04 13:05:00] [INFO] No changes detected, skipping commit
[2025-09-04 13:05:00] [INFO] No changes detected, skipping commit
[0;34mℹ️  No changes detected, skipping commit[0m
[2025-09-04 13:05:00] [INFO] Auto-commit process completed
[2025-09-04 13:05:00] [INFO] Auto-commit process completed
[0;34mℹ️  Auto-commit process completed[0m
[2025-09-04 13:10:00] [INFO] Starting auto-commit process for bc-express
[2025-09-04 13:10:00] [INFO] Starting auto-commit process for bc-express
[0;34mℹ️  Starting auto-commit process for bc-express[0m
[2025-09-04 13:10:00] [INFO] No changes detected, skipping commit
[2025-09-04 13:10:00] [INFO] No changes detected, skipping commit
[0;34mℹ️  No changes detected, skipping commit[0m
[2025-09-04 13:10:00] [INFO] Auto-commit process completed
[2025-09-04 13:10:00] [INFO] Auto-commit process completed
[0;34mℹ️  Auto-commit process completed[0m
[2025-09-04 13:15:00] [INFO] Starting auto-commit process for bc-express
[2025-09-04 13:15:00] [INFO] Starting auto-commit process for bc-express
[0;34mℹ️  Starting auto-commit process for bc-express[0m
[2025-09-04 13:15:00] [INFO] No changes detected, skipping commit
[2025-09-04 13:15:00] [INFO] No changes detected, skipping commit
[0;34mℹ️  No changes detected, skipping commit[0m
[2025-09-04 13:15:00] [INFO] Auto-commit process completed
[2025-09-04 13:15:00] [INFO] Auto-commit process completed
[0;34mℹ️  Auto-commit process completed[0m
[2025-09-04 13:20:00] [INFO] Starting auto-commit process for bc-express
[2025-09-04 13:20:00] [INFO] Starting auto-commit process for bc-express
[0;34mℹ️  Starting auto-commit process for bc-express[0m
[2025-09-04 13:20:00] [INFO] No changes detected, skipping commit
[2025-09-04 13:20:00] [INFO] No changes detected, skipping commit
[0;34mℹ️  No changes detected, skipping commit[0m
[2025-09-04 13:20:00] [INFO] Auto-commit process completed
[2025-09-04 13:20:00] [INFO] Auto-commit process completed
[0;34mℹ️  Auto-commit process completed[0m
[2025-09-04 13:25:01] [INFO] Starting auto-commit process for bc-express
[2025-09-04 13:25:01] [INFO] Starting auto-commit process for bc-express
[0;34mℹ️  Starting auto-commit process for bc-express[0m
[2025-09-04 13:25:01] [INFO] No changes detected, skipping commit
[2025-09-04 13:25:01] [INFO] No changes detected, skipping commit
[0;34mℹ️  No changes detected, skipping commit[0m
[2025-09-04 13:25:01] [INFO] Auto-commit process completed
[2025-09-04 13:25:01] [INFO] Auto-commit process completed
[0;34mℹ️  Auto-commit process completed[0m
[2025-09-04 13:30:00] [INFO] Starting auto-commit process for bc-express
[2025-09-04 13:30:00] [INFO] Starting auto-commit process for bc-express
[0;34mℹ️  Starting auto-commit process for bc-express[0m
[2025-09-04 13:30:01] [INFO] No changes detected, skipping commit
[2025-09-04 13:30:01] [INFO] No changes detected, skipping commit
[0;34mℹ️  No changes detected, skipping commit[0m
[2025-09-04 13:30:01] [INFO] Auto-commit process completed
[2025-09-04 13:30:01] [INFO] Auto-commit process completed
[0;34mℹ️  Auto-commit process completed[0m
[2025-09-04 13:35:00] [INFO] Starting auto-commit process for bc-express
[2025-09-04 13:35:00] [INFO] Starting auto-commit process for bc-express
[0;34mℹ️  Starting auto-commit process for bc-express[0m
[2025-09-04 13:35:00] [INFO] No changes detected, skipping commit
[2025-09-04 13:35:00] [INFO] No changes detected, skipping commit
[0;34mℹ️  No changes detected, skipping commit[0m
[2025-09-04 13:35:00] [INFO] Auto-commit process completed
[2025-09-04 13:35:00] [INFO] Auto-commit process completed
[0;34mℹ️  Auto-commit process completed[0m
[2025-09-04 13:40:01] [INFO] Starting auto-commit process for bc-express
[2025-09-04 13:40:01] [INFO] Starting auto-commit process for bc-express
[0;34mℹ️  Starting auto-commit process for bc-express[0m
[2025-09-04 13:40:01] [INFO] No changes detected, skipping commit
[2025-09-04 13:40:01] [INFO] No changes detected, skipping commit
[0;34mℹ️  No changes detected, skipping commit[0m
[2025-09-04 13:40:01] [INFO] Auto-commit process completed
[2025-09-04 13:40:01] [INFO] Auto-commit process completed
[0;34mℹ️  Auto-commit process completed[0m
[2025-09-04 13:45:00] [INFO] Starting auto-commit process for bc-express
[2025-09-04 13:45:00] [INFO] Starting auto-commit process for bc-express
[0;34mℹ️  Starting auto-commit process for bc-express[0m
[2025-09-04 13:45:00] [INFO] No changes detected, skipping commit
[2025-09-04 13:45:00] [INFO] No changes detected, skipping commit
[0;34mℹ️  No changes detected, skipping commit[0m
[2025-09-04 13:45:00] [INFO] Auto-commit process completed
[2025-09-04 13:45:00] [INFO] Auto-commit process completed
[0;34mℹ️  Auto-commit process completed[0m
[2025-09-04 13:50:00] [INFO] Starting auto-commit process for bc-express
[2025-09-04 13:50:00] [INFO] Starting auto-commit process for bc-express
[0;34mℹ️  Starting auto-commit process for bc-express[0m
[2025-09-04 13:50:00] [INFO] No changes detected, skipping commit
[2025-09-04 13:50:00] [INFO] No changes detected, skipping commit
[0;34mℹ️  No changes detected, skipping commit[0m
[2025-09-04 13:50:00] [INFO] Auto-commit process completed
[2025-09-04 13:50:00] [INFO] Auto-commit process completed
[0;34mℹ️  Auto-commit process completed[0m
[2025-09-04 13:55:00] [INFO] Starting auto-commit process for bc-express
[2025-09-04 13:55:00] [INFO] Starting auto-commit process for bc-express
[0;34mℹ️  Starting auto-commit process for bc-express[0m
[2025-09-04 13:55:00] [INFO] No changes detected, skipping commit
[2025-09-04 13:55:00] [INFO] No changes detected, skipping commit
[0;34mℹ️  No changes detected, skipping commit[0m
[2025-09-04 13:55:00] [INFO] Auto-commit process completed
[2025-09-04 13:55:00] [INFO] Auto-commit process completed
[0;34mℹ️  Auto-commit process completed[0m
[2025-09-04 14:00:01] [INFO] Starting auto-commit process for bc-express
[2025-09-04 14:00:01] [INFO] Starting auto-commit process for bc-express
[0;34mℹ️  Starting auto-commit process for bc-express[0m
[2025-09-04 14:00:01] [INFO] No changes detected, skipping commit
[2025-09-04 14:00:01] [INFO] No changes detected, skipping commit
[0;34mℹ️  No changes detected, skipping commit[0m
[2025-09-04 14:00:01] [INFO] Auto-commit process completed
[2025-09-04 14:00:01] [INFO] Auto-commit process completed
[0;34mℹ️  Auto-commit process completed[0m
[2025-09-04 14:05:00] [INFO] Starting auto-commit process for bc-express
[2025-09-04 14:05:00] [INFO] Starting auto-commit process for bc-express
[0;34mℹ️  Starting auto-commit process for bc-express[0m
[2025-09-04 14:05:00] [INFO] No changes detected, skipping commit
[2025-09-04 14:05:00] [INFO] No changes detected, skipping commit
[0;34mℹ️  No changes detected, skipping commit[0m
[2025-09-04 14:05:00] [INFO] Auto-commit process completed
[2025-09-04 14:05:00] [INFO] Auto-commit process completed
[0;34mℹ️  Auto-commit process completed[0m
[2025-09-04 14:10:00] [INFO] Starting auto-commit process for bc-express
[2025-09-04 14:10:00] [INFO] Starting auto-commit process for bc-express
[0;34mℹ️  Starting auto-commit process for bc-express[0m
[2025-09-04 14:10:00] [INFO] No changes detected, skipping commit
[2025-09-04 14:10:00] [INFO] No changes detected, skipping commit
[0;34mℹ️  No changes detected, skipping commit[0m
[2025-09-04 14:10:00] [INFO] Auto-commit process completed
[2025-09-04 14:10:00] [INFO] Auto-commit process completed
[0;34mℹ️  Auto-commit process completed[0m
[2025-09-04 14:15:00] [INFO] Starting auto-commit process for bc-express
[2025-09-04 14:15:00] [INFO] Starting auto-commit process for bc-express
[0;34mℹ️  Starting auto-commit process for bc-express[0m
[2025-09-04 14:15:01] [INFO] No changes detected, skipping commit
[2025-09-04 14:15:01] [INFO] No changes detected, skipping commit
[0;34mℹ️  No changes detected, skipping commit[0m
[2025-09-04 14:15:01] [INFO] Auto-commit process completed
[2025-09-04 14:15:01] [INFO] Auto-commit process completed
[0;34mℹ️  Auto-commit process completed[0m
[2025-09-04 14:20:00] [INFO] Starting auto-commit process for bc-express
[2025-09-04 14:20:00] [INFO] Starting auto-commit process for bc-express
[0;34mℹ️  Starting auto-commit process for bc-express[0m
[2025-09-04 14:20:00] [INFO] No changes detected, skipping commit
[2025-09-04 14:20:00] [INFO] No changes detected, skipping commit
[0;34mℹ️  No changes detected, skipping commit[0m
[2025-09-04 14:20:00] [INFO] Auto-commit process completed
[2025-09-04 14:20:00] [INFO] Auto-commit process completed
[0;34mℹ️  Auto-commit process completed[0m
[2025-09-04 14:25:00] [INFO] Starting auto-commit process for bc-express
[2025-09-04 14:25:00] [INFO] Starting auto-commit process for bc-express
[0;34mℹ️  Starting auto-commit process for bc-express[0m
[2025-09-04 14:25:00] [INFO] No changes detected, skipping commit
[2025-09-04 14:25:00] [INFO] No changes detected, skipping commit
[0;34mℹ️  No changes detected, skipping commit[0m
[2025-09-04 14:25:00] [INFO] Auto-commit process completed
[2025-09-04 14:25:00] [INFO] Auto-commit process completed
[0;34mℹ️  Auto-commit process completed[0m
[2025-09-04 14:30:00] [INFO] Starting auto-commit process for bc-express
[2025-09-04 14:30:00] [INFO] Starting auto-commit process for bc-express
[0;34mℹ️  Starting auto-commit process for bc-express[0m
[2025-09-04 14:30:00] [INFO] No changes detected, skipping commit
[2025-09-04 14:30:00] [INFO] No changes detected, skipping commit
[0;34mℹ️  No changes detected, skipping commit[0m
[2025-09-04 14:30:00] [INFO] Auto-commit process completed
[2025-09-04 14:30:00] [INFO] Auto-commit process completed
[0;34mℹ️  Auto-commit process completed[0m
[2025-09-04 14:35:00] [INFO] Starting auto-commit process for bc-express
[2025-09-04 14:35:00] [INFO] Starting auto-commit process for bc-express
[0;34mℹ️  Starting auto-commit process for bc-express[0m
[2025-09-04 14:35:01] [INFO] No changes detected, skipping commit
[2025-09-04 14:35:01] [INFO] No changes detected, skipping commit
[0;34mℹ️  No changes detected, skipping commit[0m
[2025-09-04 14:35:01] [INFO] Auto-commit process completed
[2025-09-04 14:35:01] [INFO] Auto-commit process completed
[0;34mℹ️  Auto-commit process completed[0m
[2025-09-04 14:40:00] [INFO] Starting auto-commit process for bc-express
[2025-09-04 14:40:00] [INFO] Starting auto-commit process for bc-express
[0;34mℹ️  Starting auto-commit process for bc-express[0m
[2025-09-04 14:40:00] [INFO] No changes detected, skipping commit
[2025-09-04 14:40:00] [INFO] No changes detected, skipping commit
[0;34mℹ️  No changes detected, skipping commit[0m
[2025-09-04 14:40:00] [INFO] Auto-commit process completed
[2025-09-04 14:40:00] [INFO] Auto-commit process completed
[0;34mℹ️  Auto-commit process completed[0m
[2025-09-04 14:45:00] [INFO] Starting auto-commit process for bc-express
[2025-09-04 14:45:00] [INFO] Starting auto-commit process for bc-express
[0;34mℹ️  Starting auto-commit process for bc-express[0m
[2025-09-04 14:45:00] [INFO] No changes detected, skipping commit
[2025-09-04 14:45:00] [INFO] No changes detected, skipping commit
[0;34mℹ️  No changes detected, skipping commit[0m
[2025-09-04 14:45:00] [INFO] Auto-commit process completed
[2025-09-04 14:45:00] [INFO] Auto-commit process completed
[0;34mℹ️  Auto-commit process completed[0m
[2025-09-04 14:50:00] [INFO] Starting auto-commit process for bc-express
[2025-09-04 14:50:00] [INFO] Starting auto-commit process for bc-express
[0;34mℹ️  Starting auto-commit process for bc-express[0m
[2025-09-04 14:50:00] [INFO] No changes detected, skipping commit
[2025-09-04 14:50:00] [INFO] No changes detected, skipping commit
[0;34mℹ️  No changes detected, skipping commit[0m
[2025-09-04 14:50:00] [INFO] Auto-commit process completed
[2025-09-04 14:50:00] [INFO] Auto-commit process completed
[0;34mℹ️  Auto-commit process completed[0m
[2025-09-04 14:55:01] [INFO] Starting auto-commit process for bc-express
[2025-09-04 14:55:01] [INFO] Starting auto-commit process for bc-express
[0;34mℹ️  Starting auto-commit process for bc-express[0m
[2025-09-04 14:55:01] [INFO] No changes detected, skipping commit
[2025-09-04 14:55:01] [INFO] No changes detected, skipping commit
[0;34mℹ️  No changes detected, skipping commit[0m
[2025-09-04 14:55:01] [INFO] Auto-commit process completed
[2025-09-04 14:55:01] [INFO] Auto-commit process completed
[0;34mℹ️  Auto-commit process completed[0m
[2025-09-04 15:00:00] [INFO] Starting auto-commit process for bc-express
[2025-09-04 15:00:00] [INFO] Starting auto-commit process for bc-express
[0;34mℹ️  Starting auto-commit process for bc-express[0m
[2025-09-04 15:00:00] [INFO] No changes detected, skipping commit
[2025-09-04 15:00:00] [INFO] No changes detected, skipping commit
[0;34mℹ️  No changes detected, skipping commit[0m
[2025-09-04 15:00:00] [INFO] Auto-commit process completed
[2025-09-04 15:00:00] [INFO] Auto-commit process completed
[0;34mℹ️  Auto-commit process completed[0m
[2025-09-04 15:05:00] [INFO] Starting auto-commit process for bc-express
[2025-09-04 15:05:00] [INFO] Starting auto-commit process for bc-express
[0;34mℹ️  Starting auto-commit process for bc-express[0m
[2025-09-04 15:05:00] [INFO] No changes detected, skipping commit
[2025-09-04 15:05:00] [INFO] No changes detected, skipping commit
[0;34mℹ️  No changes detected, skipping commit[0m
[2025-09-04 15:05:00] [INFO] Auto-commit process completed
[2025-09-04 15:05:00] [INFO] Auto-commit process completed
[0;34mℹ️  Auto-commit process completed[0m
[2025-09-04 15:10:01] [INFO] Starting auto-commit process for bc-express
[2025-09-04 15:10:01] [INFO] Starting auto-commit process for bc-express
[0;34mℹ️  Starting auto-commit process for bc-express[0m
[2025-09-04 15:10:01] [INFO] No changes detected, skipping commit
[2025-09-04 15:10:01] [INFO] No changes detected, skipping commit
[0;34mℹ️  No changes detected, skipping commit[0m
[2025-09-04 15:10:01] [INFO] Auto-commit process completed
[2025-09-04 15:10:01] [INFO] Auto-commit process completed
[0;34mℹ️  Auto-commit process completed[0m
[2025-09-04 15:15:00] [INFO] Starting auto-commit process for bc-express
[2025-09-04 15:15:00] [INFO] Starting auto-commit process for bc-express
[0;34mℹ️  Starting auto-commit process for bc-express[0m
[2025-09-04 15:15:00] [INFO] No changes detected, skipping commit
[2025-09-04 15:15:00] [INFO] No changes detected, skipping commit
[0;34mℹ️  No changes detected, skipping commit[0m
[2025-09-04 15:15:00] [INFO] Auto-commit process completed
[2025-09-04 15:15:00] [INFO] Auto-commit process completed
[0;34mℹ️  Auto-commit process completed[0m
[2025-09-04 15:20:00] [INFO] Starting auto-commit process for bc-express
[2025-09-04 15:20:00] [INFO] Starting auto-commit process for bc-express
[0;34mℹ️  Starting auto-commit process for bc-express[0m
[2025-09-04 15:20:00] [INFO] No changes detected, skipping commit
[2025-09-04 15:20:00] [INFO] No changes detected, skipping commit
[0;34mℹ️  No changes detected, skipping commit[0m
[2025-09-04 15:20:00] [INFO] Auto-commit process completed
[2025-09-04 15:20:00] [INFO] Auto-commit process completed
[0;34mℹ️  Auto-commit process completed[0m
[2025-09-04 15:25:01] [INFO] Starting auto-commit process for bc-express
[2025-09-04 15:25:01] [INFO] Starting auto-commit process for bc-express
[0;34mℹ️  Starting auto-commit process for bc-express[0m
[2025-09-04 15:25:01] [INFO] No changes detected, skipping commit
[2025-09-04 15:25:01] [INFO] No changes detected, skipping commit
[0;34mℹ️  No changes detected, skipping commit[0m
[2025-09-04 15:25:01] [INFO] Auto-commit process completed
[2025-09-04 15:25:01] [INFO] Auto-commit process completed
[0;34mℹ️  Auto-commit process completed[0m
[2025-09-04 15:30:00] [INFO] Starting auto-commit process for bc-express
[2025-09-04 15:30:00] [INFO] Starting auto-commit process for bc-express
[0;34mℹ️  Starting auto-commit process for bc-express[0m
[2025-09-04 15:30:00] [INFO] No changes detected, skipping commit
[2025-09-04 15:30:00] [INFO] No changes detected, skipping commit
[0;34mℹ️  No changes detected, skipping commit[0m
[2025-09-04 15:30:00] [INFO] Auto-commit process completed
[2025-09-04 15:30:00] [INFO] Auto-commit process completed
[0;34mℹ️  Auto-commit process completed[0m
[2025-09-04 15:35:00] [INFO] Starting auto-commit process for bc-express
[2025-09-04 15:35:00] [INFO] Starting auto-commit process for bc-express
[0;34mℹ️  Starting auto-commit process for bc-express[0m
[2025-09-04 15:35:00] [INFO] No changes detected, skipping commit
[2025-09-04 15:35:00] [INFO] No changes detected, skipping commit
[0;34mℹ️  No changes detected, skipping commit[0m
[2025-09-04 15:35:00] [INFO] Auto-commit process completed
[2025-09-04 15:35:00] [INFO] Auto-commit process completed
[0;34mℹ️  Auto-commit process completed[0m
[2025-09-04 15:40:00] [INFO] Starting auto-commit process for bc-express
[2025-09-04 15:40:00] [INFO] Starting auto-commit process for bc-express
[0;34mℹ️  Starting auto-commit process for bc-express[0m
[2025-09-04 15:40:00] [INFO] No changes detected, skipping commit
[2025-09-04 15:40:00] [INFO] No changes detected, skipping commit
[0;34mℹ️  No changes detected, skipping commit[0m
[2025-09-04 15:40:00] [INFO] Auto-commit process completed
[2025-09-04 15:40:00] [INFO] Auto-commit process completed
[0;34mℹ️  Auto-commit process completed[0m
[2025-09-04 15:45:00] [INFO] Starting auto-commit process for bc-express
[2025-09-04 15:45:00] [INFO] Starting auto-commit process for bc-express
[0;34mℹ️  Starting auto-commit process for bc-express[0m
[2025-09-04 15:45:00] [INFO] No changes detected, skipping commit
[2025-09-04 15:45:00] [INFO] No changes detected, skipping commit
[0;34mℹ️  No changes detected, skipping commit[0m
[2025-09-04 15:45:00] [INFO] Auto-commit process completed
[2025-09-04 15:45:00] [INFO] Auto-commit process completed
[0;34mℹ️  Auto-commit process completed[0m
[2025-09-04 15:50:00] [INFO] Starting auto-commit process for bc-express
[2025-09-04 15:50:00] [INFO] Starting auto-commit process for bc-express
[0;34mℹ️  Starting auto-commit process for bc-express[0m
[2025-09-04 15:50:00] [INFO] No changes detected, skipping commit
[2025-09-04 15:50:00] [INFO] No changes detected, skipping commit
[0;34mℹ️  No changes detected, skipping commit[0m
[2025-09-04 15:50:00] [INFO] Auto-commit process completed
[2025-09-04 15:50:00] [INFO] Auto-commit process completed
[0;34mℹ️  Auto-commit process completed[0m
[2025-09-04 15:55:00] [INFO] Starting auto-commit process for bc-express
[2025-09-04 15:55:00] [INFO] Starting auto-commit process for bc-express
[0;34mℹ️  Starting auto-commit process for bc-express[0m
[2025-09-04 15:55:00] [INFO] No changes detected, skipping commit
[2025-09-04 15:55:00] [INFO] No changes detected, skipping commit
[0;34mℹ️  No changes detected, skipping commit[0m
[2025-09-04 15:55:00] [INFO] Auto-commit process completed
[2025-09-04 15:55:00] [INFO] Auto-commit process completed
[0;34mℹ️  Auto-commit process completed[0m
[2025-09-04 16:00:01] [INFO] Starting auto-commit process for bc-express
[2025-09-04 16:00:01] [INFO] Starting auto-commit process for bc-express
[0;34mℹ️  Starting auto-commit process for bc-express[0m
[2025-09-04 16:00:01] [INFO] No changes detected, skipping commit
[2025-09-04 16:00:01] [INFO] No changes detected, skipping commit
[0;34mℹ️  No changes detected, skipping commit[0m
[2025-09-04 16:00:01] [INFO] Auto-commit process completed
[2025-09-04 16:00:01] [INFO] Auto-commit process completed
[0;34mℹ️  Auto-commit process completed[0m
[2025-09-04 16:05:00] [INFO] Starting auto-commit process for bc-express
[2025-09-04 16:05:00] [INFO] Starting auto-commit process for bc-express
[0;34mℹ️  Starting auto-commit process for bc-express[0m
[2025-09-04 16:05:00] [INFO] No changes detected, skipping commit
[2025-09-04 16:05:00] [INFO] No changes detected, skipping commit
[0;34mℹ️  No changes detected, skipping commit[0m
[2025-09-04 16:05:00] [INFO] Auto-commit process completed
[2025-09-04 16:05:00] [INFO] Auto-commit process completed
[0;34mℹ️  Auto-commit process completed[0m
[2025-09-04 16:10:00] [INFO] Starting auto-commit process for bc-express
[2025-09-04 16:10:00] [INFO] Starting auto-commit process for bc-express
[0;34mℹ️  Starting auto-commit process for bc-express[0m
[2025-09-04 16:10:00] [INFO] No changes detected, skipping commit
[2025-09-04 16:10:00] [INFO] No changes detected, skipping commit
[0;34mℹ️  No changes detected, skipping commit[0m
[2025-09-04 16:10:00] [INFO] Auto-commit process completed
[2025-09-04 16:10:00] [INFO] Auto-commit process completed
[0;34mℹ️  Auto-commit process completed[0m
[2025-09-04 16:15:00] [INFO] Starting auto-commit process for bc-express
[2025-09-04 16:15:00] [INFO] Starting auto-commit process for bc-express
[0;34mℹ️  Starting auto-commit process for bc-express[0m
[2025-09-04 16:15:00] [INFO] No changes detected, skipping commit
[2025-09-04 16:15:00] [INFO] No changes detected, skipping commit
[0;34mℹ️  No changes detected, skipping commit[0m
[2025-09-04 16:15:00] [INFO] Auto-commit process completed
[2025-09-04 16:15:00] [INFO] Auto-commit process completed
[0;34mℹ️  Auto-commit process completed[0m
[2025-09-04 16:20:01] [INFO] Starting auto-commit process for bc-express
[2025-09-04 16:20:01] [INFO] Starting auto-commit process for bc-express
[0;34mℹ️  Starting auto-commit process for bc-express[0m
[2025-09-04 16:20:01] [INFO] No changes detected, skipping commit
[2025-09-04 16:20:01] [INFO] No changes detected, skipping commit
[0;34mℹ️  No changes detected, skipping commit[0m
[2025-09-04 16:20:01] [INFO] Auto-commit process completed
[2025-09-04 16:20:01] [INFO] Auto-commit process completed
[0;34mℹ️  Auto-commit process completed[0m
[2025-09-04 16:25:00] [INFO] Starting auto-commit process for bc-express
[2025-09-04 16:25:00] [INFO] Starting auto-commit process for bc-express
[0;34mℹ️  Starting auto-commit process for bc-express[0m
[2025-09-04 16:25:00] [INFO] No changes detected, skipping commit
[2025-09-04 16:25:00] [INFO] No changes detected, skipping commit
[0;34mℹ️  No changes detected, skipping commit[0m
[2025-09-04 16:25:00] [INFO] Auto-commit process completed
[2025-09-04 16:25:00] [INFO] Auto-commit process completed
[0;34mℹ️  Auto-commit process completed[0m
[2025-09-04 16:30:00] [INFO] Starting auto-commit process for bc-express
[2025-09-04 16:30:00] [INFO] Starting auto-commit process for bc-express
[0;34mℹ️  Starting auto-commit process for bc-express[0m
[2025-09-04 16:30:00] [INFO] No changes detected, skipping commit
[2025-09-04 16:30:00] [INFO] No changes detected, skipping commit
[0;34mℹ️  No changes detected, skipping commit[0m
[2025-09-04 16:30:00] [INFO] Auto-commit process completed
[2025-09-04 16:30:00] [INFO] Auto-commit process completed
[0;34mℹ️  Auto-commit process completed[0m
[2025-09-04 16:35:00] [INFO] Starting auto-commit process for bc-express
[2025-09-04 16:35:00] [INFO] Starting auto-commit process for bc-express
[0;34mℹ️  Starting auto-commit process for bc-express[0m
[2025-09-04 16:35:01] [INFO] No changes detected, skipping commit
[2025-09-04 16:35:01] [INFO] No changes detected, skipping commit
[0;34mℹ️  No changes detected, skipping commit[0m
[2025-09-04 16:35:01] [INFO] Auto-commit process completed
[2025-09-04 16:35:01] [INFO] Auto-commit process completed
[0;34mℹ️  Auto-commit process completed[0m
[2025-09-04 16:40:00] [INFO] Starting auto-commit process for bc-express
[2025-09-04 16:40:00] [INFO] Starting auto-commit process for bc-express
[0;34mℹ️  Starting auto-commit process for bc-express[0m
[2025-09-04 16:40:00] [INFO] No changes detected, skipping commit
[2025-09-04 16:40:00] [INFO] No changes detected, skipping commit
[0;34mℹ️  No changes detected, skipping commit[0m
[2025-09-04 16:40:00] [INFO] Auto-commit process completed
[2025-09-04 16:40:00] [INFO] Auto-commit process completed
[0;34mℹ️  Auto-commit process completed[0m
[2025-09-04 16:45:00] [INFO] Starting auto-commit process for bc-express
[2025-09-04 16:45:00] [INFO] Starting auto-commit process for bc-express
[0;34mℹ️  Starting auto-commit process for bc-express[0m
[2025-09-04 16:45:00] [INFO] No changes detected, skipping commit
[2025-09-04 16:45:00] [INFO] No changes detected, skipping commit
[0;34mℹ️  No changes detected, skipping commit[0m
[2025-09-04 16:45:00] [INFO] Auto-commit process completed
[2025-09-04 16:45:00] [INFO] Auto-commit process completed
[0;34mℹ️  Auto-commit process completed[0m
[2025-09-04 16:50:00] [INFO] Starting auto-commit process for bc-express
[2025-09-04 16:50:00] [INFO] Starting auto-commit process for bc-express
[0;34mℹ️  Starting auto-commit process for bc-express[0m
[2025-09-04 16:50:00] [INFO] No changes detected, skipping commit
[2025-09-04 16:50:00] [INFO] No changes detected, skipping commit
[0;34mℹ️  No changes detected, skipping commit[0m
[2025-09-04 16:50:00] [INFO] Auto-commit process completed
[2025-09-04 16:50:00] [INFO] Auto-commit process completed
[0;34mℹ️  Auto-commit process completed[0m
[2025-09-04 16:55:01] [INFO] Starting auto-commit process for bc-express
[2025-09-04 16:55:01] [INFO] Starting auto-commit process for bc-express
[0;34mℹ️  Starting auto-commit process for bc-express[0m
[2025-09-04 16:55:01] [INFO] No changes detected, skipping commit
[2025-09-04 16:55:01] [INFO] No changes detected, skipping commit
[0;34mℹ️  No changes detected, skipping commit[0m
[2025-09-04 16:55:01] [INFO] Auto-commit process completed
[2025-09-04 16:55:01] [INFO] Auto-commit process completed
[0;34mℹ️  Auto-commit process completed[0m
[2025-09-04 17:00:00] [INFO] Starting auto-commit process for bc-express
[2025-09-04 17:00:00] [INFO] Starting auto-commit process for bc-express
[0;34mℹ️  Starting auto-commit process for bc-express[0m
[2025-09-04 17:00:00] [INFO] No changes detected, skipping commit
[2025-09-04 17:00:00] [INFO] No changes detected, skipping commit
[0;34mℹ️  No changes detected, skipping commit[0m
[2025-09-04 17:00:00] [INFO] Auto-commit process completed
[2025-09-04 17:00:00] [INFO] Auto-commit process completed
[0;34mℹ️  Auto-commit process completed[0m
[2025-09-04 17:05:00] [INFO] Starting auto-commit process for bc-express
[2025-09-04 17:05:00] [INFO] Starting auto-commit process for bc-express
[0;34mℹ️  Starting auto-commit process for bc-express[0m
[2025-09-04 17:05:00] [INFO] No changes detected, skipping commit
[2025-09-04 17:05:00] [INFO] No changes detected, skipping commit
[0;34mℹ️  No changes detected, skipping commit[0m
[2025-09-04 17:05:00] [INFO] Auto-commit process completed
[2025-09-04 17:05:00] [INFO] Auto-commit process completed
[0;34mℹ️  Auto-commit process completed[0m
[2025-09-04 17:10:00] [INFO] Starting auto-commit process for bc-express
[2025-09-04 17:10:00] [INFO] Starting auto-commit process for bc-express
[0;34mℹ️  Starting auto-commit process for bc-express[0m
[2025-09-04 17:10:01] [INFO] No changes detected, skipping commit
[2025-09-04 17:10:01] [INFO] No changes detected, skipping commit
[0;34mℹ️  No changes detected, skipping commit[0m
[2025-09-04 17:10:01] [INFO] Auto-commit process completed
[2025-09-04 17:10:01] [INFO] Auto-commit process completed
[0;34mℹ️  Auto-commit process completed[0m
[2025-09-04 17:15:00] [INFO] Starting auto-commit process for bc-express
[2025-09-04 17:15:00] [INFO] Starting auto-commit process for bc-express
[0;34mℹ️  Starting auto-commit process for bc-express[0m
[2025-09-04 17:15:00] [INFO] No changes detected, skipping commit
[2025-09-04 17:15:00] [INFO] No changes detected, skipping commit
[0;34mℹ️  No changes detected, skipping commit[0m
[2025-09-04 17:15:00] [INFO] Auto-commit process completed
[2025-09-04 17:15:00] [INFO] Auto-commit process completed
[0;34mℹ️  Auto-commit process completed[0m
[2025-09-04 17:20:00] [INFO] Starting auto-commit process for bc-express
[2025-09-04 17:20:00] [INFO] Starting auto-commit process for bc-express
[0;34mℹ️  Starting auto-commit process for bc-express[0m
[2025-09-04 17:20:00] [INFO] No changes detected, skipping commit
[2025-09-04 17:20:00] [INFO] No changes detected, skipping commit
[0;34mℹ️  No changes detected, skipping commit[0m
[2025-09-04 17:20:00] [INFO] Auto-commit process completed
[2025-09-04 17:20:00] [INFO] Auto-commit process completed
[0;34mℹ️  Auto-commit process completed[0m
[2025-09-04 17:25:00] [INFO] Starting auto-commit process for bc-express
[2025-09-04 17:25:00] [INFO] Starting auto-commit process for bc-express
[0;34mℹ️  Starting auto-commit process for bc-express[0m
[2025-09-04 17:25:00] [INFO] No changes detected, skipping commit
[2025-09-04 17:25:00] [INFO] No changes detected, skipping commit
[0;34mℹ️  No changes detected, skipping commit[0m
[2025-09-04 17:25:00] [INFO] Auto-commit process completed
[2025-09-04 17:25:00] [INFO] Auto-commit process completed
[0;34mℹ️  Auto-commit process completed[0m
[2025-09-04 17:30:00] [INFO] Starting auto-commit process for bc-express
[2025-09-04 17:30:00] [INFO] Starting auto-commit process for bc-express
[0;34mℹ️  Starting auto-commit process for bc-express[0m
[2025-09-04 17:30:01] [INFO] No changes detected, skipping commit
[2025-09-04 17:30:01] [INFO] No changes detected, skipping commit
[0;34mℹ️  No changes detected, skipping commit[0m
[2025-09-04 17:30:01] [INFO] Auto-commit process completed
[2025-09-04 17:30:01] [INFO] Auto-commit process completed
[0;34mℹ️  Auto-commit process completed[0m
[2025-09-04 17:35:00] [INFO] Starting auto-commit process for bc-express
[2025-09-04 17:35:00] [INFO] Starting auto-commit process for bc-express
[0;34mℹ️  Starting auto-commit process for bc-express[0m
[2025-09-04 17:35:00] [INFO] No changes detected, skipping commit
[2025-09-04 17:35:00] [INFO] No changes detected, skipping commit
[0;34mℹ️  No changes detected, skipping commit[0m
[2025-09-04 17:35:00] [INFO] Auto-commit process completed
[2025-09-04 17:35:00] [INFO] Auto-commit process completed
[0;34mℹ️  Auto-commit process completed[0m
[2025-09-05 23:10:00] [INFO] Starting auto-commit process for bc-express
[2025-09-05 23:10:00] [INFO] Starting auto-commit process for bc-express
[0;34mℹ️  Starting auto-commit process for bc-express[0m
[2025-09-05 23:10:00] [INFO] No changes detected, skipping commit
[2025-09-05 23:10:00] [INFO] No changes detected, skipping commit
[0;34mℹ️  No changes detected, skipping commit[0m
[2025-09-05 23:10:01] [INFO] Auto-commit process completed
[2025-09-05 23:10:01] [INFO] Auto-commit process completed
[0;34mℹ️  Auto-commit process completed[0m
[2025-09-05 23:15:00] [INFO] Starting auto-commit process for bc-express
[2025-09-05 23:15:00] [INFO] Starting auto-commit process for bc-express
[0;34mℹ️  Starting auto-commit process for bc-express[0m
[2025-09-05 23:15:00] [INFO] No changes detected, skipping commit
[2025-09-05 23:15:00] [INFO] No changes detected, skipping commit
[0;34mℹ️  No changes detected, skipping commit[0m
[2025-09-05 23:15:00] [INFO] Auto-commit process completed
[2025-09-05 23:15:00] [INFO] Auto-commit process completed
[0;34mℹ️  Auto-commit process completed[0m
[2025-09-05 23:20:00] [INFO] Starting auto-commit process for bc-express
[2025-09-05 23:20:00] [INFO] Starting auto-commit process for bc-express
[0;34mℹ️  Starting auto-commit process for bc-express[0m
[2025-09-05 23:20:00] [INFO] No changes detected, skipping commit
[2025-09-05 23:20:00] [INFO] No changes detected, skipping commit
[0;34mℹ️  No changes detected, skipping commit[0m
[2025-09-05 23:20:00] [INFO] Auto-commit process completed
[2025-09-05 23:20:00] [INFO] Auto-commit process completed
[0;34mℹ️  Auto-commit process completed[0m
[2025-09-05 23:25:00] [INFO] Starting auto-commit process for bc-express
[2025-09-05 23:25:00] [INFO] Starting auto-commit process for bc-express
[0;34mℹ️  Starting auto-commit process for bc-express[0m
[2025-09-05 23:25:00] [INFO] No changes detected, skipping commit
[2025-09-05 23:25:00] [INFO] No changes detected, skipping commit
[0;34mℹ️  No changes detected, skipping commit[0m
[2025-09-05 23:25:01] [INFO] Auto-commit process completed
[2025-09-05 23:25:01] [INFO] Auto-commit process completed
[0;34mℹ️  Auto-commit process completed[0m
[2025-09-05 23:30:00] [INFO] Starting auto-commit process for bc-express
[2025-09-05 23:30:00] [INFO] Starting auto-commit process for bc-express
[0;34mℹ️  Starting auto-commit process for bc-express[0m
[2025-09-05 23:30:00] [INFO] No changes detected, skipping commit
[2025-09-05 23:30:00] [INFO] No changes detected, skipping commit
[0;34mℹ️  No changes detected, skipping commit[0m
[2025-09-05 23:30:00] [INFO] Auto-commit process completed
[2025-09-05 23:30:00] [INFO] Auto-commit process completed
[0;34mℹ️  Auto-commit process completed[0m
[2025-09-05 23:35:00] [INFO] Starting auto-commit process for bc-express
[2025-09-05 23:35:00] [INFO] Starting auto-commit process for bc-express
[0;34mℹ️  Starting auto-commit process for bc-express[0m
[2025-09-05 23:35:00] [INFO] No changes detected, skipping commit
[2025-09-05 23:35:00] [INFO] No changes detected, skipping commit
[0;34mℹ️  No changes detected, skipping commit[0m
[2025-09-05 23:35:00] [INFO] Auto-commit process completed
[2025-09-05 23:35:00] [INFO] Auto-commit process completed
[0;34mℹ️  Auto-commit process completed[0m
[2025-09-05 23:40:00] [INFO] Starting auto-commit process for bc-express
[2025-09-05 23:40:00] [INFO] Starting auto-commit process for bc-express
[0;34mℹ️  Starting auto-commit process for bc-express[0m
[2025-09-05 23:40:00] [INFO] No changes detected, skipping commit
[2025-09-05 23:40:00] [INFO] No changes detected, skipping commit
[0;34mℹ️  No changes detected, skipping commit[0m
[2025-09-05 23:40:00] [INFO] Auto-commit process completed
[2025-09-05 23:40:00] [INFO] Auto-commit process completed
[0;34mℹ️  Auto-commit process completed[0m
[2025-09-05 23:45:00] [INFO] Starting auto-commit process for bc-express
[2025-09-05 23:45:00] [INFO] Starting auto-commit process for bc-express
[0;34mℹ️  Starting auto-commit process for bc-express[0m
[2025-09-05 23:45:00] [INFO] No changes detected, skipping commit
[2025-09-05 23:45:00] [INFO] No changes detected, skipping commit
[0;34mℹ️  No changes detected, skipping commit[0m
[2025-09-05 23:45:00] [INFO] Auto-commit process completed
[2025-09-05 23:45:00] [INFO] Auto-commit process completed
[0;34mℹ️  Auto-commit process completed[0m
[2025-09-05 23:50:01] [INFO] Starting auto-commit process for bc-express
[2025-09-05 23:50:01] [INFO] Starting auto-commit process for bc-express
[0;34mℹ️  Starting auto-commit process for bc-express[0m
[2025-09-05 23:50:01] [INFO] No changes detected, skipping commit
[2025-09-05 23:50:01] [INFO] No changes detected, skipping commit
[0;34mℹ️  No changes detected, skipping commit[0m
[2025-09-05 23:50:01] [INFO] Auto-commit process completed
[2025-09-05 23:50:01] [INFO] Auto-commit process completed
[0;34mℹ️  Auto-commit process completed[0m
[2025-09-05 23:55:00] [INFO] Starting auto-commit process for bc-express
[2025-09-05 23:55:00] [INFO] Starting auto-commit process for bc-express
[0;34mℹ️  Starting auto-commit process for bc-express[0m
[2025-09-05 23:55:00] [INFO] No changes detected, skipping commit
[2025-09-05 23:55:00] [INFO] No changes detected, skipping commit
[0;34mℹ️  No changes detected, skipping commit[0m
[2025-09-05 23:55:00] [INFO] Auto-commit process completed
[2025-09-05 23:55:00] [INFO] Auto-commit process completed
[0;34mℹ️  Auto-commit process completed[0m
[2025-09-06 00:00:00] [INFO] Starting auto-commit process for bc-express
[2025-09-06 00:00:00] [INFO] Starting auto-commit process for bc-express
[0;34mℹ️  Starting auto-commit process for bc-express[0m
[2025-09-06 00:00:00] [INFO] No changes detected, skipping commit
[2025-09-06 00:00:00] [INFO] No changes detected, skipping commit
[0;34mℹ️  No changes detected, skipping commit[0m
[2025-09-06 00:00:00] [INFO] Auto-commit process completed
[2025-09-06 00:00:00] [INFO] Auto-commit process completed
[0;34mℹ️  Auto-commit process completed[0m
[2025-09-06 00:05:01] [INFO] Starting auto-commit process for bc-express
[2025-09-06 00:05:01] [INFO] Starting auto-commit process for bc-express
[0;34mℹ️  Starting auto-commit process for bc-express[0m
[2025-09-06 00:05:01] [INFO] No changes detected, skipping commit
[2025-09-06 00:05:01] [INFO] No changes detected, skipping commit
[0;34mℹ️  No changes detected, skipping commit[0m
[2025-09-06 00:05:01] [INFO] Auto-commit process completed
[2025-09-06 00:05:01] [INFO] Auto-commit process completed
[0;34mℹ️  Auto-commit process completed[0m
[2025-09-06 00:10:00] [INFO] Starting auto-commit process for bc-express
[2025-09-06 00:10:00] [INFO] Starting auto-commit process for bc-express
[0;34mℹ️  Starting auto-commit process for bc-express[0m
[2025-09-06 00:10:00] [INFO] No changes detected, skipping commit
[2025-09-06 00:10:00] [INFO] No changes detected, skipping commit
[0;34mℹ️  No changes detected, skipping commit[0m
[2025-09-06 00:10:00] [INFO] Auto-commit process completed
[2025-09-06 00:10:00] [INFO] Auto-commit process completed
[0;34mℹ️  Auto-commit process completed[0m
[2025-09-06 00:15:00] [INFO] Starting auto-commit process for bc-express
[2025-09-06 00:15:00] [INFO] Starting auto-commit process for bc-express
[0;34mℹ️  Starting auto-commit process for bc-express[0m
[2025-09-06 00:15:00] [INFO] No changes detected, skipping commit
[2025-09-06 00:15:00] [INFO] No changes detected, skipping commit
[0;34mℹ️  No changes detected, skipping commit[0m
[2025-09-06 00:15:00] [INFO] Auto-commit process completed
[2025-09-06 00:15:00] [INFO] Auto-commit process completed
[0;34mℹ️  Auto-commit process completed[0m
[2025-09-06 00:20:01] [INFO] Starting auto-commit process for bc-express
[2025-09-06 00:20:01] [INFO] Starting auto-commit process for bc-express
[0;34mℹ️  Starting auto-commit process for bc-express[0m
[2025-09-06 00:20:01] [INFO] No changes detected, skipping commit
[2025-09-06 00:20:01] [INFO] No changes detected, skipping commit
[0;34mℹ️  No changes detected, skipping commit[0m
[2025-09-06 00:20:01] [INFO] Auto-commit process completed
[2025-09-06 00:20:01] [INFO] Auto-commit process completed
[0;34mℹ️  Auto-commit process completed[0m
[2025-09-06 00:25:01] [INFO] Starting auto-commit process for bc-express
[2025-09-06 00:25:01] [INFO] Starting auto-commit process for bc-express
[0;34mℹ️  Starting auto-commit process for bc-express[0m
[2025-09-06 00:25:01] [INFO] No changes detected, skipping commit
[2025-09-06 00:25:01] [INFO] No changes detected, skipping commit
[0;34mℹ️  No changes detected, skipping commit[0m
[2025-09-06 00:25:01] [INFO] Auto-commit process completed
[2025-09-06 00:25:01] [INFO] Auto-commit process completed
[0;34mℹ️  Auto-commit process completed[0m
[2025-09-06 00:30:00] [INFO] Starting auto-commit process for bc-express
[2025-09-06 00:30:00] [INFO] Starting auto-commit process for bc-express
[0;34mℹ️  Starting auto-commit process for bc-express[0m
[2025-09-06 00:30:00] [INFO] No changes detected, skipping commit
[2025-09-06 00:30:00] [INFO] No changes detected, skipping commit
[0;34mℹ️  No changes detected, skipping commit[0m
[2025-09-06 00:30:00] [INFO] Auto-commit process completed
[2025-09-06 00:30:00] [INFO] Auto-commit process completed
[0;34mℹ️  Auto-commit process completed[0m
[2025-09-06 00:35:00] [INFO] Starting auto-commit process for bc-express
[2025-09-06 00:35:00] [INFO] Starting auto-commit process for bc-express
[0;34mℹ️  Starting auto-commit process for bc-express[0m
[2025-09-06 00:35:00] [INFO] No changes detected, skipping commit
[2025-09-06 00:35:00] [INFO] No changes detected, skipping commit
[0;34mℹ️  No changes detected, skipping commit[0m
[2025-09-06 00:35:00] [INFO] Auto-commit process completed
[2025-09-06 00:35:00] [INFO] Auto-commit process completed
[0;34mℹ️  Auto-commit process completed[0m
[2025-09-06 00:40:00] [INFO] Starting auto-commit process for bc-express
[2025-09-06 00:40:00] [INFO] Starting auto-commit process for bc-express
[0;34mℹ️  Starting auto-commit process for bc-express[0m
[2025-09-06 00:40:00] [INFO] No changes detected, skipping commit
[2025-09-06 00:40:00] [INFO] No changes detected, skipping commit
[0;34mℹ️  No changes detected, skipping commit[0m
[2025-09-06 00:40:00] [INFO] Auto-commit process completed
[2025-09-06 00:40:00] [INFO] Auto-commit process completed
[0;34mℹ️  Auto-commit process completed[0m
[2025-09-06 00:45:01] [INFO] Starting auto-commit process for bc-express
[2025-09-06 00:45:01] [INFO] Starting auto-commit process for bc-express
[0;34mℹ️  Starting auto-commit process for bc-express[0m
[2025-09-06 00:45:01] [INFO] No changes detected, skipping commit
[2025-09-06 00:45:01] [INFO] No changes detected, skipping commit
[0;34mℹ️  No changes detected, skipping commit[0m
[2025-09-06 00:45:01] [INFO] Auto-commit process completed
[2025-09-06 00:45:01] [INFO] Auto-commit process completed
[0;34mℹ️  Auto-commit process completed[0m
[2025-09-06 00:50:00] [INFO] Starting auto-commit process for bc-express
[2025-09-06 00:50:00] [INFO] Starting auto-commit process for bc-express
[0;34mℹ️  Starting auto-commit process for bc-express[0m
[2025-09-06 00:50:00] [INFO] No changes detected, skipping commit
[2025-09-06 00:50:00] [INFO] No changes detected, skipping commit
[0;34mℹ️  No changes detected, skipping commit[0m
[2025-09-06 00:50:00] [INFO] Auto-commit process completed
[2025-09-06 00:50:00] [INFO] Auto-commit process completed
[0;34mℹ️  Auto-commit process completed[0m
[2025-09-06 00:55:00] [INFO] Starting auto-commit process for bc-express
[2025-09-06 00:55:00] [INFO] Starting auto-commit process for bc-express
[0;34mℹ️  Starting auto-commit process for bc-express[0m
[2025-09-06 00:55:00] [INFO] No changes detected, skipping commit
[2025-09-06 00:55:00] [INFO] No changes detected, skipping commit
[0;34mℹ️  No changes detected, skipping commit[0m
[2025-09-06 00:55:00] [INFO] Auto-commit process completed
[2025-09-06 00:55:00] [INFO] Auto-commit process completed
[0;34mℹ️  Auto-commit process completed[0m
[2025-09-06 01:00:00] [INFO] Starting auto-commit process for bc-express
[2025-09-06 01:00:00] [INFO] Starting auto-commit process for bc-express
[0;34mℹ️  Starting auto-commit process for bc-express[0m
[2025-09-06 01:00:00] [INFO] No changes detected, skipping commit
[2025-09-06 01:00:00] [INFO] No changes detected, skipping commit
[0;34mℹ️  No changes detected, skipping commit[0m
[2025-09-06 01:00:00] [INFO] Auto-commit process completed
[2025-09-06 01:00:00] [INFO] Auto-commit process completed
[0;34mℹ️  Auto-commit process completed[0m
[2025-09-06 01:05:01] [INFO] Starting auto-commit process for bc-express
[2025-09-06 01:05:01] [INFO] Starting auto-commit process for bc-express
[0;34mℹ️  Starting auto-commit process for bc-express[0m
[2025-09-06 01:05:01] [INFO] No changes detected, skipping commit
[2025-09-06 01:05:01] [INFO] No changes detected, skipping commit
[0;34mℹ️  No changes detected, skipping commit[0m
[2025-09-06 01:05:01] [INFO] Auto-commit process completed
[2025-09-06 01:05:01] [INFO] Auto-commit process completed
[0;34mℹ️  Auto-commit process completed[0m
[2025-09-06 01:10:00] [INFO] Starting auto-commit process for bc-express
[2025-09-06 01:10:00] [INFO] Starting auto-commit process for bc-express
[0;34mℹ️  Starting auto-commit process for bc-express[0m
[2025-09-06 01:10:00] [INFO] No changes detected, skipping commit
[2025-09-06 01:10:00] [INFO] No changes detected, skipping commit
[0;34mℹ️  No changes detected, skipping commit[0m
[2025-09-06 01:10:00] [INFO] Auto-commit process completed
[2025-09-06 01:10:00] [INFO] Auto-commit process completed
[0;34mℹ️  Auto-commit process completed[0m
[2025-09-06 01:15:01] [INFO] Starting auto-commit process for bc-express
[2025-09-06 01:15:01] [INFO] Starting auto-commit process for bc-express
[0;34mℹ️  Starting auto-commit process for bc-express[0m
[2025-09-06 01:15:01] [INFO] No changes detected, skipping commit
[2025-09-06 01:15:01] [INFO] No changes detected, skipping commit
[0;34mℹ️  No changes detected, skipping commit[0m
[2025-09-06 01:15:01] [INFO] Auto-commit process completed
[2025-09-06 01:15:01] [INFO] Auto-commit process completed
[0;34mℹ️  Auto-commit process completed[0m
[2025-09-06 01:20:00] [INFO] Starting auto-commit process for bc-express
[2025-09-06 01:20:00] [INFO] Starting auto-commit process for bc-express
[0;34mℹ️  Starting auto-commit process for bc-express[0m
[2025-09-06 01:20:01] [INFO] No changes detected, skipping commit
[2025-09-06 01:20:01] [INFO] No changes detected, skipping commit
[0;34mℹ️  No changes detected, skipping commit[0m
[2025-09-06 01:20:01] [INFO] Auto-commit process completed
[2025-09-06 01:20:01] [INFO] Auto-commit process completed
[0;34mℹ️  Auto-commit process completed[0m
[2025-09-06 01:25:00] [INFO] Starting auto-commit process for bc-express
[2025-09-06 01:25:00] [INFO] Starting auto-commit process for bc-express
[0;34mℹ️  Starting auto-commit process for bc-express[0m
[2025-09-06 01:25:00] [INFO] No changes detected, skipping commit
[2025-09-06 01:25:00] [INFO] No changes detected, skipping commit
[0;34mℹ️  No changes detected, skipping commit[0m
[2025-09-06 01:25:00] [INFO] Auto-commit process completed
[2025-09-06 01:25:00] [INFO] Auto-commit process completed
[0;34mℹ️  Auto-commit process completed[0m
[2025-09-06 01:30:00] [INFO] Starting auto-commit process for bc-express
[2025-09-06 01:30:00] [INFO] Starting auto-commit process for bc-express
[0;34mℹ️  Starting auto-commit process for bc-express[0m
[2025-09-06 01:30:01] [INFO] No changes detected, skipping commit
[2025-09-06 01:30:01] [INFO] No changes detected, skipping commit
[0;34mℹ️  No changes detected, skipping commit[0m
[2025-09-06 01:30:01] [INFO] Auto-commit process completed
[2025-09-06 01:30:01] [INFO] Auto-commit process completed
[0;34mℹ️  Auto-commit process completed[0m
[2025-09-06 01:35:00] [INFO] Starting auto-commit process for bc-express
[2025-09-06 01:35:00] [INFO] Starting auto-commit process for bc-express
[0;34mℹ️  Starting auto-commit process for bc-express[0m
[2025-09-06 01:35:00] [INFO] No changes detected, skipping commit
[2025-09-06 01:35:00] [INFO] No changes detected, skipping commit
[0;34mℹ️  No changes detected, skipping commit[0m
[2025-09-06 01:35:00] [INFO] Auto-commit process completed
[2025-09-06 01:35:00] [INFO] Auto-commit process completed
[0;34mℹ️  Auto-commit process completed[0m
[2025-09-06 01:40:00] [INFO] Starting auto-commit process for bc-express
[2025-09-06 01:40:00] [INFO] Starting auto-commit process for bc-express
[0;34mℹ️  Starting auto-commit process for bc-express[0m
[2025-09-06 01:40:00] [INFO] No changes detected, skipping commit
[2025-09-06 01:40:00] [INFO] No changes detected, skipping commit
[0;34mℹ️  No changes detected, skipping commit[0m
[2025-09-06 01:40:00] [INFO] Auto-commit process completed
[2025-09-06 01:40:00] [INFO] Auto-commit process completed
[0;34mℹ️  Auto-commit process completed[0m
[2025-09-06 01:45:00] [INFO] Starting auto-commit process for bc-express
[2025-09-06 01:45:00] [INFO] Starting auto-commit process for bc-express
[0;34mℹ️  Starting auto-commit process for bc-express[0m
[2025-09-06 01:45:00] [INFO] No changes detected, skipping commit
[2025-09-06 01:45:00] [INFO] No changes detected, skipping commit
[0;34mℹ️  No changes detected, skipping commit[0m
[2025-09-06 01:45:00] [INFO] Auto-commit process completed
[2025-09-06 01:45:00] [INFO] Auto-commit process completed
[0;34mℹ️  Auto-commit process completed[0m
[2025-09-06 01:50:01] [INFO] Starting auto-commit process for bc-express
[2025-09-06 01:50:01] [INFO] Starting auto-commit process for bc-express
[0;34mℹ️  Starting auto-commit process for bc-express[0m
[2025-09-06 01:50:01] [INFO] No changes detected, skipping commit
[2025-09-06 01:50:01] [INFO] No changes detected, skipping commit
[0;34mℹ️  No changes detected, skipping commit[0m
[2025-09-06 01:50:01] [INFO] Auto-commit process completed
[2025-09-06 01:50:01] [INFO] Auto-commit process completed
[0;34mℹ️  Auto-commit process completed[0m
[2025-09-06 01:55:00] [INFO] Starting auto-commit process for bc-express
[2025-09-06 01:55:00] [INFO] Starting auto-commit process for bc-express
[0;34mℹ️  Starting auto-commit process for bc-express[0m
[2025-09-06 01:55:00] [INFO] No changes detected, skipping commit
[2025-09-06 01:55:00] [INFO] No changes detected, skipping commit
[0;34mℹ️  No changes detected, skipping commit[0m
[2025-09-06 01:55:00] [INFO] Auto-commit process completed
[2025-09-06 01:55:00] [INFO] Auto-commit process completed
[0;34mℹ️  Auto-commit process completed[0m
[2025-09-06 02:00:01] [INFO] Starting auto-commit process for bc-express
[2025-09-06 02:00:01] [INFO] Starting auto-commit process for bc-express
[0;34mℹ️  Starting auto-commit process for bc-express[0m
[2025-09-06 02:00:01] [INFO] No changes detected, skipping commit
[2025-09-06 02:00:01] [INFO] No changes detected, skipping commit
[0;34mℹ️  No changes detected, skipping commit[0m
[2025-09-06 02:00:01] [INFO] Auto-commit process completed
[2025-09-06 02:00:01] [INFO] Auto-commit process completed
[0;34mℹ️  Auto-commit process completed[0m
[2025-09-06 02:05:00] [INFO] Starting auto-commit process for bc-express
[2025-09-06 02:05:00] [INFO] Starting auto-commit process for bc-express
[0;34mℹ️  Starting auto-commit process for bc-express[0m
[2025-09-06 02:05:00] [INFO] No changes detected, skipping commit
[2025-09-06 02:05:00] [INFO] No changes detected, skipping commit
[0;34mℹ️  No changes detected, skipping commit[0m
[2025-09-06 02:05:00] [INFO] Auto-commit process completed
[2025-09-06 02:05:00] [INFO] Auto-commit process completed
[0;34mℹ️  Auto-commit process completed[0m
[2025-09-06 02:10:01] [INFO] Starting auto-commit process for bc-express
[2025-09-06 02:10:01] [INFO] Starting auto-commit process for bc-express
[0;34mℹ️  Starting auto-commit process for bc-express[0m
[2025-09-06 02:10:01] [INFO] No changes detected, skipping commit
[2025-09-06 02:10:01] [INFO] No changes detected, skipping commit
[0;34mℹ️  No changes detected, skipping commit[0m
[2025-09-06 02:10:01] [INFO] Auto-commit process completed
[2025-09-06 02:10:01] [INFO] Auto-commit process completed
[0;34mℹ️  Auto-commit process completed[0m
[2025-09-06 02:15:01] [INFO] Starting auto-commit process for bc-express
[2025-09-06 02:15:01] [INFO] Starting auto-commit process for bc-express
[0;34mℹ️  Starting auto-commit process for bc-express[0m
[2025-09-06 02:15:01] [INFO] No changes detected, skipping commit
[2025-09-06 02:15:01] [INFO] No changes detected, skipping commit
[0;34mℹ️  No changes detected, skipping commit[0m
[2025-09-06 02:15:01] [INFO] Auto-commit process completed
[2025-09-06 02:15:01] [INFO] Auto-commit process completed
[0;34mℹ️  Auto-commit process completed[0m
[2025-09-06 02:20:00] [INFO] Starting auto-commit process for bc-express
[2025-09-06 02:20:00] [INFO] Starting auto-commit process for bc-express
[0;34mℹ️  Starting auto-commit process for bc-express[0m
[2025-09-06 02:20:00] [INFO] No changes detected, skipping commit
[2025-09-06 02:20:00] [INFO] No changes detected, skipping commit
[0;34mℹ️  No changes detected, skipping commit[0m
[2025-09-06 02:20:01] [INFO] Auto-commit process completed
[2025-09-06 02:20:01] [INFO] Auto-commit process completed
[0;34mℹ️  Auto-commit process completed[0m
[2025-09-06 02:25:00] [INFO] Starting auto-commit process for bc-express
[2025-09-06 02:25:00] [INFO] Starting auto-commit process for bc-express
[0;34mℹ️  Starting auto-commit process for bc-express[0m
[2025-09-06 02:25:00] [INFO] No changes detected, skipping commit
[2025-09-06 02:25:00] [INFO] No changes detected, skipping commit
[0;34mℹ️  No changes detected, skipping commit[0m
[2025-09-06 02:25:00] [INFO] Auto-commit process completed
[2025-09-06 02:25:00] [INFO] Auto-commit process completed
[0;34mℹ️  Auto-commit process completed[0m
[2025-09-06 02:30:01] [INFO] Starting auto-commit process for bc-express
[2025-09-06 02:30:01] [INFO] Starting auto-commit process for bc-express
[0;34mℹ️  Starting auto-commit process for bc-express[0m
[2025-09-06 02:30:02] [INFO] No changes detected, skipping commit
[2025-09-06 02:30:02] [INFO] No changes detected, skipping commit
[0;34mℹ️  No changes detected, skipping commit[0m
[2025-09-06 02:30:02] [INFO] Auto-commit process completed
[2025-09-06 02:30:02] [INFO] Auto-commit process completed
[0;34mℹ️  Auto-commit process completed[0m
[2025-09-06 02:35:00] [INFO] Starting auto-commit process for bc-express
[2025-09-06 02:35:00] [INFO] Starting auto-commit process for bc-express
[0;34mℹ️  Starting auto-commit process for bc-express[0m
[2025-09-06 02:35:00] [INFO] No changes detected, skipping commit
[2025-09-06 02:35:00] [INFO] No changes detected, skipping commit
[0;34mℹ️  No changes detected, skipping commit[0m
[2025-09-06 02:35:00] [INFO] Auto-commit process completed
[2025-09-06 02:35:00] [INFO] Auto-commit process completed
[0;34mℹ️  Auto-commit process completed[0m
[2025-09-06 02:40:01] [INFO] Starting auto-commit process for bc-express
[2025-09-06 02:40:01] [INFO] Starting auto-commit process for bc-express
[0;34mℹ️  Starting auto-commit process for bc-express[0m
[2025-09-06 02:40:01] [INFO] No changes detected, skipping commit
[2025-09-06 02:40:01] [INFO] No changes detected, skipping commit
[0;34mℹ️  No changes detected, skipping commit[0m
[2025-09-06 02:40:01] [INFO] Auto-commit process completed
[2025-09-06 02:40:01] [INFO] Auto-commit process completed
[0;34mℹ️  Auto-commit process completed[0m
[2025-09-06 02:45:01] [INFO] Starting auto-commit process for bc-express
[2025-09-06 02:45:01] [INFO] Starting auto-commit process for bc-express
[0;34mℹ️  Starting auto-commit process for bc-express[0m
[2025-09-06 02:45:01] [INFO] No changes detected, skipping commit
[2025-09-06 02:45:01] [INFO] No changes detected, skipping commit
[0;34mℹ️  No changes detected, skipping commit[0m
[2025-09-06 02:45:01] [INFO] Auto-commit process completed
[2025-09-06 02:45:01] [INFO] Auto-commit process completed
[0;34mℹ️  Auto-commit process completed[0m
[2025-09-06 02:50:00] [INFO] Starting auto-commit process for bc-express
[2025-09-06 02:50:00] [INFO] Starting auto-commit process for bc-express
[0;34mℹ️  Starting auto-commit process for bc-express[0m
[2025-09-06 02:50:01] [INFO] No changes detected, skipping commit
[2025-09-06 02:50:01] [INFO] No changes detected, skipping commit
[0;34mℹ️  No changes detected, skipping commit[0m
[2025-09-06 02:50:01] [INFO] Auto-commit process completed
[2025-09-06 02:50:01] [INFO] Auto-commit process completed
[0;34mℹ️  Auto-commit process completed[0m
[2025-09-06 02:55:00] [INFO] Starting auto-commit process for bc-express
[2025-09-06 02:55:00] [INFO] Starting auto-commit process for bc-express
[0;34mℹ️  Starting auto-commit process for bc-express[0m
[2025-09-06 02:55:00] [INFO] No changes detected, skipping commit
[2025-09-06 02:55:00] [INFO] No changes detected, skipping commit
[0;34mℹ️  No changes detected, skipping commit[0m
[2025-09-06 02:55:00] [INFO] Auto-commit process completed
[2025-09-06 02:55:00] [INFO] Auto-commit process completed
[0;34mℹ️  Auto-commit process completed[0m
[2025-09-06 03:00:01] [INFO] Starting auto-commit process for bc-express
[2025-09-06 03:00:01] [INFO] Starting auto-commit process for bc-express
[0;34mℹ️  Starting auto-commit process for bc-express[0m
[2025-09-06 03:00:01] [INFO] No changes detected, skipping commit
[2025-09-06 03:00:01] [INFO] No changes detected, skipping commit
[0;34mℹ️  No changes detected, skipping commit[0m
[2025-09-06 03:00:01] [INFO] Auto-commit process completed
[2025-09-06 03:00:01] [INFO] Auto-commit process completed
[0;34mℹ️  Auto-commit process completed[0m
[2025-09-06 03:05:00] [INFO] Starting auto-commit process for bc-express
[2025-09-06 03:05:00] [INFO] Starting auto-commit process for bc-express
[0;34mℹ️  Starting auto-commit process for bc-express[0m
[2025-09-06 03:05:00] [INFO] No changes detected, skipping commit
[2025-09-06 03:05:00] [INFO] No changes detected, skipping commit
[0;34mℹ️  No changes detected, skipping commit[0m
[2025-09-06 03:05:01] [INFO] Auto-commit process completed
[2025-09-06 03:05:01] [INFO] Auto-commit process completed
[0;34mℹ️  Auto-commit process completed[0m
[2025-09-06 03:10:00] [INFO] Starting auto-commit process for bc-express
[2025-09-06 03:10:00] [INFO] Starting auto-commit process for bc-express
[0;34mℹ️  Starting auto-commit process for bc-express[0m
[2025-09-06 03:10:00] [INFO] No changes detected, skipping commit
[2025-09-06 03:10:00] [INFO] No changes detected, skipping commit
[0;34mℹ️  No changes detected, skipping commit[0m
[2025-09-06 03:10:00] [INFO] Auto-commit process completed
[2025-09-06 03:10:00] [INFO] Auto-commit process completed
[0;34mℹ️  Auto-commit process completed[0m
[2025-09-06 03:15:01] [INFO] Starting auto-commit process for bc-express
[2025-09-06 03:15:01] [INFO] Starting auto-commit process for bc-express
[0;34mℹ️  Starting auto-commit process for bc-express[0m
[2025-09-06 03:15:01] [INFO] No changes detected, skipping commit
[2025-09-06 03:15:01] [INFO] No changes detected, skipping commit
[0;34mℹ️  No changes detected, skipping commit[0m
[2025-09-06 03:15:01] [INFO] Auto-commit process completed
[2025-09-06 03:15:01] [INFO] Auto-commit process completed
[0;34mℹ️  Auto-commit process completed[0m
[2025-09-06 03:20:00] [INFO] Starting auto-commit process for bc-express
[2025-09-06 03:20:00] [INFO] Starting auto-commit process for bc-express
[0;34mℹ️  Starting auto-commit process for bc-express[0m
[2025-09-06 03:20:00] [INFO] No changes detected, skipping commit
[2025-09-06 03:20:00] [INFO] No changes detected, skipping commit
[0;34mℹ️  No changes detected, skipping commit[0m
[2025-09-06 03:20:00] [INFO] Auto-commit process completed
[2025-09-06 03:20:00] [INFO] Auto-commit process completed
[0;34mℹ️  Auto-commit process completed[0m
[2025-09-06 03:25:01] [INFO] Starting auto-commit process for bc-express
[2025-09-06 03:25:01] [INFO] Starting auto-commit process for bc-express
[0;34mℹ️  Starting auto-commit process for bc-express[0m
[2025-09-06 03:25:01] [INFO] No changes detected, skipping commit
[2025-09-06 03:25:01] [INFO] No changes detected, skipping commit
[0;34mℹ️  No changes detected, skipping commit[0m
[2025-09-06 03:25:01] [INFO] Auto-commit process completed
[2025-09-06 03:25:01] [INFO] Auto-commit process completed
[0;34mℹ️  Auto-commit process completed[0m
[2025-09-06 03:30:01] [INFO] Starting auto-commit process for bc-express
[2025-09-06 03:30:01] [INFO] Starting auto-commit process for bc-express
[0;34mℹ️  Starting auto-commit process for bc-express[0m
[2025-09-06 03:30:01] [INFO] No changes detected, skipping commit
[2025-09-06 03:30:01] [INFO] No changes detected, skipping commit
[0;34mℹ️  No changes detected, skipping commit[0m
[2025-09-06 03:30:01] [INFO] Auto-commit process completed
[2025-09-06 03:30:01] [INFO] Auto-commit process completed
[0;34mℹ️  Auto-commit process completed[0m
[2025-09-06 03:35:00] [INFO] Starting auto-commit process for bc-express
[2025-09-06 03:35:00] [INFO] Starting auto-commit process for bc-express
[0;34mℹ️  Starting auto-commit process for bc-express[0m
[2025-09-06 03:35:00] [INFO] No changes detected, skipping commit
[2025-09-06 03:35:00] [INFO] No changes detected, skipping commit
[0;34mℹ️  No changes detected, skipping commit[0m
[2025-09-06 03:35:00] [INFO] Auto-commit process completed
[2025-09-06 03:35:00] [INFO] Auto-commit process completed
[0;34mℹ️  Auto-commit process completed[0m
[2025-09-06 03:40:01] [INFO] Starting auto-commit process for bc-express
[2025-09-06 03:40:01] [INFO] Starting auto-commit process for bc-express
[0;34mℹ️  Starting auto-commit process for bc-express[0m
[2025-09-06 03:40:01] [INFO] No changes detected, skipping commit
[2025-09-06 03:40:01] [INFO] No changes detected, skipping commit
[0;34mℹ️  No changes detected, skipping commit[0m
[2025-09-06 03:40:01] [INFO] Auto-commit process completed
[2025-09-06 03:40:01] [INFO] Auto-commit process completed
[0;34mℹ️  Auto-commit process completed[0m
[2025-09-06 03:45:00] [INFO] Starting auto-commit process for bc-express
[2025-09-06 03:45:00] [INFO] Starting auto-commit process for bc-express
[0;34mℹ️  Starting auto-commit process for bc-express[0m
[2025-09-06 03:45:01] [INFO] No changes detected, skipping commit
[2025-09-06 03:45:01] [INFO] No changes detected, skipping commit
[0;34mℹ️  No changes detected, skipping commit[0m
[2025-09-06 03:45:01] [INFO] Auto-commit process completed
[2025-09-06 03:45:01] [INFO] Auto-commit process completed
[0;34mℹ️  Auto-commit process completed[0m
[2025-09-06 03:50:00] [INFO] Starting auto-commit process for bc-express
[2025-09-06 03:50:00] [INFO] Starting auto-commit process for bc-express
[0;34mℹ️  Starting auto-commit process for bc-express[0m
[2025-09-06 03:50:00] [INFO] No changes detected, skipping commit
[2025-09-06 03:50:00] [INFO] No changes detected, skipping commit
[0;34mℹ️  No changes detected, skipping commit[0m
[2025-09-06 03:50:00] [INFO] Auto-commit process completed
[2025-09-06 03:50:00] [INFO] Auto-commit process completed
[0;34mℹ️  Auto-commit process completed[0m
[2025-09-06 03:55:01] [INFO] Starting auto-commit process for bc-express
[2025-09-06 03:55:01] [INFO] Starting auto-commit process for bc-express
[0;34mℹ️  Starting auto-commit process for bc-express[0m
[2025-09-06 03:55:01] [INFO] No changes detected, skipping commit
[2025-09-06 03:55:01] [INFO] No changes detected, skipping commit
[0;34mℹ️  No changes detected, skipping commit[0m
[2025-09-06 03:55:01] [INFO] Auto-commit process completed
[2025-09-06 03:55:01] [INFO] Auto-commit process completed
[0;34mℹ️  Auto-commit process completed[0m
[2025-09-06 04:00:00] [INFO] Starting auto-commit process for bc-express
[2025-09-06 04:00:00] [INFO] Starting auto-commit process for bc-express
[0;34mℹ️  Starting auto-commit process for bc-express[0m
[2025-09-06 04:00:01] [INFO] No changes detected, skipping commit
[2025-09-06 04:00:01] [INFO] No changes detected, skipping commit
[0;34mℹ️  No changes detected, skipping commit[0m
[2025-09-06 04:00:01] [INFO] Auto-commit process completed
[2025-09-06 04:00:01] [INFO] Auto-commit process completed
[0;34mℹ️  Auto-commit process completed[0m
[2025-09-06 04:05:00] [INFO] Starting auto-commit process for bc-express
[2025-09-06 04:05:00] [INFO] Starting auto-commit process for bc-express
[0;34mℹ️  Starting auto-commit process for bc-express[0m
[2025-09-06 04:05:01] [INFO] No changes detected, skipping commit
[2025-09-06 04:05:01] [INFO] No changes detected, skipping commit
[0;34mℹ️  No changes detected, skipping commit[0m
[2025-09-06 04:05:01] [INFO] Auto-commit process completed
[2025-09-06 04:05:01] [INFO] Auto-commit process completed
[0;34mℹ️  Auto-commit process completed[0m
[2025-09-06 04:10:01] [INFO] Starting auto-commit process for bc-express
[2025-09-06 04:10:01] [INFO] Starting auto-commit process for bc-express
[0;34mℹ️  Starting auto-commit process for bc-express[0m
[2025-09-06 04:10:01] [INFO] No changes detected, skipping commit
[2025-09-06 04:10:01] [INFO] No changes detected, skipping commit
[0;34mℹ️  No changes detected, skipping commit[0m
[2025-09-06 04:10:01] [INFO] Auto-commit process completed
[2025-09-06 04:10:01] [INFO] Auto-commit process completed
[0;34mℹ️  Auto-commit process completed[0m
[2025-09-06 04:15:01] [INFO] Starting auto-commit process for bc-express
[2025-09-06 04:15:01] [INFO] Starting auto-commit process for bc-express
[0;34mℹ️  Starting auto-commit process for bc-express[0m
[2025-09-06 04:15:01] [INFO] No changes detected, skipping commit
[2025-09-06 04:15:01] [INFO] No changes detected, skipping commit
[0;34mℹ️  No changes detected, skipping commit[0m
[2025-09-06 04:15:01] [INFO] Auto-commit process completed
[2025-09-06 04:15:01] [INFO] Auto-commit process completed
[0;34mℹ️  Auto-commit process completed[0m
[2025-09-06 04:20:01] [INFO] Starting auto-commit process for bc-express
[2025-09-06 04:20:01] [INFO] Starting auto-commit process for bc-express
[0;34mℹ️  Starting auto-commit process for bc-express[0m
[2025-09-06 04:20:01] [INFO] No changes detected, skipping commit
[2025-09-06 04:20:01] [INFO] No changes detected, skipping commit
[0;34mℹ️  No changes detected, skipping commit[0m
[2025-09-06 04:20:01] [INFO] Auto-commit process completed
[2025-09-06 04:20:01] [INFO] Auto-commit process completed
[0;34mℹ️  Auto-commit process completed[0m
[2025-09-06 04:25:00] [INFO] Starting auto-commit process for bc-express
[2025-09-06 04:25:00] [INFO] Starting auto-commit process for bc-express
[0;34mℹ️  Starting auto-commit process for bc-express[0m
[2025-09-06 04:25:00] [INFO] No changes detected, skipping commit
[2025-09-06 04:25:00] [INFO] No changes detected, skipping commit
[0;34mℹ️  No changes detected, skipping commit[0m
[2025-09-06 04:25:00] [INFO] Auto-commit process completed
[2025-09-06 04:25:00] [INFO] Auto-commit process completed
[0;34mℹ️  Auto-commit process completed[0m
